alpha,seed,lag,degree,theory,real,imag
0.25,20260906,1,1,-0.5,-0.4967529272173851,-0.00031152815779369596
0.25,20260906,1,2,0.25,0.2494362097230851,-0.004653684849508614
0.25,20260906,1,4,0.0625,0.0655803176972201,0.00559214605117151
0.25,20260906,2,1,0.25,0.2464739687916242,-0.006609895228100629
0.25,20260906,2,2,0.0625,0.05894247602286826,-0.013019866865654671
0.25,20260906,2,4,0.00390625,0.0006272206454775161,-0.00661119459899033
0.25,20260906,3,1,-0.125,-0.1227591933163866,0.0047385766367180285
0.25,20260906,3,2,0.015625,0.013539066126079642,-0.002852967232572187
0.25,20260906,3,4,0.000244140625,0.002015179367523212,-0.0054920861388615995
0.25,20260907,1,1,-0.5,-0.5066567550666198,0.0007351521379246404
0.25,20260907,1,2,0.25,0.24629087659104698,0.004420391158547956
0.25,20260907,1,4,0.0625,0.06014395822074722,-0.004815128057729873
0.25,20260907,2,1,0.25,0.24998087211811498,0.005480212522998336
0.25,20260907,2,2,0.0625,0.058159799661502636,0.011515719802179232
0.25,20260907,2,4,0.00390625,0.0018179017565391857,0.006124974674820538
0.25,20260907,3,1,-0.125,-0.11810299741582352,-0.008457952952568905
0.25,20260907,3,2,0.015625,0.019963665143116503,-0.0012993628736247703
0.25,20260907,3,4,0.000244140625,0.004314665158859553,-0.007771893731272322
0.25,20260908,1,1,-0.5,-0.490911305044656,0.005687689238401684
0.25,20260908,1,2,0.25,0.2477838155168853,0.000849133477937822
0.25,20260908,1,4,0.0625,0.07151087769848809,0.000938991146318486
0.25,20260908,2,1,0.25,0.23861642112755954,-0.003154848191248549
0.25,20260908,2,2,0.0625,0.05183619395211221,0.001442759118747618
0.25,20260908,2,4,0.00390625,-0.0005612146859658414,-0.00029339990717340884
0.25,20260908,3,1,-0.125,-0.11823840996340523,0.006697416867273842
0.25,20260908,3,2,0.015625,0.02036689114265678,0.012353243512270152
0.25,20260908,3,4,0.000244140625,-0.005452119233082696,-0.005781810801386642
0.25,20260909,1,1,-0.5,-0.4995174125709348,-0.003610625418798588
0.25,20260909,1,2,0.25,0.24989301533629307,-0.0020005227526585516
0.25,20260909,1,4,0.0625,0.06310846561391681,0.00013856575441803645
0.25,20260909,2,1,0.25,0.24862574756349073,0.0007475741562895789
0.25,20260909,2,2,0.0625,0.06091596553690214,-0.0040882946620141225
0.25,20260909,2,4,0.00390625,0.008202169792144574,-0.006660843366075305
0.25,20260909,3,1,-0.125,-0.12938379467519084,0.0029460236434506295
0.25,20260909,3,2,0.015625,0.016492008161894604,-0.00677054006672622
0.25,20260909,3,4,0.000244140625,0.00498124813550764,-0.0052602516899515036
0.25,20260910,1,1,-0.5,-0.4996757396475392,-0.0014201356909412082
0.25,20260910,1,2,0.25,0.24956776726486726,0.0019692044042494915
0.25,20260910,1,4,0.0625,0.05980558244260266,-0.006530533480948194
0.25,20260910,2,1,0.25,0.2469064754624526,0.0019520611509051152
0.25,20260910,2,2,0.0625,0.06305195774070876,0.008676561932348007
0.25,20260910,2,4,0.00390625,0.004285864359566617,0.000769994723518053
0.25,20260910,3,1,-0.125,-0.12219755167904124,-0.0006561464349229243
0.25,20260910,3,2,0.015625,0.015399155567531684,0.0038740404534169286
0.25,20260910,3,4,0.000244140625,0.009451846141953787,-0.006796167351399705
0.25,20260911,1,1,-0.5,-0.5036575908895231,-0.004164644455354201
0.25,20260911,1,2,0.25,0.24509163828170635,0.0015027519359363747
0.25,20260911,1,4,0.0625,0.06181004969194482,-0.005889139518627821
0.25,20260911,2,1,0.25,0.24259211812385034,0.006230030363212286
0.25,20260911,2,2,0.0625,0.053627355003573116,0.008239883456138514
0.25,20260911,2,4,0.00390625,-0.0009191542971727342,0.008214409535347864
0.25,20260911,3,1,-0.125,-0.11815446479160757,0.0009737926699434048
0.25,20260911,3,2,0.015625,0.01976031564501139,0.011255121725152233
0.25,20260911,3,4,0.000244140625,-0.0027141590260089748,0.002813705660683298
0.25,20260912,1,1,-0.5,-0.5080311669830614,0.0016499517566144063
0.25,20260912,1,2,0.25,0.24823587964828192,-0.0008282844444536485
0.25,20260912,1,4,0.0625,0.06363266602369501,0.003203923004506808
0.25,20260912,2,1,0.25,0.25695955931543735,-0.0018948995067898853
0.25,20260912,2,2,0.0625,0.059342681935839046,-0.004271467470519976
0.25,20260912,2,4,0.00390625,0.002892848086021787,-0.0004734560304004902
0.25,20260912,3,1,-0.125,-0.12901400023181012,-0.002593423795521779
0.25,20260912,3,2,0.015625,0.014936050090318766,-0.004108340762533752
0.25,20260912,3,4,0.000244140625,0.002201673967074046,-0.004854962877530954
0.25,20260913,1,1,-0.5,-0.5091451213531913,0.001833661437106721
0.25,20260913,1,2,0.25,0.25104959118658066,-0.00022965181844585722
0.25,20260913,1,4,0.0625,0.054187565104709186,-0.002532243091388248
0.25,20260913,2,1,0.25,0.25930176068109545,-0.005430041328478184
0.25,20260913,2,2,0.0625,0.0707860512889304,0.0011168270838450077
0.25,20260913,2,4,0.00390625,0.014722663128127268,-2.6483544372607424e-05
0.25,20260913,3,1,-0.125,-0.13175550354118598,0.003338864125328353
0.25,20260913,3,2,0.015625,0.023194628047752915,0.002928694479365795
0.25,20260913,3,4,0.000244140625,-0.005548716732084392,0.0017067555684463997
0.25,20260914,1,1,-0.5,-0.5014406979836056,0.0004435550772411226
0.25,20260914,1,2,0.25,0.24846485024256945,-0.002514614264260217
0.25,20260914,1,4,0.0625,0.06115863225190243,0.008302549117556669
0.25,20260914,2,1,0.25,0.24767987841145778,-0.0002377821104329487
0.25,20260914,2,2,0.0625,0.06136443552812441,-0.010551068242905186
0.25,20260914,2,4,0.00390625,-0.007953703388203273,0.00508175671014063
0.25,20260914,3,1,-0.125,-0.11389344294045971,-0.002270844729048492
0.25,20260914,3,2,0.015625,0.01886000991222144,0.000996884694688263
0.25,20260914,3,4,0.000244140625,0.0036940654845222416,0.005360599931619308
0.25,20260915,1,1,-0.5,-0.49870101838780656,-0.001336254645861349
0.25,20260915,1,2,0.25,0.2535682332544682,-0.0033343702556175264
0.25,20260915,1,4,0.0625,0.06433543850429901,0.014203518837618364
0.25,20260915,2,1,0.25,0.258491506407198,0.00310135618158978
0.25,20260915,2,2,0.0625,0.06896374311976493,-0.015925969183284608
0.25,20260915,2,4,0.00390625,0.01132294190106812,0.0009349690843804107
0.25,20260915,3,1,-0.125,-0.1313254725652501,-0.010661949100340498
0.25,20260915,3,2,0.015625,0.019924245194766304,-0.00977967998152906
0.25,20260915,3,4,0.000244140625,-0.005914607432248941,-0.004504281041570735
0.25,20260916,1,1,-0.5,-0.5036524054826805,0.003955576801860316
0.25,20260916,1,2,0.25,0.24592683595550957,-0.007939134374037645
0.25,20260916,1,4,0.0625,0.06496072955063381,0.011963408201875676
0.25,20260916,2,1,0.25,0.2476597994491656,-0.015194815648378036
0.25,20260916,2,2,0.0625,0.05376353530865052,-0.024293585228751607
0.25,20260916,2,4,0.00390625,0.0010956560048550374,-0.013532111916445192
0.25,20260916,3,1,-0.125,-0.1218127772666474,0.008855009503252
0.25,20260916,3,2,0.015625,0.013516172892559459,-0.005539509988221395
0.25,20260916,3,4,0.000244140625,-0.002118255975841929,0.0005362503223030957
0.25,20260917,1,1,-0.5,-0.5021980573010907,0.0027469849191842505
0.25,20260917,1,2,0.25,0.2542397622621161,-0.0004400211873155339
0.25,20260917,1,4,0.0625,0.05734032795553134,-0.00016896286169190778
0.25,20260917,2,1,0.25,0.2569956515113467,-0.005444521668964167
0.25,20260917,2,2,0.0625,0.0739870350169546,-0.0011786524477739495
0.25,20260917,2,4,0.00390625,0.00678283812639817,-0.0053853172303170455
0.25,20260917,3,1,-0.125,-0.1348631678328721,0.0016897244234812777
0.25,20260917,3,2,0.015625,0.010984900254099724,-0.003257171393422618
0.25,20260917,3,4,0.000244140625,-0.004010585119622502,-0.004759946079532901
0.25,20260918,1,1,-0.5,-0.5019976328024282,0.0008768619555549148
0.25,20260918,1,2,0.25,0.25155860156271176,-0.00023602543041225285
0.25,20260918,1,4,0.0625,0.058014751256474074,-0.002769452976113809
0.25,20260918,2,1,0.25,0.2511765293045716,-0.001909673277021309
0.25,20260918,2,2,0.0625,0.06821172958644195,0.0011824721420895
0.25,20260918,2,4,0.00390625,-0.003163671141585256,-0.005302404653927214
0.25,20260918,3,1,-0.125,-0.12376676637949936,0.00948256597221549
0.25,20260918,3,2,0.015625,0.01232467052753431,-0.0003481699602896743
0.25,20260918,3,4,0.000244140625,0.006644043012760298,0.0023831303862277683
0.25,20260919,1,1,-0.5,-0.49357859985510677,0.008700041694465156
0.25,20260919,1,2,0.25,0.24905668170923392,0.00012595757648880553
0.25,20260919,1,4,0.0625,0.06550822989289955,0.005488891898899419
0.25,20260919,2,1,0.25,0.24207516485371625,-0.006705630081477733
0.25,20260919,2,2,0.0625,0.05839073459078774,-0.00430205034573999
0.25,20260919,2,4,0.00390625,0.0005998171770485868,-0.002923651221278278
0.25,20260919,3,1,-0.125,-0.11733799593473543,0.004913500698852833
0.25,20260919,3,2,0.015625,0.020453763297045534,0.002238122907145891
0.25,20260919,3,4,0.000244140625,-0.0006983304282150907,-0.0018033776937518608
0.25,20260920,1,1,-0.5,-0.49573883022386483,-0.01316593116609625
0.25,20260920,1,2,0.25,0.2468290404820392,0.002492559558212365
0.25,20260920,1,4,0.0625,0.07184708632637328,-0.013970445888627493
0.25,20260920,2,1,0.25,0.24402353144397235,0.012892208189510224
0.25,20260920,2,2,0.0625,0.049770017821903774,0.015750398646569415
0.25,20260920,2,4,0.00390625,0.006190988051433639,0.007521022969501529
0.25,20260920,3,1,-0.125,-0.12484991830134495,-0.005300326806664185
0.25,20260920,3,2,0.015625,0.014901161661237077,0.005846379441619646
0.25,20260920,3,4,0.000244140625,0.004836033968465802,0.0004236377251946553
0.25,20260921,1,1,-0.5,-0.5028492818406795,0.0014775985215434598
0.25,20260921,1,2,0.25,0.2523730345068836,0.004154548041711816
0.25,20260921,1,4,0.0625,0.05488742380941781,0.0003949504502335764
0.25,20260921,2,1,0.25,0.25471015179021195,0.006573937553335765
0.25,20260921,2,2,0.0625,0.07296947753205575,0.007045412878058977
0.25,20260921,2,4,0.00390625,0.007065978491452218,0.0029719979608804543
0.25,20260921,3,1,-0.125,-0.12314678846351833,-0.010583354932892225
0.25,20260921,3,2,0.015625,0.021527825604884823,-0.0071827136163673064
0.25,20260921,3,4,0.000244140625,-0.0033764120364500882,-0.005298849537419154
0.38,20260906,1,1,-0.24,-0.23510744693932747,0.004756190109929878
0.38,20260906,1,2,0.0576,0.06234154418018877,0.004828636080882462
0.38,20260906,1,4,0.0033177599999999995,0.001634954754252719,0.004001509735260621
0.38,20260906,2,1,0.0576,0.06367070485822966,0.009493791496639765
0.38,20260906,2,2,0.0033177599999999995,0.013315606775080856,0.005213501210987058
0.38,20260906,2,4,1.1007531417599997e-05,0.006240358192580818,0.005263458281080984
0.38,20260906,3,1,-0.013823999999999998,-0.01461221745364058,-0.016556147587582032
0.38,20260906,3,2,0.00019110297599999996,0.0005033159301887098,-0.014671902219361686
0.38,20260906,3,4,3.652034743605656e-08,-0.0015984642372864819,-0.0060383626295181575
0.38,20260907,1,1,-0.24,-0.24345949807075962,-0.004848664387771272
0.38,20260907,1,2,0.0576,0.05765755953612623,-0.0012408204485024592
0.38,20260907,1,4,0.0033177599999999995,-0.00432693986549722,-0.0069085300252544595
0.38,20260907,2,1,0.0576,0.06682986639131258,0.008206473868791853
0.38,20260907,2,2,0.0033177599999999995,0.013137282202929864,0.00718662351200008
0.38,20260907,2,4,1.1007531417599997e-05,0.0094923674156001,0.008151312327479319
0.38,20260907,3,1,-0.013823999999999998,-0.010210762584437429,0.0032230761281664645
0.38,20260907,3,2,0.00019110297599999996,0.006581622381134997,0.002107145908500652
0.38,20260907,3,4,3.652034743605656e-08,0.0028690580889477817,0.00264375659671845
0.38,20260908,1,1,-0.24,-0.2351254134077945,0.004082454771985158
0.38,20260908,1,2,0.0576,0.060073072052591964,0.0022465754616237694
0.38,20260908,1,4,0.0033177599999999995,0.006879407804523148,0.0031865890098986497
0.38,20260908,2,1,0.0576,0.0547394902715636,-0.0011433320799193684
0.38,20260908,2,2,0.0033177599999999995,0.002827515600718807,0.0009558984393226325
0.38,20260908,2,4,1.1007531417599997e-05,-0.004606685847894843,0.006760172600266319
0.38,20260908,3,1,-0.013823999999999998,-0.013377346168297612,0.0031341963582327773
0.38,20260908,3,2,0.00019110297599999996,0.0019480080722185577,0.004210852173375576
0.38,20260908,3,4,3.652034743605656e-08,-0.0018050072399591578,0.00591553725836486
0.38,20260909,1,1,-0.24,-0.2398490837950801,0.0003167302175793968
0.38,20260909,1,2,0.0576,0.057477663756626704,0.001025665815578801
0.38,20260909,1,4,0.0033177599999999995,0.0025457697597562174,-0.00028490798431666516
0.38,20260909,2,1,0.0576,0.05606868796850484,0.0032943187089670128
0.38,20260909,2,2,0.0033177599999999995,0.003496882914731992,0.0023253585559952
0.38,20260909,2,4,1.1007531417599997e-05,-0.003669000139841461,0.0021105513737850047
0.38,20260909,3,1,-0.013823999999999998,-0.009937921255698569,-0.0034932335661604927
0.38,20260909,3,2,0.00019110297599999996,0.004580759681540847,-0.002095483440530643
0.38,20260909,3,4,3.652034743605656e-08,-0.001427824684999744,-0.007546615547917323
0.38,20260910,1,1,-0.24,-0.2394983773337796,-0.008235555852118324
0.38,20260910,1,2,0.0576,0.05864379511572968,-0.004797052071447498
0.38,20260910,1,4,0.0033177599999999995,0.0034064740635837074,-0.009728262668610602
0.38,20260910,2,1,0.0576,0.06155871705936378,-3.504982025837562e-05
0.38,20260910,2,2,0.0033177599999999995,0.005819858952517243,0.0006906323287105185
0.38,20260910,2,4,1.1007531417599997e-05,0.0059849842148802955,-0.0011782474524249227
0.38,20260910,3,1,-0.013823999999999998,-0.017879402298442208,-0.0010589798015814508
0.38,20260910,3,2,0.00019110297599999996,-0.004324653350921373,-0.0006346552374284583
0.38,20260910,3,4,3.652034743605656e-08,-0.0031786349902054685,-0.001510331274191613
0.38,20260911,1,1,-0.24,-0.23612014404478518,0.0005600069206900182
0.38,20260911,1,2,0.0576,0.058168027168639544,0.00028941522738652276
0.38,20260911,1,4,0.0033177599999999995,0.007737729567803507,-0.0025303271441708126
0.38,20260911,2,1,0.0576,0.04894391547806347,-0.001550916017386662
0.38,20260911,2,2,0.0033177599999999995,-0.0020016183607460816,0.0027911104716977315
0.38,20260911,2,4,1.1007531417599997e-05,-0.0013869875542326803,0.0032276806038234037
0.38,20260911,3,1,-0.013823999999999998,-0.00934312149734229,0.0075702977282210305
0.38,20260911,3,2,0.00019110297599999996,0.0008339196964620776,0.008639449616476872
0.38,20260911,3,4,3.652034743605656e-08,0.002483070143631674,0.0046687458829807685
0.38,20260912,1,1,-0.24,-0.23389093984517612,-0.007373729709552717
0.38,20260912,1,2,0.0576,0.06116018416128919,-0.0035032342423991676
0.38,20260912,1,4,0.0033177599999999995,0.009139831783322472,-0.0038787723273946816
0.38,20260912,2,1,0.0576,0.05681249717072402,0.006183266654243989
0.38,20260912,2,2,0.0033177599999999995,0.004673453748835048,-0.0006602283224969196
0.38,20260912,2,4,1.1007531417599997e-05,0.00722577521178945,-0.002885403120685511
0.38,20260912,3,1,-0.013823999999999998,-0.005705551302693309,-0.010528104394885369
0.38,20260912,3,2,0.00019110297599999996,0.009893109676738714,-0.008738839879689823
0.38,20260912,3,4,3.652034743605656e-08,0.01191870294500115,-0.006738173388083594
0.38,20260913,1,1,-0.24,-0.2440716252736331,0.0004143207759848493
0.38,20260913,1,2,0.0576,0.05678993498175003,0.0018066483834778516
0.38,20260913,1,4,0.0033177599999999995,-0.002260041296515658,-0.0023481175399226563
0.38,20260913,2,1,0.0576,0.06548903620160562,0.006792083392837836
0.38,20260913,2,2,0.0033177599999999995,0.009028109689245873,0.006718946851658252
0.38,20260913,2,4,1.1007531417599997e-05,-0.0009998138193773013,0.006730426488621502
0.38,20260913,3,1,-0.013823999999999998,-0.01592634665125791,-0.0015551464954485332
0.38,20260913,3,2,0.00019110297599999996,-0.0030338591994379157,0.0028569589770838133
0.38,20260913,3,4,3.652034743605656e-08,0.003244360935284142,-0.0003773447494553972
0.38,20260914,1,1,-0.24,-0.24563602472242674,0.008483781132989773
0.38,20260914,1,2,0.0576,0.055560704356877065,0.002692356209496211
0.38,20260914,1,4,0.0033177599999999995,-0.004057891901178752,0.015256635662366569
0.38,20260914,2,1,0.0576,0.06366472218314695,-0.009554589084876027
0.38,20260914,2,2,0.0033177599999999995,0.007996023551428495,-0.012032910951635247
0.38,20260914,2,4,1.1007531417599997e-05,0.005368287905217319,-0.011510054120128869
0.38,20260914,3,1,-0.013823999999999998,-0.019579593058206255,-0.0030771725306811054
0.38,20260914,3,2,0.00019110297599999996,-0.0024081658657671757,-0.00874029679732858
0.38,20260914,3,4,3.652034743605656e-08,-0.0030328703281662147,-0.002649857784735561
0.38,20260915,1,1,-0.24,-0.24523192981291336,-0.005759168109557121
0.38,20260915,1,2,0.0576,0.0578258477911967,-0.003786103955617824
0.38,20260915,1,4,0.0033177599999999995,-0.011499655234476667,-0.009143751813306695
0.38,20260915,2,1,0.0576,0.07043696860256257,-0.0031161924422527516
0.38,20260915,2,2,0.0033177599999999995,0.019551018806202056,0.001972847546618754
0.38,20260915,2,4,1.1007531417599997e-05,0.008185903340808643,-0.0008633801869091202
0.38,20260915,3,1,-0.013823999999999998,-0.012720600249706044,0.01255445785115042
0.38,20260915,3,2,0.00019110297599999996,0.005058960218007769,0.013055753317916861
0.38,20260915,3,4,3.652034743605656e-08,0.004497033091729522,0.004688766697048825
0.38,20260916,1,1,-0.24,-0.24367979607710857,-0.004674595746653952
0.38,20260916,1,2,0.0576,0.056761722571386765,-0.0016866181650200093
0.38,20260916,1,4,0.0033177599999999995,-0.006771452857646216,-0.008487027934079792
0.38,20260916,2,1,0.0576,0.061505210700917835,0.003942590071411356
0.38,20260916,2,2,0.0033177599999999995,0.011504601624503173,0.005316894791975701
0.38,20260916,2,4,1.1007531417599997e-05,0.0014138328831124194,0.0003889553843569378
0.38,20260916,3,1,-0.013823999999999998,-0.01150497388448593,-0.0006036811919160103
0.38,20260916,3,2,0.00019110297599999996,0.005100307465487127,-0.004731455082073567
0.38,20260916,3,4,3.652034743605656e-08,-0.0007638166056176556,-0.00013117048618486267
0.38,20260917,1,1,-0.24,-0.2400502649247841,0.00405656693037761
0.38,20260917,1,2,0.0576,0.05807238589149372,0.0030038641551736103
0.38,20260917,1,4,0.0033177599999999995,0.004401286253116446,0.0006336288804436288
0.38,20260917,2,1,0.0576,0.06096350943257572,0.0006193550244560791
0.38,20260917,2,2,0.0033177599999999995,0.003848564602420225,0.003661889315274755
0.38,20260917,2,4,1.1007531417599997e-05,-0.0011125344909372265,0.0019299446057895835
0.38,20260917,3,1,-0.013823999999999998,-0.018394884141833188,-0.002359476559098981
0.38,20260917,3,2,0.00019110297599999996,-0.0038458688749288886,0.0001104176584409041
0.38,20260917,3,4,3.652034743605656e-08,-0.0033131589045356544,-0.005241068050407062
0.38,20260918,1,1,-0.24,-0.24345617358704086,0.0012259386020165668
0.38,20260918,1,2,0.0576,0.05646258469619105,0.0012432547876404195
0.38,20260918,1,4,0.0033177599999999995,-0.0032023760102502293,-0.0019300345126744022
0.38,20260918,2,1,0.0576,0.061390228037085964,0.0010319170756607349
0.38,20260918,2,2,0.0033177599999999995,0.008101532077633372,0.003178737719520385
0.38,20260918,2,4,1.1007531417599997e-05,0.004024002699677799,0.003298756818746687
0.38,20260918,3,1,-0.013823999999999998,-0.016218495796574025,-0.0023117147617971153
0.38,20260918,3,2,0.00019110297599999996,0.0006182490818797541,-0.0014047079425038025
0.38,20260918,3,4,3.652034743605656e-08,-0.0010270365109306381,-0.003986971130389722
0.38,20260919,1,1,-0.24,-0.23208718447620283,0.00888643582606577
0.38,20260919,1,2,0.0576,0.061690285982132866,0.005810814705732205
0.38,20260919,1,4,0.0033177599999999995,0.007646721957212764,0.0081125743721688
0.38,20260919,2,1,0.0576,0.05278722690519057,0.0019982292555731497
0.38,20260919,2,2,0.0033177599999999995,0.003978998490624474,0.0025675884858776693
0.38,20260919,2,4,1.1007531417599997e-05,0.0016457328858392203,-0.00047845280670860495
0.38,20260919,3,1,-0.013823999999999998,-0.009624122557511876,0.0008569069842266997
0.38,20260919,3,2,0.00019110297599999996,0.0017033910745404275,0.0020503367062402974
0.38,20260919,3,4,3.652034743605656e-08,0.006844599395379021,0.004718376559330106
0.38,20260920,1,1,-0.24,-0.24411220161934796,-0.011288436971012403
0.38,20260920,1,2,0.0576,0.05392519939485109,-0.006050457339482693
0.38,20260920,1,4,0.0033177599999999995,0.0007813552006377339,-0.01376810371848478
0.38,20260920,2,1,0.0576,0.05201500845619289,0.002277933252695479
0.38,20260920,2,2,0.0033177599999999995,-0.0020002306314171486,0.0028784502199162144
0.38,20260920,2,4,1.1007531417599997e-05,0.00034318135965575696,0.0010257029282184883
0.38,20260920,3,1,-0.013823999999999998,-0.013816818410650161,-0.000358510830658413
0.38,20260920,3,2,0.00019110297599999996,-0.0005136193598932935,-0.0005299677539578754
0.38,20260920,3,4,3.652034743605656e-08,-0.0027959906783347577,-0.0026752688449459268
0.38,20260921,1,1,-0.24,-0.2255075410268212,0.006309170251300983
0.38,20260921,1,2,0.0576,0.06340417544882448,0.003084648295157298
0.38,20260921,1,4,0.0033177599999999995,0.02549098976570881,0.009046501317388695
0.38,20260921,2,1,0.0576,0.04650289779559105,-0.0019279932298522078
0.38,20260921,2,2,0.0033177599999999995,-0.009478916154383055,-0.0033896754261084753
0.38,20260921,2,4,1.1007531417599997e-05,-0.00278613098566084,-0.0018482643350063548
0.38,20260921,3,1,-0.013823999999999998,-0.014861641650791355,-0.0009202125699594388
0.38,20260921,3,2,0.00019110297599999996,-0.0017583869509735154,0.0023298389438673006
0.38,20260921,3,4,3.652034743605656e-08,-0.0023510478464402167,0.0063856486835242345
0.5,20260906,1,1,0.0,-0.007659652880653123,-0.002522489283685424
0.5,20260906,1,2,0.0,-0.007666127162171323,-0.002510720226488809
0.5,20260906,1,4,0.0,-0.007688679805405817,-0.002496425163027819
0.5,20260906,2,1,0.0,-0.0065987850733691894,-0.01252342666472955
0.5,20260906,2,2,0.0,-0.006659141175903314,-0.012628378126090967
0.5,20260906,2,4,0.0,-0.006632192453055578,-0.012612696867989073
0.5,20260906,3,1,0.0,0.0016453058466247479,-0.00804110426241775
0.5,20260906,3,2,0.0,0.0017553407631637438,-0.0080936209541615
0.5,20260906,3,4,0.0,0.0017454062330901654,-0.008101657810387125
0.5,20260907,1,1,0.0,0.0019248767290607203,-0.0010922146414253508
0.5,20260907,1,2,0.0,0.002004453544790515,-0.001091229580803224
0.5,20260907,1,4,0.0,0.0020014658799301665,-0.0009705708011788713
0.5,20260907,2,1,0.0,0.0006165185206281681,0.0038756889514203184
0.5,20260907,2,2,0.0,0.0005502594292120612,0.003782419986355097
0.5,20260907,2,4,0.0,0.0004748526629227289,0.003756132000390069
0.5,20260907,3,1,0.0,0.00542824495345792,0.003874477542581598
0.5,20260907,3,2,0.0,0.005424706046024368,0.003897735702807612
0.5,20260907,3,4,0.0,0.005438438343682214,0.0038536552163032337
0.5,20260908,1,1,0.0,-0.0013236436723156118,-0.00548820063565578
0.5,20260908,1,2,0.0,-0.0013602226941772588,-0.00559668886434519
0.5,20260908,1,4,0.0,-0.0014083440873330886,-0.005659936947542147
0.5,20260908,2,1,0.0,-0.00801669221187624,-0.004126689198561676
0.5,20260908,2,2,0.0,-0.008003446562058444,-0.00419925013703431
0.5,20260908,2,4,0.0,-0.008044979780660863,-0.004089279506598383
0.5,20260908,3,1,0.0,-0.00020732378117443515,0.011355397726120531
0.5,20260908,3,2,0.0,-0.00032343793289952297,0.01133193836295548
0.5,20260908,3,4,0.0,-0.00034570692176627614,0.011384799927778261
0.5,20260909,1,1,0.0,9.183639566579908e-05,-0.004311295725441157
0.5,20260909,1,2,0.0,8.011518993132281e-05,-0.004292805411141858
0.5,20260909,1,4,0.0,0.00011907209587478062,-0.004311185259961914
0.5,20260909,2,1,0.0,-0.011970777646306064,0.006026383955043342
0.5,20260909,2,2,0.0,-0.012041747913732158,0.006125576423800367
0.5,20260909,2,4,0.0,-0.012051909745206835,0.006129042532652714
0.5,20260909,3,1,0.0,-0.013844448382302298,-0.004716707428442964
0.5,20260909,3,2,0.0,-0.013821769619490004,-0.0048308068911209106
0.5,20260909,3,4,0.0,-0.013848778537890358,-0.004765548592682983
0.5,20260910,1,1,0.0,-0.001656789875514586,-0.007719382925743011
0.5,20260910,1,2,0.0,-0.00155237907671216,-0.007659305886417383
0.5,20260910,1,4,0.0,-0.0015185930345833444,-0.007678944993437377
0.5,20260910,2,1,0.0,0.0021182137777754004,-0.012805823760575985
0.5,20260910,2,2,0.0,0.0021421836254729653,-0.012720481515918156
0.5,20260910,2,4,0.0,0.002205654552358476,-0.012616404027937306
0.5,20260910,3,1,0.0,0.010326377909816718,-0.005945964744762513
0.5,20260910,3,2,0.0,0.010282061410218547,-0.006042697068168305
0.5,20260910,3,4,0.0,0.010361100085388712,-0.005974541009211726
0.5,20260911,1,1,0.0,-0.0011468360296484025,0.001094378085710113
0.5,20260911,1,2,0.0,-0.0011379679769351486,0.0011012793528379413
0.5,20260911,1,4,0.0,-0.0011162749784249992,0.0010957826473865612
0.5,20260911,2,1,0.0,0.006297725862863952,-0.001724156707035565
0.5,20260911,2,2,0.0,0.006378835138929411,-0.0017732919748226366
0.5,20260911,2,4,0.0,0.00627296609505622,-0.0018286055544624125
0.5,20260911,3,1,0.0,-0.008590674784908478,-0.004133086668551445
0.5,20260911,3,2,0.0,-0.00864477915432523,-0.004032004000869975
0.5,20260911,3,4,0.0,-0.008710372053647908,-0.00398828497063343
0.5,20260912,1,1,0.0,0.001219508913651974,-0.0016125035083025274
0.5,20260912,1,2,0.0,0.0012319408512009992,-0.0016843330920110157
0.5,20260912,1,4,0.0,0.0012712449965815481,-0.001794478075730175
0.5,20260912,2,1,0.0,0.003741410525427583,-0.008746155675063474
0.5,20260912,2,2,0.0,0.0038343720892680196,-0.008825293910057333
0.5,20260912,2,4,0.0,0.003834955273612817,-0.00882519961713779
0.5,20260912,3,1,0.0,-0.004303479496187023,0.00800740821622364
0.5,20260912,3,2,0.0,-0.004312075398578502,0.007997447821775026
0.5,20260912,3,4,0.0,-0.004337954215211106,0.00799362126000825
0.5,20260913,1,1,0.0,0.0010283758567580968,-0.0009866494201343087
0.5,20260913,1,2,0.0,0.0011064472812555976,-0.000992185994751628
0.5,20260913,1,4,0.0,0.0010894940403605145,-0.0011111139694843365
0.5,20260913,2,1,0.0,-0.007202778865019237,-0.004649560690463131
0.5,20260913,2,2,0.0,-0.007239022321813225,-0.004669211449970501
0.5,20260913,2,4,0.0,-0.007304062951396353,-0.0046268637674198995
0.5,20260913,3,1,0.0,0.0035119794004828697,-0.0012035908393052681
0.5,20260913,3,2,0.0,0.0035552681713717114,-0.0013016072021166853
0.5,20260913,3,4,0.0,0.0034793381253365417,-0.0012324122984058762
0.5,20260914,1,1,0.0,-0.0031799080241657917,-0.006054776272917701
0.5,20260914,1,2,0.0,-0.0032950262980197716,-0.006025604974091851
0.5,20260914,1,4,0.0,-0.003268823042074022,-0.005977222199354103
0.5,20260914,2,1,0.0,-0.0035299965286221427,-0.0006347455176541473
0.5,20260914,2,2,0.0,-0.0035389190243265817,-0.0006352068372648442
0.5,20260914,2,4,0.0,-0.0035407569000106037,-0.0006174809469665967
0.5,20260914,3,1,0.0,-0.006665327468061575,0.0024039250415960507
0.5,20260914,3,2,0.0,-0.0066479842392145735,0.002434119528626499
0.5,20260914,3,4,0.0,-0.006705641664947754,0.00240048761326648
0.5,20260915,1,1,0.0,0.003476568606611184,-0.0037513478519461004
0.5,20260915,1,2,0.0,0.0034579464379120846,-0.0036325903845238045
0.5,20260915,1,4,0.0,0.0034707744813519074,-0.00367248817099258
0.5,20260915,2,1,0.0,-0.0049847267384011225,0.0013404362896533315
0.5,20260915,2,2,0.0,-0.005046833755789383,0.0012969121781840481
0.5,20260915,2,4,0.0,-0.004935106842225628,0.0012563461238550872
0.5,20260915,3,1,0.0,-0.005212927014218279,0.0028620246900620734
0.5,20260915,3,2,0.0,-0.005281298984906436,0.0027902595624026685
0.5,20260915,3,4,0.0,-0.005165687930364678,0.002795861456306675
0.5,20260916,1,1,0.0,0.011465140756699695,-0.006785345812091555
0.5,20260916,1,2,0.0,0.011552792438631158,-0.006700559215070382
0.5,20260916,1,4,0.0,0.01156398087041917,-0.006700931112298013
0.5,20260916,2,1,0.0,0.0034505236244916438,0.004509214098719577
0.5,20260916,2,2,0.0,0.0034322763809766167,0.0046023820786328115
0.5,20260916,2,4,0.0,0.0033872428618753007,0.004712939656659815
0.5,20260916,3,1,0.0,-0.0013896476440401482,-0.003903035516267163
0.5,20260916,3,2,0.0,-0.0013569712341604155,-0.003994719801699709
0.5,20260916,3,4,0.0,-0.0014312993208989502,-0.003903689320325402
0.5,20260917,1,1,0.0,-0.002020373194221364,-0.0037742604944743445
0.5,20260917,1,2,0.0,-0.001949061708833105,-0.003700102417585776
0.5,20260917,1,4,0.0,-0.0018383855474364075,-0.0036957692705010653
0.5,20260917,2,1,0.0,0.0017036162107958287,0.0036541463849107505
0.5,20260917,2,2,0.0,0.0017267789818514662,0.0036247094513167863
0.5,20260917,2,4,0.0,0.001796079895962291,0.0036079382197394916
0.5,20260917,3,1,0.0,-0.0023637787226385475,0.00748101621275226
0.5,20260917,3,2,0.0,-0.002367850365779818,0.007494113913044438
0.5,20260917,3,4,0.0,-0.0023833043355919576,0.007516568086590641
0.5,20260918,1,1,0.0,-0.0049573736757922236,-0.00311189204531053
0.5,20260918,1,2,0.0,-0.004986278574621525,-0.0030679812050910674
0.5,20260918,1,4,0.0,-0.004899117618906181,-0.0031054989991096513
0.5,20260918,2,1,0.0,0.005476981942451685,0.0030757919962300776
0.5,20260918,2,2,0.0,0.005403593958521595,0.0031391824775283683
0.5,20260918,2,4,0.0,0.005287022241586356,0.003122049870861566
0.5,20260918,3,1,0.0,-0.0017448769077890423,-0.004197042638358697
0.5,20260918,3,2,0.0,-0.0017390118795525774,-0.004201090528380896
0.5,20260918,3,4,0.0,-0.0017523150280193377,-0.004206137317023975
0.5,20260919,1,1,0.0,0.0024128012748281546,-0.010245374587718986
0.5,20260919,1,2,0.0,0.0024235646268060537,-0.01023542987304845
0.5,20260919,1,4,0.0,0.002452570398707584,-0.010237726791882349
0.5,20260919,2,1,0.0,-0.003946006137324751,0.014614813837047344
0.5,20260919,2,2,0.0,-0.003857788227378542,0.014580038096124468
0.5,20260919,2,4,0.0,-0.003939298739571908,0.014492717389844999
0.5,20260919,3,1,0.0,-0.005413673941816271,0.007112392002618595
0.5,20260919,3,2,0.0,-0.005491587311855145,0.007189972213841119
0.5,20260919,3,4,0.0,-0.005587188219323663,0.0071895625450801096
0.5,20260920,1,1,0.0,0.008571804222450468,-0.011544682905348385
0.5,20260920,1,2,0.0,0.00849838429552756,-0.01145367104340448
0.5,20260920,1,4,0.0,0.008432735241896928,-0.011439461310304815
0.5,20260920,2,1,0.0,0.0022923413627961523,-0.002732061052619415
0.5,20260920,2,2,0.0,0.002246554154250274,-0.002660267816657312
0.5,20260920,2,4,0.0,0.002357211318683574,-0.0027117350661429738
0.5,20260920,3,1,0.0,0.0010320356173237379,-0.004878684133105011
0.5,20260920,3,2,0.0,0.0011202919507988243,-0.00491484063360687
0.5,20260920,3,4,0.0,0.0012038445012458455,-0.004829981428592025
0.5,20260921,1,1,0.0,0.00020242103530058292,-0.0010945860941104443
0.5,20260921,1,2,0.0,0.00024307274469000814,-0.0009815470632397536
0.5,20260921,1,4,0.0,0.00021582460147582562,-0.00101453156202615
0.5,20260921,2,1,0.0,0.002994282202493599,-0.005392829596885622
0.5,20260921,2,2,0.0,0.00290205938748203,-0.005340230769589434
0.5,20260921,2,4,0.0,0.002811828224625714,-0.005393601576773176
0.5,20260921,3,1,0.0,0.006210412064772125,-0.003642830336330205
0.5,20260921,3,2,0.0,0.0062885101710635615,-0.0036286567239615236
0.5,20260921,3,4,0.0,0.006330896443365472,-0.0037415869200108165
0.62,20260906,1,1,0.24,0.23443766211506156,-0.004097753024446203
0.62,20260906,1,2,0.0576,0.049559249660518716,-0.005397509775315066
0.62,20260906,1,4,0.0033177599999999995,-0.004736618432967244,-0.005239936066402522
0.62,20260906,2,1,0.0576,0.05366085196034617,-0.003984873828463004
0.62,20260906,2,2,0.0033177599999999995,-0.00047406657508176713,-0.005501660243565998
0.62,20260906,2,4,1.1007531417599997e-05,-0.0035500725679995303,-0.001897577475311791
0.62,20260906,3,1,0.013823999999999998,0.017357529285354695,-0.0016320322442951937
0.62,20260906,3,2,0.00019110297599999996,0.004716936005360564,-0.002086158816377636
0.62,20260906,3,4,3.652034743605656e-08,0.004167006776438807,0.0003251261820061041
0.62,20260907,1,1,0.24,0.2333260691092626,-0.0010896813077700001
0.62,20260907,1,2,0.0576,0.04917979726465032,-0.003865553546875905
0.62,20260907,1,4,0.0033177599999999995,-0.00967660780683043,0.004706594742424039
0.62,20260907,2,1,0.0576,0.04769239047863936,0.008195980123814912
0.62,20260907,2,2,0.0033177599999999995,-0.004592881174057577,0.009396324077852557
0.62,20260907,2,4,1.1007531417599997e-05,-0.007899438098305827,0.007172079856328799
0.62,20260907,3,1,0.013823999999999998,0.009688971961587025,0.006690677282168326
0.62,20260907,3,2,0.00019110297599999996,-0.004132818655882448,0.00536363084337939
0.62,20260907,3,4,3.652034743605656e-08,-0.004247301132740853,0.006050134942953135
0.62,20260908,1,1,0.24,0.23688278967294657,0.0012661763809370414
0.62,20260908,1,2,0.0576,0.05122073314155763,0.003058587048181256
0.62,20260908,1,4,0.0033177599999999995,0.009740234929494827,-0.004229087869023077
0.62,20260908,2,1,0.0576,0.06555904288118064,-0.0054918095368411525
0.62,20260908,2,2,0.0033177599999999995,0.006598914917864305,-0.0033504347941946495
0.62,20260908,2,4,1.1007531417599997e-05,-0.003590783185749325,-0.0063809143402411075
0.62,20260908,3,1,0.013823999999999998,0.01721850154959025,-0.0034662033697562982
0.62,20260908,3,2,0.00019110297599999996,0.0020696578284989425,0.0012414257417809698
0.62,20260908,3,4,3.652034743605656e-08,0.011585213707768664,0.0032128011722424936
0.62,20260909,1,1,0.24,0.23828579648898465,0.004534751072218765
0.62,20260909,1,2,0.0576,0.055206490854658084,0.0073820263926752385
0.62,20260909,1,4,0.0033177599999999995,0.0006487186085500748,0.002527374677848672
0.62,20260909,2,1,0.0576,0.05646258330630192,-0.0009610590474322678
0.62,20260909,2,2,0.0033177599999999995,-0.0008528368497239818,-0.0013187745183888345
0.62,20260909,2,4,1.1007531417599997e-05,-0.00439740205210336,0.0033825826587123627
0.62,20260909,3,1,0.013823999999999998,0.01999407999223226,-0.0031810267334563378
0.62,20260909,3,2,0.00019110297599999996,0.009071268212846402,-0.0011164639739592514
0.62,20260909,3,4,3.652034743605656e-08,0.009699619457815323,-0.0016163460695650495
0.62,20260910,1,1,0.24,0.24414077051369953,0.0006548959677187591
0.62,20260910,1,2,0.0576,0.06431077760966251,-0.001713054950760032
0.62,20260910,1,4,0.0033177599999999995,0.005198800138778782,0.0071593892459788895
0.62,20260910,2,1,0.0576,0.05784096076536588,0.009988464260890978
0.62,20260910,2,2,0.0033177599999999995,0.00027548073564050585,0.013416252126675016
0.62,20260910,2,4,1.1007531417599997e-05,0.006197211294536144,0.007115459527782801
0.62,20260910,3,1,0.013823999999999998,0.022128687130185627,0.0028402291519763418
0.62,20260910,3,2,0.00019110297599999996,0.007959488795668527,0.004149188900309813
0.62,20260910,3,4,3.652034743605656e-08,-0.0030295941789228002,0.0007851077809156438
0.62,20260911,1,1,0.24,0.2343082964776264,0.01179243958340697
0.62,20260911,1,2,0.0576,0.04824512609398767,0.018329145996622408
0.62,20260911,1,4,0.0033177599999999995,-0.0012531106506125415,0.0135246253325208
0.62,20260911,2,1,0.0576,0.05796045329692903,0.004515907149735081
0.62,20260911,2,2,0.0033177599999999995,0.003997820767878319,-0.001656731110125064
0.62,20260911,2,4,1.1007531417599997e-05,-0.000306291465978385,-0.0006839569484588955
0.62,20260911,3,1,0.013823999999999998,0.018647739012963346,0.0010247525726254018
0.62,20260911,3,2,0.00019110297599999996,0.0045606780491625,0.0019459182938157515
0.62,20260911,3,4,3.652034743605656e-08,0.0001303466984752142,0.006455990903537617
0.62,20260912,1,1,0.24,0.2408570713985457,0.001275867348024286
0.62,20260912,1,2,0.0576,0.059792668725123066,0.0016702534675786462
0.62,20260912,1,4,0.0033177599999999995,0.00013379899082147776,0.0031251342731755897
0.62,20260912,2,1,0.0576,0.05395520251292782,0.0019721906652906884
0.62,20260912,2,2,0.0033177599999999995,-0.0025368759272322993,0.0022164817731277907
0.62,20260912,2,4,1.1007531417599997e-05,-0.006518789298883835,-0.0011731611053070138
0.62,20260912,3,1,0.013823999999999998,0.018586561561351495,-0.0023451252484260683
0.62,20260912,3,2,0.00019110297599999996,0.00813292576931313,-0.0008772229896300447
0.62,20260912,3,4,3.652034743605656e-08,0.005403780329380713,-0.0069587147701487065
0.62,20260913,1,1,0.24,0.2283586482328398,0.010693049032760618
0.62,20260913,1,2,0.0576,0.039437816980436274,0.016799186149086643
0.62,20260913,1,4,0.0033177599999999995,-0.006923885208268844,0.007558031966702951
0.62,20260913,2,1,0.0576,0.05606507918133,0.0006417349503597676
0.62,20260913,2,2,0.0033177599999999995,0.001616554230035406,0.0005727723812546651
0.62,20260913,2,4,1.1007531417599997e-05,0.003023833649627642,-0.0003070618434618364
0.62,20260913,3,1,0.013823999999999998,0.018411684185990346,0.0014466725712523778
0.62,20260913,3,2,0.00019110297599999996,0.0027732356100721085,0.002682518032428519
0.62,20260913,3,4,3.652034743605656e-08,0.009060681181770796,-0.00230143722544236
0.62,20260914,1,1,0.24,0.2373555269682234,0.00488763097356976
0.62,20260914,1,2,0.0576,0.05448060726285511,0.007914165074390835
0.62,20260914,1,4,0.0033177599999999995,-0.004562307773857566,0.0025030589482419254
0.62,20260914,2,1,0.0576,0.05201337477756051,-0.0008201086330602525
0.62,20260914,2,2,0.0033177599999999995,-0.003057652459432234,-0.0017020443989389507
0.62,20260914,2,4,1.1007531417599997e-05,-0.005913106691481837,-0.001382474263450679
0.62,20260914,3,1,0.013823999999999998,0.02061633966930925,-3.101487594672864e-05
0.62,20260914,3,2,0.00019110297599999996,0.007720699545575484,-0.0007436624224830249
0.62,20260914,3,4,3.652034743605656e-08,-0.0006845674575340728,-0.00042584470404502186
0.62,20260915,1,1,0.24,0.24019654348425776,-3.569365165703782e-05
0.62,20260915,1,2,0.0576,0.05626698644230925,-0.0003517294858994399
0.62,20260915,1,4,0.0033177599999999995,0.013986507169837714,0.003515446792165754
0.62,20260915,2,1,0.0576,0.06684439208445339,0.002318603431647608
0.62,20260915,2,2,0.0033177599999999995,0.010353379242452106,0.0020274967084023894
0.62,20260915,2,4,1.1007531417599997e-05,-0.002184675687581501,-0.0037131496675844944
0.62,20260915,3,1,0.013823999999999998,0.009940479963360555,-0.0032500857618385217
0.62,20260915,3,2,0.00019110297599999996,-0.005352618566958463,-0.005562133877850672
0.62,20260915,3,4,3.652034743605656e-08,0.005758034709755618,-0.004353344907803718
0.62,20260916,1,1,0.24,0.24792468708770135,-0.01018343908974013
0.62,20260916,1,2,0.0576,0.06932435572449148,-0.017097055572381628
0.62,20260916,1,4,0.0033177599999999995,0.01658046454127184,-0.009343114289352408
0.62,20260916,2,1,0.0576,0.063678091081398,0.0011421088918371135
0.62,20260916,2,2,0.0033177599999999995,0.0069870379653331725,0.003422888847805073
0.62,20260916,2,4,1.1007531417599997e-05,0.0026119734365069084,0.005084214788476575
0.62,20260916,3,1,0.013823999999999998,0.006897104536505413,0.012680022871919962
0.62,20260916,3,2,0.00019110297599999996,-0.009755799192023774,0.011718854442874066
0.62,20260916,3,4,3.652034743605656e-08,-0.006152819794587745,0.0075518832902666585
0.62,20260917,1,1,0.24,0.24043396038324785,-0.0014290480332177407
0.62,20260917,1,2,0.0576,0.060180137826090184,0.000749271731884407
0.62,20260917,1,4,0.0033177599999999995,-0.004865964589907792,-0.010889144841831094
0.62,20260917,2,1,0.0576,0.04827182456983055,-0.012198079926222636
0.62,20260917,2,2,0.0033177599999999995,-0.00342520324044924,-0.013304140567780192
0.62,20260917,2,4,1.1007531417599997e-05,-0.002151180414223644,-0.00958786113796835
0.62,20260917,3,1,0.013823999999999998,0.0070341907011299805,-5.4789018807939845e-05
0.62,20260917,3,2,0.00019110297599999996,-0.002324409167365114,0.000372381359170352
0.62,20260917,3,4,3.652034743605656e-08,-0.0016626975417127184,-0.007824682822441854
0.62,20260918,1,1,0.24,0.2404956158283866,-0.007634371990037298
0.62,20260918,1,2,0.0576,0.058595911402019286,-0.011507510912484172
0.62,20260918,1,4,0.0033177599999999995,0.0056383436176786084,-0.004043304286572742
0.62,20260918,2,1,0.0576,0.05814145172711583,-0.0016734405500972887
0.62,20260918,2,2,0.0033177599999999995,0.0027084877111743077,-0.00046857744755603517
0.62,20260918,2,4,1.1007531417599997e-05,-0.0009530734670982082,-0.00039193254217048044
0.62,20260918,3,1,0.013823999999999998,0.010656477218262772,-0.011561735467442056
0.62,20260918,3,2,0.00019110297599999996,-0.006009618170418666,-0.01196160517659361
0.62,20260918,3,4,3.652034743605656e-08,-0.007151000120662287,-0.009588727463533096
0.62,20260919,1,1,0.24,0.24574797751217287,0.000994765284556497
0.62,20260919,1,2,0.0576,0.06686708390057518,0.0023800561473632433
0.62,20260919,1,4,0.0033177599999999995,0.009179565168039491,0.00020623384801176075
0.62,20260919,2,1,0.0576,0.05867712022082988,-0.002075047395687283
0.62,20260919,2,2,0.0033177599999999995,0.0028040029190043616,-0.0036747765565510074
0.62,20260919,2,4,1.1007531417599997e-05,-0.006877174619565173,-0.00687589376472506
0.62,20260919,3,1,0.013823999999999998,0.011599852858460984,-0.005220052609765774
0.62,20260919,3,2,0.00019110297599999996,-0.0014721579672614313,-0.0002183774984799237
0.62,20260919,3,4,3.652034743605656e-08,0.0014739151194910788,0.004998295301291115
0.62,20260920,1,1,0.24,0.2396875237542757,0.0006986954933969751
0.62,20260920,1,2,0.0576,0.056339896081946235,0.0010383542351733138
0.62,20260920,1,4,0.0033177599999999995,0.0048322034524436045,0.0016351733305369415
0.62,20260920,2,1,0.0576,0.05944803325252483,0.0009062571467793417
0.62,20260920,2,2,0.0033177599999999995,0.009561944010825427,-0.00044625792166710714
0.62,20260920,2,4,1.1007531417599997e-05,0.0015718062697919566,-0.0007981362619081886
0.62,20260920,3,1,0.013823999999999998,0.004584752078128471,0.0016992230940976458
0.62,20260920,3,2,0.00019110297599999996,-0.008006038167225352,-0.0001774746087581421
0.62,20260920,3,4,3.652034743605656e-08,-0.0017896055058537054,0.004842337685978877
0.62,20260921,1,1,0.24,0.23064885316563996,0.009942250004933302
0.62,20260921,1,2,0.0576,0.04553184267544395,0.015190340763431055
0.62,20260921,1,4,0.0033177599999999995,-0.010921358171514926,0.010148616824714634
0.62,20260921,2,1,0.0576,0.0470480409139095,0.0034589601028033796
0.62,20260921,2,2,0.0033177599999999995,-0.00852722315217064,0.0016793964421342865
0.62,20260921,2,4,1.1007531417599997e-05,-0.010321752853056441,-0.002453851605221696
0.62,20260921,3,1,0.013823999999999998,0.012519078024819563,0.0001943632853600121
0.62,20260921,3,2,0.00019110297599999996,0.00018460075518035525,0.0016719178485407834
0.62,20260921,3,4,3.652034743605656e-08,-0.0020485011860163545,-0.004597211758902353
0.75,20260906,1,1,0.5,0.49856357676321356,-0.0012600678375720574
0.75,20260906,1,2,0.25,0.2470047058583061,-0.0038001092793045776
0.75,20260906,1,4,0.0625,0.06320121340873056,0.0018420771217993587
0.75,20260906,2,1,0.25,0.2514717986428803,0.002165585598027698
0.75,20260906,2,2,0.0625,0.05895408544042016,-0.002707165168283297
0.75,20260906,2,4,0.00390625,0.00018400613810153445,-0.003364568641682902
0.75,20260906,3,1,0.125,0.12917737932436446,0.009528938006376988
0.75,20260906,3,2,0.015625,0.009611139317819345,0.002880893621677327
0.75,20260906,3,4,0.000244140625,0.0008844672064700912,-0.005953946680544218
0.75,20260907,1,1,0.5,0.4925082405140769,0.010104561373218829
0.75,20260907,1,2,0.25,0.2370629467158853,0.01708042993733442
0.75,20260907,1,4,0.0625,0.053583321130069785,0.02049951906570292
0.75,20260907,2,1,0.25,0.24342953982813434,0.016599393090836845
0.75,20260907,2,2,0.0625,0.04876804993578434,0.014432511655333224
0.75,20260907,2,4,0.00390625,-0.004497744133494846,0.029553532396314978
0.75,20260907,3,1,0.125,0.1228242020659562,0.017856407543916916
0.75,20260907,3,2,0.015625,0.001697669118091835,0.015017766033008187
0.75,20260907,3,4,0.000244140625,-0.01398505035363829,0.006418059964931624
0.75,20260908,1,1,0.5,0.49763425571543585,-9.896884314792917e-05
0.75,20260908,1,2,0.25,0.2452555616381328,-0.003653523246138722
0.75,20260908,1,4,0.0625,0.05721987929757774,0.008243464583197717
0.75,20260908,2,1,0.25,0.24488318888227048,0.005742193285356731
0.75,20260908,2,2,0.0625,0.057074236160695076,0.007863157876044342
0.75,20260908,2,4,0.00390625,0.0043250291486672315,0.0008454938936611405
0.75,20260908,3,1,0.125,0.12605051027871464,0.0020524349877469924
0.75,20260908,3,2,0.015625,0.015440122620921471,0.0008687709965894142
0.75,20260908,3,4,0.000244140625,-0.001845275062455693,0.0030883936523693886
0.75,20260909,1,1,0.5,0.4958910209331929,-0.00381835871421375
0.75,20260909,1,2,0.25,0.24697840065303153,-0.011083523138690685
0.75,20260909,1,4,0.0625,0.0486906371106555,-0.002141797626779479
0.75,20260909,2,1,0.25,0.24256465578514233,-0.0020963496779062363
0.75,20260909,2,2,0.0625,0.04498016434420294,0.0005557638683199549
0.75,20260909,2,4,0.00390625,-0.010653802478330162,0.0013895407132523178
0.75,20260909,3,1,0.125,0.11299705278531419,0.0047533684275305925
0.75,20260909,3,2,0.015625,0.0006014763242869754,0.007362865023252502
0.75,20260909,3,4,0.000244140625,-0.010314197919043484,0.013175311846061266
0.75,20260910,1,1,0.5,0.5010109127883356,0.000423716231653854
0.75,20260910,1,2,0.25,0.24946351485589735,0.0034076440421449074
0.75,20260910,1,4,0.0625,0.06219584171245053,-0.0023882407347365336
0.75,20260910,2,1,0.25,0.25099785443659745,-0.0018160095545406577
0.75,20260910,2,2,0.0625,0.06672201751637893,0.00016949089756864173
0.75,20260910,2,4,0.00390625,0.01865658761028531,-0.0038374013397825565
0.75,20260910,3,1,0.125,0.12918192656399902,-0.010901556741459284
0.75,20260910,3,2,0.015625,0.029225504875384268,-0.012536783667239648
0.75,20260910,3,4,0.000244140625,0.015324204579099103,0.001573272978412386
0.75,20260911,1,1,0.5,0.5002032084335845,-0.004210174098642424
0.75,20260911,1,2,0.25,0.25192345959317314,-0.010366603866937002
0.75,20260911,1,4,0.0625,0.0629544774661758,0.0021221027116755343
0.75,20260911,2,1,0.25,0.2492154241750036,0.0015422746301870201
0.75,20260911,2,2,0.0625,0.06059722533956175,0.0002050599636839863
0.75,20260911,2,4,0.00390625,0.0028559685135286102,-0.010083965483309058
0.75,20260911,3,1,0.125,0.12373089602101363,-0.0017670312722646547
0.75,20260911,3,2,0.015625,0.01005330224428878,-0.006120821955183431
0.75,20260911,3,4,0.000244140625,-0.006740958903459794,-0.0017446442564165424
0.75,20260912,1,1,0.5,0.5022685412019211,-0.00454306005501341
0.75,20260912,1,2,0.25,0.25472545794554685,-0.011168366128909757
0.75,20260912,1,4,0.0625,0.06287436539730905,-0.0034233854975491734
0.75,20260912,2,1,0.25,0.25139958740943563,-0.0023046942640285997
0.75,20260912,2,2,0.0625,0.06297992412032273,-0.0043911855588500415
0.75,20260912,2,4,0.00390625,0.00882061308091646,-0.006156031118822557
0.75,20260912,3,1,0.125,0.12732766833873765,0.0025950141224528257
0.75,20260912,3,2,0.015625,0.02027839003815552,-0.0014349843865919705
0.75,20260912,3,4,0.000244140625,0.007574181134813597,0.005921845342801753
0.75,20260913,1,1,0.5,0.49915514290929214,0.001105462377833733
0.75,20260913,1,2,0.25,0.24974967340931345,0.0011040248532110859
0.75,20260913,1,4,0.0625,0.05714593618649128,0.0009444344778680873
0.75,20260913,2,1,0.25,0.24626601422957536,-0.0011022783708280368
0.75,20260913,2,2,0.0625,0.05542622576098673,0.006965305705594602
0.75,20260913,2,4,0.00390625,0.00032689979628311547,0.005157326334379238
0.75,20260913,3,1,0.125,0.12845831628757698,-0.001097251244839517
0.75,20260913,3,2,0.015625,0.020383029596116164,-0.001076065475293489
0.75,20260913,3,4,0.000244140625,-0.009730262018472826,0.0028018263524667163
0.75,20260914,1,1,0.5,0.5007874878135785,-0.004233551343396822
0.75,20260914,1,2,0.25,0.2528584970859713,-0.008718860231498583
0.75,20260914,1,4,0.0625,0.06044059106516477,-0.005357172166053584
0.75,20260914,2,1,0.25,0.24670679520530858,-0.00462861088669522
0.75,20260914,2,2,0.0625,0.06328099855311574,-0.004085981056691595
0.75,20260914,2,4,0.00390625,0.0010739162031487479,-0.0069538955969358565
0.75,20260914,3,1,0.125,0.1200416414467628,-0.006657802811691653
0.75,20260914,3,2,0.015625,0.013191047848611763,-0.009779779109574649
0.75,20260914,3,4,0.000244140625,-0.0006480066171065696,-0.0044409312192377716
0.75,20260915,1,1,0.5,0.5025519173190484,0.002994762059987588
0.75,20260915,1,2,0.25,0.2549747692772337,0.004546165024950169
0.75,20260915,1,4,0.0625,0.06408574045157743,0.006657690155777812
0.75,20260915,2,1,0.25,0.2512665043498154,0.00488875261200272
0.75,20260915,2,2,0.0625,0.06455014908639418,0.0054624398172872105
0.75,20260915,2,4,0.00390625,0.01100455075103749,0.0012006896527289727
0.75,20260915,3,1,0.125,0.12897458962558433,0.0069781827430128686
0.75,20260915,3,2,0.015625,0.018284847933101755,0.00497511530777672
0.75,20260915,3,4,0.000244140625,0.0037492807407840116,0.0054247450895167065
0.75,20260916,1,1,0.5,0.4992428319658381,-0.007301273644011642
0.75,20260916,1,2,0.25,0.24455718436162924,-0.013805322566856766
0.75,20260916,1,4,0.0625,0.06934158827839454,-0.01000808439463012
0.75,20260916,2,1,0.25,0.25779137881978875,-0.008762942976324694
0.75,20260916,2,2,0.0625,0.06685213952087704,-0.004461988037769167
0.75,20260916,2,4,0.00390625,0.011357564853365875,-0.009678524593422356
0.75,20260916,3,1,0.125,0.13424838142564338,-0.016308119247520198
0.75,20260916,3,2,0.015625,0.02698880412141569,-0.01933456824842178
0.75,20260916,3,4,0.000244140625,0.008642512633001549,-0.006045738003150568
0.75,20260917,1,1,0.5,0.5075512335246049,-0.006110870785263443
0.75,20260917,1,2,0.25,0.2627541149032528,-0.015501221660254055
0.75,20260917,1,4,0.0625,0.08168731362071076,-0.0023787180839520655
0.75,20260917,2,1,0.25,0.26383788829000904,0.0013020890651978666
0.75,20260917,2,2,0.0625,0.07651105842237661,-0.0037967694956077035
0.75,20260917,2,4,0.00390625,0.013657865965630227,0.002487672119446014
0.75,20260917,3,1,0.125,0.13688076602603602,0.003502866061645628
0.75,20260917,3,2,0.015625,0.01747739904708608,-0.0033411068493914295
0.75,20260917,3,4,0.000244140625,0.005039356918824853,-0.006542817478559969
0.75,20260918,1,1,0.5,0.49488624271560283,-0.001982355210992786
0.75,20260918,1,2,0.25,0.2401675392178066,-0.006485390773598199
0.75,20260918,1,4,0.0625,0.05127220146399969,0.00024336243305267267
0.75,20260918,2,1,0.25,0.24478429863865417,-0.001741036433435881
0.75,20260918,2,2,0.0625,0.048223115125507865,0.002927467771107965
0.75,20260918,2,4,0.00390625,0.003079662445100041,-0.0035815303485506804
0.75,20260918,3,1,0.125,0.12729997449158356,0.0005791231153569807
0.75,20260918,3,2,0.015625,0.015007253354303389,0.0015759068579708603
0.75,20260918,3,4,0.000244140625,0.008438447349267186,0.005113136458999807
0.75,20260919,1,1,0.5,0.5041475012173361,-0.0025287233845478776
0.75,20260919,1,2,0.25,0.25502909574188076,-0.004309136689621836
0.75,20260919,1,4,0.0625,0.07466293111817131,-0.006707602180198322
0.75,20260919,2,1,0.25,0.2568854310335585,-0.002944089014339637
0.75,20260919,2,2,0.0625,0.07417077180984769,-0.005443542748721173
0.75,20260919,2,4,0.00390625,0.008658094891841658,-0.006019026164760092
0.75,20260919,3,1,0.125,0.13278642384442887,-0.0036650258268661837
0.75,20260919,3,2,0.015625,0.02225343015140567,-0.00479267416482262
0.75,20260919,3,4,0.000244140625,7.093765604476229e-05,0.017112748851624678
0.75,20260920,1,1,0.5,0.5092683868111428,0.00142313556853531
0.75,20260920,1,2,0.25,0.26709930279579475,0.004239694779379593
0.75,20260920,1,4,0.0625,0.0810283711716645,0.002244957374359516
0.75,20260920,2,1,0.25,0.26205402407443873,0.002809366844002352
0.75,20260920,2,2,0.0625,0.08169864410736631,-0.0017851650683604547
0.75,20260920,2,4,0.00390625,0.00939407228863586,-0.00045710115908521165
0.75,20260920,3,1,0.125,0.12768655631025144,-0.002193517824332956
0.75,20260920,3,2,0.015625,0.021311141774686237,-0.01009774919149593
0.75,20260920,3,4,0.000244140625,0.0033474018695473728,-0.0036238019921653953
0.75,20260921,1,1,0.5,0.4987711279747045,0.005944371226792812
0.75,20260921,1,2,0.25,0.24788283873868722,0.015601109545525849
0.75,20260921,1,4,0.0625,0.05774961936885543,0.0060438823379391805
0.75,20260921,2,1,0.25,0.2456375283403789,0.0002771053113495873
0.75,20260921,2,2,0.0625,0.059117795910842146,0.009297139987904586
0.75,20260921,2,4,0.00390625,-0.0017522682626491225,-0.004241785580525871
0.75,20260921,3,1,0.125,0.12594857854980496,-0.00794573554460518
0.75,20260921,3,2,0.015625,0.01796136734891903,-0.004296566828386692
0.75,20260921,3,4,0.000244140625,0.0028732846496137203,-0.011012714178203677
