beta,epsilon,t,log_gain,theory
1.0001,0.0,1,0.0005069142306163637,0.03444136656343564
1.0001,0.0,2,0.0010140202910565055,0.06888273312687128
1.0001,0.0,4,0.0020288084716970933,0.13776546625374256
1.0001,0.0,8,0.004060693072738351,0.2755309325074851
1.0001,0.0,16,0.008133727370675045,0.5510618650149702
1.0001,0.0,32,0.016317115560368727,1.1021237300299405
1.0001,0.0,64,0.032835278473204894,2.204247460059881
1.0001,0.0,128,0.06649458793126871,4.408494920119762
1.0001,0.0,256,0.13645451207906736,8.816989840239524
1.0001,0.0,512,0.28831951747150414,17.633979680479047
1.0001,0.0,1024,0.6550864864096371,35.267959360958095
1.0001,0.0,2048,1.9443399269010668,70.53591872191619
1.0001,0.0,4096,403.56950534995366,141.07183744383238
1.0001,0.0,8192,439.96958282570995,282.14367488766476
1.0001,0.0,16384,441.0841904211263,564.2873497753295
1.0001,0.0,32768,943.5607686781594,1128.574699550659
1.0001,0.0,65536,3054.3214591106002,2257.149399101318
1.0001,0.0,131072,5121.937216594819,4514.298798202636
1.0001,0.0,200000,8136.557723488954,6888.273312687128
1.0001,0.01,1,-0.0017038068947247572,0.31127443637525015
1.0001,0.01,2,-0.0031944444837208974,0.6225488727505003
1.0001,0.01,4,-0.005509011839493291,1.2450977455010006
1.0001,0.01,8,-0.007264519008809916,2.490195491002001
1.0001,0.01,16,0.0026681806353089244,4.980390982004002
1.0001,0.01,32,0.09894605962520915,9.960781964008005
1.0001,0.01,64,1.1596820594037074,19.92156392801601
1.0001,0.01,128,31.88301091869372,39.84312785603202
1.0001,0.01,256,34.65657360152043,79.68625571206404
1.0001,0.01,512,215.52144660967892,159.37251142412808
1.0001,0.01,1024,385.16705203592255,318.74502284825616
1.0001,0.01,2048,652.7094364449822,637.4900456965123
1.0001,0.01,4096,1256.7270267415981,1274.9800913930246
1.0001,0.01,8192,2662.8744571947136,2549.9601827860492
1.0001,0.01,16384,4892.119300034306,5099.9203655720985
1.0001,0.01,32768,9986.818279648041,10199.840731144197
1.0001,0.01,65536,20086.854185713975,20399.681462288394
1.0001,0.01,131072,41098.67420667378,40799.36292457679
1.0001,0.01,200000,59870.3906103624,62254.88727505003
1.0001,0.1,1,4.193512883208196,0.7765127506126089
1.0001,0.1,2,6.186597940001281,1.5530255012252179
1.0001,0.1,4,10.203191808028269,3.1060510024504357
1.0001,0.1,8,13.37795516311291,6.2121020049008715
1.0001,0.1,16,27.930427079077564,12.424204009801743
1.0001,0.1,32,30.33070893263745,24.848408019603486
1.0001,0.1,64,33.30843056090143,49.69681603920697
1.0001,0.1,128,79.13227227033022,99.39363207841394
1.0001,0.1,256,179.75432292805758,198.7872641568279
1.0001,0.1,512,380.86210464146455,397.5745283136558
1.0001,0.1,1024,758.0589119655945,795.1490566273116
1.0001,0.1,2048,1358.9126001109557,1590.298113254623
1.0001,0.1,4096,2833.689978179437,3180.596226509246
1.0001,0.1,8192,6053.800841320992,6361.192453018492
1.0001,0.1,16384,12585.960052561164,12722.384906036985
1.0001,0.1,32768,25948.79475534852,25444.76981207397
1.0001,0.1,65536,51206.61002635121,50889.53962414794
1.0001,0.1,131072,101030.63694774434,101779.07924829588
1.0001,0.1,200000,154238.83526423224,155302.5501225218
1.0001,0.5,1,8.177100840160696,1.0193481125546648
1.0001,0.5,2,8.462467420724572,2.0386962251093297
1.0001,0.5,4,7.613481434172081,4.077392450218659
1.0001,0.5,8,20.074304611850046,8.154784900437319
1.0001,0.5,16,31.805290538083163,16.309569800874637
1.0001,0.5,32,52.98065932096686,32.619139601749275
1.0001,0.5,64,67.98832314978432,65.23827920349855
1.0001,0.5,128,124.07561984447864,130.4765584069971
1.0001,0.5,256,276.4868458322448,260.9531168139942
1.0001,0.5,512,536.0760577018561,521.9062336279884
1.0001,0.5,1024,1029.6918547588132,1043.8124672559768
1.0001,0.5,2048,1947.583198705229,2087.6249345119536
1.0001,0.5,4096,4023.272494237531,4175.249869023907
1.0001,0.5,8192,8198.14837460673,8350.499738047814
1.0001,0.5,16384,16677.706071190656,16700.99947609563
1.0001,0.5,32768,32934.80336080621,33401.99895219126
1.0001,0.5,65536,66433.48787019578,66803.99790438252
1.0001,0.5,131072,132952.76032189035,133607.99580876503
1.0001,0.5,200000,202839.18717185836,203869.62251093297
1.0001,0.9,1,1.2936096504830938,0.5498559194119739
1.0001,0.9,2,1.8656242513291088,1.0997118388239477
1.0001,0.9,4,-1.4042784212445159,2.1994236776478955
1.0001,0.9,8,4.940286807308151,4.398847355295791
1.0001,0.9,16,-0.7447836405641519,8.797694710591582
1.0001,0.9,32,4.955175100012995,17.595389421183164
1.0001,0.9,64,1.6379139575077486,35.19077884236633
1.0001,0.9,128,61.23736181931329,70.38155768473266
1.0001,0.9,256,108.7986776015044,140.7631153694653
1.0001,0.9,512,147.21089120020204,281.5262307389306
1.0001,0.9,1024,415.9939765680946,563.0524614778612
1.0001,0.9,2048,1021.1910288465072,1126.1049229557225
1.0001,0.9,4096,2206.011545073155,2252.209845911445
1.0001,0.9,8192,4498.905763578739,4504.41969182289
1.0001,0.9,16384,8906.172713050635,9008.83938364578
1.0001,0.9,32768,17858.3384929514,18017.67876729156
1.0001,0.9,65536,35496.00259084641,36035.35753458312
1.0001,0.9,131072,71890.96665029325,72070.71506916624
1.0001,0.9,200000,109618.62649884973,109971.18388239478
1.01,0.0,1,0.010272064223808297,0.32679646140062435
1.01,0.0,2,0.020550666050421728,0.6535929228012487
1.01,0.0,4,0.04112802257595638,1.3071858456024974
1.01,0.0,8,0.08236728895609875,2.614371691204995
1.01,0.0,16,0.16521816724589947,5.22874338240999
1.01,0.0,32,0.3327301572817046,10.45748676481998
1.01,0.0,64,0.678588668268496,20.91497352963996
1.01,0.0,128,1.4749139988713518,41.82994705927992
1.01,0.0,256,24.04270441122603,83.65989411855983
1.01,0.0,512,26.809923061424296,167.31978823711967
1.01,0.0,1024,144.00005349192125,334.63957647423933
1.01,0.0,2048,403.481161101244,669.2791529484787
1.01,0.0,4096,1155.7240907894968,1338.5583058969573
1.01,0.0,8192,2331.5885801443897,2677.1166117939147
1.01,0.0,16384,4949.655615834315,5354.233223587829
1.01,0.0,32768,10698.963829104965,10708.466447175659
1.01,0.0,65536,20943.157459238824,21416.932894351317
1.01,0.0,131072,42642.54443267491,42833.865788702635
1.01,0.0,200000,65716.60495074267,65359.29228012487
1.01,0.01,1,1.4322724474365733,0.43505911312357254
1.01,0.01,2,4.362784439367175,0.8701182262471451
1.01,0.01,4,8.11412939856174,1.7402364524942902
1.01,0.01,8,8.266537208587108,3.4804729049885803
1.01,0.01,16,8.695537041704227,6.960945809977161
1.01,0.01,32,22.686293098057078,13.921891619954321
1.01,0.01,64,24.066421570252498,27.843783239908642
1.01,0.01,128,80.84803688796143,55.687566479817285
1.01,0.01,256,169.10995765520832,111.37513295963457
1.01,0.01,512,257.71568477003837,222.75026591926914
1.01,0.01,1024,420.48124981551416,445.5005318385383
1.01,0.01,2048,732.3128752811369,891.0010636770766
1.01,0.01,4096,1383.0402666231214,1782.0021273541531
1.01,0.01,8192,3148.7540542234497,3564.0042547083062
1.01,0.01,16384,6371.528419120016,7128.0085094166125
1.01,0.01,32768,13673.357198443982,14256.017018833225
1.01,0.01,65536,27226.798574056083,28512.03403766645
1.01,0.01,131072,54634.982871841035,57024.0680753329
1.01,0.01,200000,84669.11591678555,87011.8226247145
1.01,0.1,1,-0.0748482056764907,0.8147809606835363
1.01,0.1,2,-0.1449103159019302,1.6295619213670727
1.01,0.1,4,-0.26525455429572636,3.2591238427341453
1.01,0.1,8,-0.3571288587043284,6.518247685468291
1.01,0.1,16,3.514478728799732,13.036495370936581
1.01,0.1,32,8.047560854840963,26.072990741873163
1.01,0.1,64,57.05304788361771,52.145981483746326
1.01,0.1,128,136.33078086064302,104.29196296749265
1.01,0.1,256,199.22732938321997,208.5839259349853
1.01,0.1,512,476.20292599061753,417.1678518699706
1.01,0.1,1024,833.0613539161135,834.3357037399412
1.01,0.1,2048,1612.095880537274,1668.6714074798824
1.01,0.1,4096,3109.690071591681,3337.342814959765
1.01,0.1,8192,6500.482566181626,6674.68562991953
1.01,0.1,16384,13420.452184789554,13349.37125983906
1.01,0.1,32768,26827.05728583197,26698.74251967812
1.01,0.1,65536,53847.41953015855,53397.48503935624
1.01,0.1,131072,108070.22028270217,106794.97007871247
1.01,0.1,200000,165517.39253298202,162956.19213670728
1.01,0.5,1,-0.43067980024136043,1.0355591314790602
1.01,0.5,2,0.7150950676213458,2.0711182629581204
1.01,0.5,4,1.6171319911869648,4.142236525916241
1.01,0.5,8,10.959880621733022,8.284473051832482
1.01,0.5,16,19.68742115755876,16.568946103664963
1.01,0.5,32,31.568297226762077,33.13789220732993
1.01,0.5,64,47.94898915746974,66.27578441465985
1.01,0.5,128,108.80490260220877,132.5515688293197
1.01,0.5,256,244.09747101679528,265.1031376586394
1.01,0.5,512,493.93709313244307,530.2062753172788
1.01,0.5,1024,969.5382948027218,1060.4125506345576
1.01,0.5,2048,2001.0372066638465,2120.8251012691153
1.01,0.5,4096,4309.382084198212,4241.650202538231
1.01,0.5,8192,8501.83067588195,8483.300405076461
1.01,0.5,16384,16758.854612379902,16966.600810152922
1.01,0.5,32768,33720.21706504678,33933.201620305845
1.01,0.5,65536,67605.23941069264,67866.40324061169
1.01,0.5,131072,135379.75069213094,135732.80648122338
1.01,0.5,200000,206873.39319734953,207111.82629581203
1.01,0.9,1,0.031443383707976336,0.5803330239824791
1.01,0.9,2,2.9185613196593563,1.1606660479649582
1.01,0.9,4,5.916071153363058,2.3213320959299164
1.01,0.9,8,6.120669499084211,4.642664191859833
1.01,0.9,16,12.204803375194698,9.285328383719666
1.01,0.9,32,14.787393752492752,18.57065676743933
1.01,0.9,64,14.13185916812141,37.14131353487866
1.01,0.9,128,29.095455645941225,74.28262706975732
1.01,0.9,256,83.33861668433809,148.56525413951465
1.01,0.9,512,232.65174072030752,297.1305082790293
1.01,0.9,1024,528.8449332081065,594.2610165580586
1.01,0.9,2048,1092.3844803927698,1188.5220331161172
1.01,0.9,4096,2225.5262266862783,2377.0440662322344
1.01,0.9,8192,4386.9406892785955,4754.088132464469
1.01,0.9,16384,9268.751099217296,9508.176264928938
1.01,0.9,32768,18590.049612902327,19016.352529857875
1.01,0.9,65536,38301.85656632132,38032.70505971575
1.01,0.9,131072,76006.14479252891,76065.4101194315
1.01,0.9,200000,116824.3898433185,116066.60479649583
1.1,0.0,1,5.080460540267695,0.9101573245261023
1.1,0.0,2,5.6947415051726304,1.8203146490522046
1.1,0.0,4,10.4831068227891,3.6406292981044093
1.1,0.0,8,11.883866711609768,7.2812585962088185
1.1,0.0,16,18.69686799637179,14.562517192417637
1.1,0.0,32,32.786720126496704,29.125034384835274
1.1,0.0,64,71.2439557017418,58.25006876967055
1.1,0.0,128,135.3610982589321,116.5001375393411
1.1,0.0,256,285.92851662298915,233.0002750786822
1.1,0.0,512,500.17638489850657,466.0005501573644
1.1,0.0,1024,936.6902713000505,932.0011003147288
1.1,0.0,2048,1904.3879102346823,1864.0022006294575
1.1,0.0,4096,3817.5177300906034,3728.004401258915
1.1,0.0,8192,7491.164235334867,7456.00880251783
1.1,0.0,16384,15114.625015563362,14912.01760503566
1.1,0.0,32768,29871.35369821266,29824.03521007132
1.1,0.0,65536,59400.070974321796,59648.07042014264
1.1,0.0,131072,119258.82324730286,119296.14084028528
1.1,0.0,200000,180940.47723572224,182031.46490522046
1.1,0.01,1,4.593059792340593,0.9338800986171674
1.1,0.01,2,5.544960000877788,1.8677601972343347
1.1,0.01,4,9.244307202366512,3.7355203944686695
1.1,0.01,8,10.277783757609706,7.471040788937339
1.1,0.01,16,19.417128498974296,14.942081577874678
1.1,0.01,32,43.01197352106885,29.884163155749356
1.1,0.01,64,70.62738180610081,59.76832631149871
1.1,0.01,128,104.01078043553383,119.53665262299742
1.1,0.01,256,245.56158376166354,239.07330524599485
1.1,0.01,512,480.63263932348985,478.1466104919897
1.1,0.01,1024,913.0350794181174,956.2932209839794
1.1,0.01,2048,1737.4493037754362,1912.5864419679588
1.1,0.01,4096,3684.1257484476914,3825.1728839359175
1.1,0.01,8192,7254.785767285646,7650.345767871835
1.1,0.01,16384,14731.797709821833,15300.69153574367
1.1,0.01,32768,30418.372313511692,30601.38307148734
1.1,0.01,65536,60921.65272717466,61202.76614297468
1.1,0.01,131072,121067.14421351085,122405.53228594936
1.1,0.01,200000,186070.22876137675,186776.01972343348
1.1,0.1,1,0.12251518754378471,1.0805003606110113
1.1,0.1,2,0.31300380045867005,2.1610007212220226
1.1,0.1,4,1.1723439392389539,4.322001442444045
1.1,0.1,8,7.332485025426744,8.64400288488809
1.1,0.1,16,23.851897459782343,17.28800576977618
1.1,0.1,32,36.066410483587106,34.57601153955236
1.1,0.1,64,91.18948374637225,69.15202307910472
1.1,0.1,128,170.3472623683616,138.30404615820945
1.1,0.1,256,302.66243077286003,276.6080923164189
1.1,0.1,512,591.3993778744026,553.2161846328378
1.1,0.1,1024,1145.3648306233838,1106.4323692656756
1.1,0.1,2048,2337.7909784731987,2212.864738531351
1.1,0.1,4096,4399.458896638823,4425.729477062702
1.1,0.1,8192,8869.62705268728,8851.458954125404
1.1,0.1,16384,17868.000965059975,17702.91790825081
1.1,0.1,32768,35724.71166333333,35405.83581650162
1.1,0.1,65536,71191.48786782309,70811.67163300324
1.1,0.1,131072,141435.6283519839,141623.34326600647
1.1,0.1,200000,215529.08723113648,216100.07212220225
1.1,0.5,1,3.0836658238449024,1.169743154139848
1.1,0.5,2,3.638172357676721,2.339486308279696
1.1,0.5,4,10.824465389328337,4.678972616559392
1.1,0.5,8,18.603351821673886,9.357945233118784
1.1,0.5,16,30.792793193708103,18.715890466237568
1.1,0.5,32,66.12173019048286,37.431780932475135
1.1,0.5,64,123.24270581347487,74.86356186495027
1.1,0.5,128,202.39507438009653,149.72712372990054
1.1,0.5,256,344.1204659330436,299.4542474598011
1.1,0.5,512,705.159657207863,598.9084949196022
1.1,0.5,1024,1290.3592597060926,1197.8169898392043
1.1,0.5,2048,2419.2701339459004,2395.6339796784087
1.1,0.5,4096,4847.390115977749,4791.267959356817
1.1,0.5,8192,9726.055458218378,9582.535918713635
1.1,0.5,16384,19214.578771032204,19165.07183742727
1.1,0.5,32768,38575.151110630475,38330.14367485454
1.1,0.5,65536,76767.1083662076,76660.28734970908
1.1,0.5,131072,153854.09565967086,153320.57469941815
1.1,0.5,200000,234660.78023470103,233948.63082796958
1.1,0.9,1,-1.604640965746642,0.8056197630038242
1.1,0.9,2,-2.6023348506877477,1.6112395260076484
1.1,0.9,4,-2.5885347684325897,3.222479052015297
1.1,0.9,8,-3.1910674094728924,6.444958104030594
1.1,0.9,16,-1.7983896044290761,12.889916208061187
1.1,0.9,32,10.796127251954792,25.779832416122375
1.1,0.9,64,29.35556646658478,51.55966483224475
1.1,0.9,128,104.0886635507079,103.1193296644895
1.1,0.9,256,221.5484035080632,206.238659328979
1.1,0.9,512,504.2178811866606,412.477318657958
1.1,0.9,1024,922.1762967038553,824.954637315916
1.1,0.9,2048,1808.5381907290848,1649.909274631832
1.1,0.9,4096,3404.4271057320484,3299.818549263664
1.1,0.9,8192,6979.23169349662,6599.637098527328
1.1,0.9,16384,13950.353128380555,13199.274197054656
1.1,0.9,32768,26956.286596760187,26398.54839410931
1.1,0.9,65536,53075.376373005965,52797.09678821862
1.1,0.9,131072,105295.53553735661,105594.19357643725
1.1,0.9,200000,160174.2258688764,161123.95260076484
2.0,0.0,1,0.7051535083792467,2.0364875897668466
2.0,0.0,2,1.4470096014215792,4.072975179533693
2.0,0.0,4,4.147081647404266,8.145950359067387
2.0,0.0,8,16.088199731590855,16.291900718134773
2.0,0.0,16,25.180081580666553,32.583801436269546
2.0,0.0,32,51.01384785086,65.16760287253909
2.0,0.0,64,109.49825441803883,130.33520574507818
2.0,0.0,128,291.47610891913916,260.67041149015637
2.0,0.0,256,538.7493459931211,521.3408229803127
2.0,0.0,512,1057.0577701494656,1042.6816459606255
2.0,0.0,1024,2038.1302850220047,2085.363291921251
2.0,0.0,2048,4102.77227536913,4170.726583842502
2.0,0.0,4096,8292.458572330794,8341.453167685004
2.0,0.0,8192,16682.334477366818,16682.906335370008
2.0,0.0,16384,33380.35537115474,33365.812670740015
2.0,0.0,32768,66665.47159328093,66731.62534148003
2.0,0.0,65536,132697.49761629137,133463.25068296006
2.0,0.0,131072,266364.08284725435,266926.5013659201
2.0,0.0,200000,406736.48116373504,407297.5179533693
2.0,0.01,1,0.7178854531824886,2.035854468945879
2.0,0.01,2,1.489099053572276,4.071708937891758
2.0,0.01,4,6.236338272786707,8.143417875783516
2.0,0.01,8,23.159749724065207,16.286835751567033
2.0,0.01,16,38.30434630041957,32.573671503134065
2.0,0.01,32,76.49787488657354,65.14734300626813
2.0,0.01,64,148.206634278404,130.29468601253626
2.0,0.01,128,291.61848626817846,260.5893720250725
2.0,0.01,256,520.5694297648375,521.178744050145
2.0,0.01,512,1086.7466608022003,1042.35748810029
2.0,0.01,1024,2045.2969729000072,2084.71497620058
2.0,0.01,2048,4076.3743149117936,4169.42995240116
2.0,0.01,4096,8231.249058340782,8338.85990480232
2.0,0.01,8192,16664.669269853508,16677.71980960464
2.0,0.01,16384,33251.187572057315,33355.43961920928
2.0,0.01,32768,66695.86967844919,66710.87923841857
2.0,0.01,65536,133425.82634868284,133421.75847683713
2.0,0.01,131072,266366.5801438138,266843.51695367426
2.0,0.01,200000,406955.6454224165,407170.89378917584
2.0,0.1,1,1.101991147578531,2.02742629985953
2.0,0.1,2,9.980492944066304,4.05485259971906
2.0,0.1,4,12.131490016462433,8.10970519943812
2.0,0.1,8,15.131666962911854,16.21941039887624
2.0,0.1,16,27.535893313607712,32.43882079775248
2.0,0.1,32,50.83931619005619,64.87764159550495
2.0,0.1,64,132.2537222448303,129.7552831910099
2.0,0.1,128,241.82879417586355,259.5105663820198
2.0,0.1,256,523.8081106339037,519.0211327640396
2.0,0.1,512,990.1186789388943,1038.0422655280793
2.0,0.1,1024,1985.4520525747344,2076.0845310561585
2.0,0.1,2048,4072.833385527025,4152.169062112317
2.0,0.1,4096,8158.343030290554,8304.338124224634
2.0,0.1,8192,16333.843195578243,16608.67624844927
2.0,0.1,16384,33053.55718801612,33217.35249689854
2.0,0.1,32768,66003.83144476335,66434.70499379707
2.0,0.1,65536,132253.92546395486,132869.40998759415
2.0,0.1,131072,265516.7068368598,265738.8199751883
2.0,0.1,200000,405686.8155007405,405485.25997190597
2.0,0.5,1,3.027938187002316,1.9400457411852603
2.0,0.5,2,3.8180815212954737,3.8800914823705206
2.0,0.5,4,4.761683520230806,7.760182964741041
2.0,0.5,8,7.787775823004784,15.520365929482082
2.0,0.5,16,33.48393222601297,31.040731858964165
2.0,0.5,32,56.289447625540674,62.08146371792833
2.0,0.5,64,116.62395017141996,124.16292743585666
2.0,0.5,128,240.38478269955826,248.32585487171332
2.0,0.5,256,472.2609322735713,496.65170974342664
2.0,0.5,512,909.0045934801441,993.3034194868533
2.0,0.5,1024,1897.9799817994394,1986.6068389737065
2.0,0.5,2048,3868.247859214369,3973.213677947413
2.0,0.5,4096,7880.372067328829,7946.427355894826
2.0,0.5,8192,15806.058426840926,15892.854711789652
2.0,0.5,16384,31616.726536520528,31785.709423579305
2.0,0.5,32768,63500.35718143397,63571.41884715861
2.0,0.5,65536,126733.17376417555,127142.83769431722
2.0,0.5,131072,254431.80621576982,254285.67538863444
2.0,0.5,200000,388364.86330077343,388009.1482370521
2.0,0.9,1,0.7316390390093247,1.8027784359554793
2.0,0.9,2,1.636383748485442,3.6055568719109585
2.0,0.9,4,3.04724774759854,7.211113743821917
2.0,0.9,8,9.56438919481402,14.422227487643834
2.0,0.9,16,16.570310190618997,28.844454975287668
2.0,0.9,32,41.84766147851052,57.688909950575336
2.0,0.9,64,100.91071680799398,115.37781990115067
2.0,0.9,128,184.64612897961698,230.75563980230135
2.0,0.9,256,430.7195647535884,461.5112796046027
2.0,0.9,512,807.562465708956,923.0225592092054
2.0,0.9,1024,1716.5141267743675,1846.0451184184108
2.0,0.9,2048,3505.067487757692,3692.0902368368215
2.0,0.9,4096,7145.304769834688,7384.180473673643
2.0,0.9,8192,14422.915838649144,14768.360947347286
2.0,0.9,16384,28956.95761625419,29536.721894694572
2.0,0.9,32768,58534.75088478899,59073.443789389145
2.0,0.9,65536,117493.67242557484,118146.88757877829
2.0,0.9,131072,236103.36379986999,236293.77515755658
2.0,0.9,200000,360084.79025802505,360555.68719109584
