distribution,node_count,initialization,coupling_strength,seed_count,finite_seed_count,mean_tm_order,std_tm_order,mean_q05_tm_order,median_sync_residual,synchronization_success_rate
biased_sign,64,global,0.0,3,3,0.08873872945182527,0.004760248064638114,0.02245684014189885,0.36339722648951184,0.0
biased_sign,64,global,0.1,3,3,0.17677714774614842,0.021792804022071666,0.023306731990558577,0.3517737227624862,0.0
biased_sign,64,global,0.2,3,3,0.27539138799985174,0.05421436839626125,0.030895892579046184,0.32494593718872133,0.0
biased_sign,64,global,0.3,3,3,0.35502630745649544,0.04528107259595463,0.042040486335182,0.2984240628428302,0.0
biased_sign,64,global,0.4,3,3,0.39889908728361795,0.0007092286731500897,0.0428217064242452,0.2908342320106344,0.0
biased_sign,64,global,0.45,3,3,0.4056222647630358,0.018564140406793724,0.04446693574157189,0.27292382609519794,0.0
biased_sign,64,global,0.5,3,3,0.44173897696156256,0.04396618151072253,0.041543073880987276,0.24588332573920746,0.0
biased_sign,64,global,0.55,3,3,0.5186034172500998,0.029620229690887016,0.055388096141235486,0.19933477892678195,0.0
biased_sign,64,global,0.6,3,3,0.524251353918684,0.0024251934603767436,0.05841251469175432,0.1963717029976661,0.0
biased_sign,64,global,0.65,3,3,0.5676776640969362,0.030008399474723894,0.07743352991029201,0.16310591694260845,0.0
biased_sign,64,global,0.7,3,3,0.5883688202293093,0.039980745489791365,0.061834792639998915,0.15298109427239484,0.0
biased_sign,64,local,0.0,3,3,0.08054675312485708,0.0036814492497374124,0.018959324024159365,0.36361600136072747,0.0
biased_sign,64,local,0.1,3,3,0.18991319568917095,0.019345633483822414,0.02687179680103267,0.3483871113910799,0.0
biased_sign,64,local,0.2,3,3,0.29885675019029795,0.013995578071556495,0.03305442424788609,0.31712087261153143,0.0
biased_sign,64,local,0.3,3,3,0.3455989715026376,0.04835543876991023,0.039689516600435244,0.2941106227211684,0.0
biased_sign,64,local,0.4,3,3,0.38659910110959633,0.04117765298861482,0.04140490504661727,0.27359950592770743,0.0
biased_sign,64,local,0.45,3,3,0.41946583046939206,0.026415953794472567,0.04719678077344892,0.2770840288699604,0.0
biased_sign,64,local,0.5,3,3,0.44953688603045694,0.027782165629612585,0.04571312884697917,0.25702453748111964,0.0
biased_sign,64,local,0.55,3,3,0.4469005016773487,0.03932102681989414,0.053200793571479776,0.24810348338649402,0.0
biased_sign,64,local,0.6,3,3,0.49304392868994884,0.054597890251754023,0.05735889828467464,0.2522220694159932,0.0
biased_sign,64,local,0.65,3,3,0.4693106629669968,0.030426285063807436,0.052439613480297555,0.22583260539189498,0.0
biased_sign,64,local,0.7,3,3,0.5777526392448603,0.0550874333740162,0.06261740822715663,0.14013893435280322,0.0
biased_sign,128,global,0.0,3,3,0.06274053306550807,0.0025347385059751007,0.01598579582741116,0.3641130816354323,0.0
biased_sign,128,global,0.1,3,3,0.1804687430208327,0.04614167390678003,0.019759447830066945,0.3497822098723274,0.0
biased_sign,128,global,0.2,3,3,0.23386406084635625,0.028111587529170298,0.021890048195493145,0.3375505956761332,0.0
biased_sign,128,global,0.3,3,3,0.28651637570503347,0.02336769401269031,0.02707455690272421,0.33151072228700995,0.0
biased_sign,128,global,0.4,3,3,0.3632185004532247,0.03731328180722241,0.03839900644160516,0.29305735323331566,0.0
biased_sign,128,global,0.45,3,3,0.4122400134594573,0.03184095836640085,0.04343098427148512,0.26656777173968327,0.0
biased_sign,128,global,0.5,3,3,0.4534507155506786,0.02775756698104725,0.042285621655967914,0.26113510048791266,0.0
biased_sign,128,global,0.55,3,3,0.5166084419548027,0.0559198208047211,0.06310108630990448,0.2087315346199365,0.0
biased_sign,128,global,0.6,3,3,0.4975090105697552,0.036876393658058594,0.04881300933470898,0.20655324890485519,0.0
biased_sign,128,global,0.65,3,3,0.6044562653548947,0.04662412326619786,0.07424241538791555,0.131179391874018,0.0
biased_sign,128,global,0.7,3,3,0.5543101017139627,0.01785778243561846,0.058121845974849935,0.18589391605460698,0.0
biased_sign,128,local,0.0,3,3,0.056515273154520686,0.0025714318281352963,0.011826833067044802,0.36600112574619753,0.0
biased_sign,128,local,0.1,3,3,0.1690830304694004,0.01270600318923423,0.018563736039709344,0.35027239811378463,0.0
biased_sign,128,local,0.2,3,3,0.2872904543490385,0.03182418733228979,0.02518599303090371,0.31772528906253716,0.0
biased_sign,128,local,0.3,3,3,0.26074266099409854,0.014411331800470304,0.028870421274751198,0.3304630888508173,0.0
biased_sign,128,local,0.4,3,3,0.40473390925135927,0.04636203891019922,0.034563711006833,0.2863794211481949,0.0
biased_sign,128,local,0.45,3,3,0.38621252729584504,0.06576576161252513,0.03608212865260801,0.2800673520621477,0.0
biased_sign,128,local,0.5,3,3,0.4099438023650726,0.04638896325020039,0.04360888287621097,0.28915700353265605,0.0
biased_sign,128,local,0.55,3,3,0.4707879095837561,0.029021495550087997,0.05313662690389718,0.2325831017737059,0.0
biased_sign,128,local,0.6,3,3,0.5368240365222058,0.015568748450533267,0.0530314422578578,0.20295933864652127,0.0
biased_sign,128,local,0.65,3,3,0.5079565073103556,0.08428760253617963,0.048645707083885804,0.2373405320018333,0.0
biased_sign,128,local,0.7,3,3,0.5852760543991863,0.036247940658846046,0.05613993684894344,0.1476498173492182,0.0
biased_sign,256,global,0.0,3,3,0.04242000049858815,0.0015796472770177189,0.009356586996014651,0.36663847487643175,0.0
biased_sign,256,global,0.1,3,3,0.16616119443233882,0.031121330785939004,0.01570843030990514,0.3535366823482934,0.0
biased_sign,256,global,0.2,3,3,0.2845790689409188,0.0300643997687808,0.021722084859459506,0.3369235960299665,0.0
biased_sign,256,global,0.3,3,3,0.29276836388098143,0.03870358079380651,0.02147414844869744,0.33628265148813263,0.0
biased_sign,256,global,0.4,3,3,0.40462176503430997,0.06892875907919378,0.026395423082978747,0.2794764381346754,0.0
biased_sign,256,global,0.45,3,3,0.4723657820092579,0.06176866919310248,0.042618030537013324,0.25571746068141193,0.0
biased_sign,256,global,0.5,3,3,0.4536523075977091,0.031877234244403495,0.03546047004024016,0.27072581769827375,0.0
biased_sign,256,global,0.55,3,3,0.4725716660697459,0.04858449842914826,0.0394256937144985,0.21588791223256237,0.0
biased_sign,256,global,0.6,3,3,0.5744806574540476,0.05655592116571634,0.050323346760420135,0.14985826349809758,0.0
biased_sign,256,global,0.65,3,3,0.5585662887135284,0.09164709307876948,0.05171959205343857,0.19738695610268653,0.0
biased_sign,256,global,0.7,3,3,0.6257593733096154,0.03499336733412957,0.06339409044000809,0.13025444184786672,0.0
biased_sign,256,local,0.0,3,3,0.04243434464237675,0.0005449922268357261,0.010123226089873054,0.36519423426110853,0.0
biased_sign,256,local,0.1,3,3,0.12932814395626926,0.041272540558214325,0.013415684410524362,0.35862262122315675,0.0
biased_sign,256,local,0.2,3,3,0.2207937309042105,0.059288820918945974,0.019708413060365717,0.3499239555923671,0.0
biased_sign,256,local,0.3,3,3,0.27073794175378413,0.013698937007551282,0.02255792386782438,0.3333715742428108,0.0
biased_sign,256,local,0.4,3,3,0.37930754529955335,0.014911742219160709,0.02952193990028769,0.3055396866309501,0.0
biased_sign,256,local,0.45,3,3,0.41421403400542384,0.041173795028166725,0.03228071940940472,0.27402150733524994,0.0
biased_sign,256,local,0.5,3,3,0.44744356247193523,0.0907832788147808,0.036901815095769654,0.23402601398860584,0.0
biased_sign,256,local,0.55,3,3,0.4791072029992907,0.038803803115298935,0.04312102610429667,0.2508159887954753,0.0
biased_sign,256,local,0.6,3,3,0.5484117788188524,0.010921008826059427,0.0461168607473591,0.16758110099738766,0.0
biased_sign,256,local,0.65,3,3,0.5549373405130652,0.05626684966535593,0.0541891409731812,0.15651330591389284,0.0
biased_sign,256,local,0.7,3,3,0.5781727953092697,0.014952103273869975,0.06343991758228905,0.16630718983204873,0.0
positive_binary,64,global,0.0,3,3,0.08873872945182527,0.004760248064638114,0.02245684014189885,0.36339722648951184,0.0
positive_binary,64,global,0.1,3,3,0.16920032401867333,0.030971194660543207,0.0253407612120215,0.35393425443230986,0.0
positive_binary,64,global,0.2,3,3,0.24116975432448248,0.03631668174664757,0.03238696564833757,0.3418699790353351,0.0
positive_binary,64,global,0.3,3,3,0.34414257931320935,0.04002998530260256,0.040645280264974465,0.31968511340682093,0.0
positive_binary,64,global,0.4,3,3,0.4574474354358782,0.023042587949661606,0.05345153905816084,0.29191810640418914,0.0
positive_binary,64,global,0.45,3,3,0.47075663268501033,0.020088147013423166,0.05662777216809963,0.28248501743156806,0.0
positive_binary,64,global,0.5,3,3,0.5591085853770235,0.036603679601748984,0.06018299828430279,0.22060037370404995,0.0
positive_binary,64,global,0.55,3,3,0.6149857789453228,0.031376607893475565,0.06381438911852143,0.18349923109043864,0.0
positive_binary,64,global,0.6,3,3,0.6615921000765325,0.047575897035987004,0.09027999550898941,0.1615246061323545,0.0
positive_binary,64,global,0.65,3,3,0.7362780898380096,0.09851721679014928,0.11348216120035777,0.11496978383354867,0.0
positive_binary,64,global,0.7,3,3,0.8691536971334801,0.10094098467441363,0.422015008266216,0.0812054443070685,0.3333333333333333
positive_binary,64,local,0.0,3,3,0.08054675312485708,0.0036814492497374124,0.018959324024159365,0.36361600136072747,0.0
positive_binary,64,local,0.1,3,3,0.18694814427984138,0.025591236112050542,0.03050234186065035,0.3497243082086119,0.0
positive_binary,64,local,0.2,3,3,0.24035909345269482,0.033289081870263144,0.03811954748026985,0.3403157906904069,0.0
positive_binary,64,local,0.3,3,3,0.3560590806546475,0.012018044318433983,0.0387331300868372,0.3215665286080679,0.0
positive_binary,64,local,0.4,3,3,0.4400441591658451,0.07693548273721988,0.04903131331666407,0.28950342535226326,0.0
positive_binary,64,local,0.45,3,3,0.4516882813087421,0.053909620649771985,0.054465749049848376,0.3027371331598063,0.0
positive_binary,64,local,0.5,3,3,0.5265484933469112,0.027572617400298843,0.058438356710433396,0.26429152536038,0.0
positive_binary,64,local,0.55,3,3,0.5295641822668783,0.023120132296207952,0.05946259369333463,0.24210562432729546,0.0
positive_binary,64,local,0.6,3,3,0.640790716228175,0.025821379419378225,0.08315986994361318,0.18823834951195814,0.0
positive_binary,64,local,0.65,3,3,0.7824984099291384,0.045751772706508036,0.07765728323564287,0.0918667299804019,0.0
positive_binary,64,local,0.7,3,3,0.9178626920784683,0.08684563048267185,0.5814246310010255,0.08663931521279211,0.6666666666666666
positive_binary,128,global,0.0,3,3,0.06274053306550807,0.0025347385059751007,0.01598579582741116,0.3641130816354323,0.0
positive_binary,128,global,0.1,3,3,0.18470573498970033,0.00443913322563644,0.022170253671574325,0.35165130821227053,0.0
positive_binary,128,global,0.2,3,3,0.2321198934525772,0.028952892768219052,0.024810205390481777,0.34924675471075595,0.0
positive_binary,128,global,0.3,3,3,0.3490471994982845,0.025243862284535148,0.037301415878828514,0.3299363215013561,0.0
positive_binary,128,global,0.4,3,3,0.4317273812063303,0.034431283186000756,0.04298618783457605,0.30063577638861816,0.0
positive_binary,128,global,0.45,3,3,0.45772013127481365,0.04708784999334342,0.04857272847428192,0.2851395591789151,0.0
positive_binary,128,global,0.5,3,3,0.5507035284453269,0.03759501036949081,0.05261326677503699,0.2571804263090546,0.0
positive_binary,128,global,0.55,3,3,0.5883130697196662,0.020646590688594688,0.06288294624712795,0.23083244378139242,0.0
positive_binary,128,global,0.6,3,3,0.6578461552772631,0.06622122235479473,0.06779288587885653,0.13422544618529003,0.0
positive_binary,128,global,0.65,3,3,0.7140116502688497,0.045798591264811825,0.08959203653176834,0.09800404187307032,0.0
positive_binary,128,global,0.7,3,3,0.773201754159618,0.008412588590897701,0.14475704031319703,0.05875031042013588,0.0
positive_binary,128,local,0.0,3,3,0.056515273154520686,0.0025714318281352963,0.011826833067044802,0.36600112574619753,0.0
positive_binary,128,local,0.1,3,3,0.16906642626957344,0.021092693026112493,0.022347278576754084,0.35492024921327014,0.0
positive_binary,128,local,0.2,3,3,0.2777203503108552,0.042195453428910616,0.028206599514997144,0.3423763146681046,0.0
positive_binary,128,local,0.3,3,3,0.3348377127042839,0.051808542860376464,0.034973902307675206,0.32342176251419913,0.0
positive_binary,128,local,0.4,3,3,0.4038648222987254,0.029212736675551194,0.037477123365101395,0.3033056317090422,0.0
positive_binary,128,local,0.45,3,3,0.45284883103952683,0.014501596398909673,0.04060838444590282,0.28902773394764875,0.0
positive_binary,128,local,0.5,3,3,0.5078087872765091,0.019278380277422916,0.04889911120604822,0.2680977135250846,0.0
positive_binary,128,local,0.55,3,3,0.6407489032317777,0.020871943059295288,0.07473567302531596,0.19356053040647175,0.0
positive_binary,128,local,0.6,3,3,0.6446456777505243,0.06927082294397106,0.09538011566779615,0.21057666560899616,0.0
positive_binary,128,local,0.65,3,3,0.7136102951737836,0.05758947429846544,0.08546706498240604,0.1258341030748601,0.0
positive_binary,128,local,0.7,3,3,0.8583036954990959,0.008773771118758877,0.17862534721342183,0.05779453743300349,0.0
positive_binary,256,global,0.0,3,3,0.04242000049858815,0.0015796472770177189,0.009356586996014651,0.36663847487643175,0.0
positive_binary,256,global,0.1,3,3,0.15245442033614132,0.004075000149467376,0.017846916302396345,0.3595371305652725,0.0
positive_binary,256,global,0.2,3,3,0.21116371751104276,0.029558339485038485,0.020320766884335043,0.3523615337635971,0.0
positive_binary,256,global,0.3,3,3,0.3097523235102421,0.006978979632516712,0.02636735880512932,0.3352830057554354,0.0
positive_binary,256,global,0.4,3,3,0.43469912367246216,0.059655583049523654,0.04249407345509057,0.29879232102525366,0.0
positive_binary,256,global,0.45,3,3,0.42416745799106575,0.025609563617522566,0.03396072697997809,0.31145651482029335,0.0
positive_binary,256,global,0.5,3,3,0.5755108617725968,0.01996457652030907,0.059064822315667787,0.23777290906020943,0.0
positive_binary,256,global,0.55,3,3,0.5877554338960239,0.006001925975550723,0.055855855184869165,0.2157641833916773,0.0
positive_binary,256,global,0.6,3,3,0.6265874743808157,0.025954907230765885,0.07125387233396384,0.19232561176032864,0.0
positive_binary,256,global,0.65,3,3,0.7390391188628858,0.061136247602890416,0.09998129355884376,0.08871740629845373,0.0
positive_binary,256,global,0.7,3,3,0.8235718211022731,0.07600403687218525,0.13510311345281165,0.03832130294179096,0.0
positive_binary,256,local,0.0,3,3,0.04243434464237675,0.0005449922268357261,0.010123226089873054,0.36519423426110853,0.0
positive_binary,256,local,0.1,3,3,0.14752908666728962,0.0009484442280108083,0.014984596499961351,0.35644586180277116,0.0
positive_binary,256,local,0.2,3,3,0.2326607850305766,0.019960631937226213,0.02448972642753905,0.3520488046740017,0.0
positive_binary,256,local,0.3,3,3,0.3260850453676909,0.01707748503442233,0.029987063896010215,0.3341851761753194,0.0
positive_binary,256,local,0.4,3,3,0.42525678769844505,0.055794101361022114,0.04422613070221463,0.3138724382621789,0.0
positive_binary,256,local,0.45,3,3,0.49221141715300004,0.04292683537008396,0.04553575162970879,0.27967846099672655,0.0
positive_binary,256,local,0.5,3,3,0.542121644954753,0.06178476706388898,0.0554340932008103,0.2760644789460289,0.0
positive_binary,256,local,0.55,3,3,0.5602549912773226,0.048924831190304725,0.05992751871136698,0.2328994149053184,0.0
positive_binary,256,local,0.6,3,3,0.6479863066194084,0.0751027409570718,0.0639653477308341,0.20069247295691028,0.0
positive_binary,256,local,0.65,3,3,0.7052511517403293,0.046182030478283745,0.07911375968969984,0.12364957771858318,0.0
positive_binary,256,local,0.7,3,3,0.8096208798110696,0.03504745491389285,0.1451092435886346,0.03763388689965872,0.0
rademacher,64,global,0.0,3,3,0.08873872945182527,0.004760248064638114,0.02245684014189885,0.36339722648951184,0.0
rademacher,64,global,0.1,3,3,0.0860557352163085,0.0045826848260178,0.01923495903834004,0.3650746274128427,0.0
rademacher,64,global,0.2,3,3,0.08900825530653778,0.0010935250143684508,0.021899255305617024,0.3715635770490874,0.0
rademacher,64,global,0.3,3,3,0.09016277855485821,0.0026999818282737475,0.019664322858293035,0.3727819136071495,0.0
rademacher,64,global,0.4,3,3,0.08971728996263979,0.004274482224442611,0.01956256709335265,0.378437168110933,0.0
rademacher,64,global,0.45,3,3,0.09312305439363937,0.0032860564006706124,0.02332989664500253,0.3759368793054074,0.0
rademacher,64,global,0.5,3,3,0.08982189295006242,0.00491355648519289,0.020078992766602615,0.37605196630619836,0.0
rademacher,64,global,0.55,3,3,0.09055065153103618,0.0027765105789198255,0.02056040381281007,0.3911958006717699,0.0
rademacher,64,global,0.6,3,3,0.09442550455182191,0.010692282732121272,0.018814186271422645,0.3835132106197931,0.0
rademacher,64,global,0.65,3,3,0.09533620849238598,0.0023213560574281067,0.021497430183235865,0.3914204409976927,0.0
rademacher,64,global,0.7,3,3,0.09706537552880116,0.008192202061811602,0.02231825493072831,0.3969866912134382,0.0
rademacher,64,local,0.0,3,3,0.08054675312485708,0.0036814492497374124,0.018959324024159365,0.36361600136072747,0.0
rademacher,64,local,0.1,3,3,0.08692703602771983,0.001136070654627515,0.01710363355699512,0.36303915001391945,0.0
rademacher,64,local,0.2,3,3,0.0880642531309729,0.005943824815640668,0.01786290695938964,0.3670633250109295,0.0
rademacher,64,local,0.3,3,3,0.08841754510556071,0.004187163058064532,0.017824750343348256,0.37050208344850577,0.0
rademacher,64,local,0.4,3,3,0.09124459290872755,0.003397451257349998,0.020894496325188545,0.373744037590509,0.0
rademacher,64,local,0.45,3,3,0.0920725737641654,0.006206303025448938,0.023059264799246873,0.37868247455179616,0.0
rademacher,64,local,0.5,3,3,0.087079987107456,0.003160664673032713,0.018623544038223028,0.3864542658493545,0.0
rademacher,64,local,0.55,3,3,0.09624628290062355,0.0006796329738677629,0.02288232088875251,0.37862748670847485,0.0
rademacher,64,local,0.6,3,3,0.09294887626374697,0.009267552729612502,0.02260233227318698,0.39000546236519,0.0
rademacher,64,local,0.65,3,3,0.0925759184348827,0.007252241016343016,0.02156231838754223,0.39540433144751763,0.0
rademacher,64,local,0.7,3,3,0.09538485494536912,0.0033227073297965736,0.025018250140298678,0.3944971868291559,0.0
rademacher,128,global,0.0,3,3,0.06274053306550807,0.0025347385059751007,0.01598579582741116,0.3641130816354323,0.0
rademacher,128,global,0.1,3,3,0.05825453399861713,0.000970641042861118,0.01278676991383168,0.36686518084746905,0.0
rademacher,128,global,0.2,3,3,0.06271840436917724,0.003024860768561289,0.015907149807834493,0.36795935389906637,0.0
rademacher,128,global,0.3,3,3,0.06765185558085857,0.004766770706975329,0.016832957501318458,0.3730656475586763,0.0
rademacher,128,global,0.4,3,3,0.06886007929408927,0.004721653461606642,0.015157355141935938,0.37754472629535163,0.0
rademacher,128,global,0.45,3,3,0.06794336533759947,0.005374854467913092,0.013977944944359005,0.37591468376805914,0.0
rademacher,128,global,0.5,3,3,0.06778564939974696,0.0012931568763665012,0.014982946689761745,0.38788508104615554,0.0
rademacher,128,global,0.55,3,3,0.07277415853897358,0.003626056606821925,0.018023270912080724,0.3861246934208321,0.0
rademacher,128,global,0.6,3,3,0.06664092339761668,0.0011677756127562537,0.015200473115063567,0.3910412635031938,0.0
rademacher,128,global,0.65,3,3,0.06911977606510651,0.006499799082371229,0.01854490626562554,0.4002864416198624,0.0
rademacher,128,global,0.7,3,3,0.0678637711808771,0.0031495092165475524,0.016142500898565892,0.3912360027780562,0.0
rademacher,128,local,0.0,3,3,0.056515273154520686,0.0025714318281352963,0.011826833067044802,0.36600112574619753,0.0
rademacher,128,local,0.1,3,3,0.06414930712546628,0.002139200238816066,0.013608190376126478,0.3683811504413691,0.0
rademacher,128,local,0.2,3,3,0.06085479909479612,0.00420378037265392,0.014790770929436842,0.3666802180265165,0.0
rademacher,128,local,0.3,3,3,0.06500190713914733,0.003375553131685225,0.016739686138200132,0.37028311019606786,0.0
rademacher,128,local,0.4,3,3,0.06690577734801888,0.002379210102316222,0.016405082309996825,0.3788490192375477,0.0
rademacher,128,local,0.45,3,3,0.06841399566507302,0.003694034980766989,0.01631274441818076,0.380173569442549,0.0
rademacher,128,local,0.5,3,3,0.06957938268828201,0.0022081900942930313,0.015289597886736105,0.3853896275698232,0.0
rademacher,128,local,0.55,3,3,0.07233275918632222,0.0035921492837738466,0.016320205303458398,0.3932397221188507,0.0
rademacher,128,local,0.6,3,3,0.07040570412377205,0.0021338317056087282,0.01741149589242139,0.3844122244843978,0.0
rademacher,128,local,0.65,3,3,0.06988836556975807,0.0010224590137200605,0.017496609571704638,0.39637720232091106,0.0
rademacher,128,local,0.7,3,3,0.07182876945477538,0.004006479221879344,0.01791325464325191,0.3949212398041082,0.0
rademacher,256,global,0.0,3,3,0.04242000049858815,0.0015796472770177189,0.009356586996014651,0.36663847487643175,0.0
rademacher,256,global,0.1,3,3,0.043591891599335096,0.0012016575281148685,0.011724947931140184,0.36683954378814043,0.0
rademacher,256,global,0.2,3,3,0.04823653549558854,0.005291021064750213,0.0111014089094423,0.36775798920987535,0.0
rademacher,256,global,0.3,3,3,0.05210333968153569,0.0017046700385155008,0.010543608311754188,0.37268230833549243,0.0
rademacher,256,global,0.4,3,3,0.05169465674121074,0.00243995341907278,0.01256162923583983,0.3712515816103576,0.0
rademacher,256,global,0.45,3,3,0.050271811433596304,0.002085048275917301,0.010459012619298628,0.37975955568295316,0.0
rademacher,256,global,0.5,3,3,0.05012830838307531,0.004092312425971059,0.010511739568039871,0.3884015419428638,0.0
rademacher,256,global,0.55,3,3,0.052192991483855776,0.0027912157206914905,0.01342702471467884,0.3883826442606405,0.0
rademacher,256,global,0.6,3,3,0.05556929953476356,0.00196349611451536,0.01374494578466621,0.3934053126941526,0.0
rademacher,256,global,0.65,3,3,0.053894951967653676,0.0027368493850469314,0.012806332225969318,0.3917101677012358,0.0
rademacher,256,global,0.7,3,3,0.05512633649037713,0.000925717495245842,0.011555510572860259,0.3879328611574524,0.0
rademacher,256,local,0.0,3,3,0.04243434464237675,0.0005449922268357261,0.010123226089873054,0.36519423426110853,0.0
rademacher,256,local,0.1,3,3,0.044476224534605556,0.0022101871113194165,0.01018264049301553,0.3678805318288954,0.0
rademacher,256,local,0.2,3,3,0.04440311986186892,0.0016637801549342919,0.010231776943683643,0.37127311702912474,0.0
rademacher,256,local,0.3,3,3,0.04898826889493956,0.002281826221341275,0.012190143098689385,0.367644994553837,0.0
rademacher,256,local,0.4,3,3,0.051618248804375655,0.00435748016833883,0.011861299741767773,0.37996980773929206,0.0
rademacher,256,local,0.45,3,3,0.05220766070034825,0.0031021915419816065,0.012565791429198836,0.38428549771204124,0.0
rademacher,256,local,0.5,3,3,0.052093148785489096,0.0016485096139485485,0.010335237688549716,0.390945746136644,0.0
rademacher,256,local,0.55,3,3,0.0527755732669992,0.001997065283956447,0.01369503503500301,0.38534847569978303,0.0
rademacher,256,local,0.6,3,3,0.05202064545849141,0.0009924753675214799,0.010208000642613126,0.38403235847421746,0.0
rademacher,256,local,0.65,3,3,0.05339830107351142,0.0028742305226616568,0.011522186465841015,0.3913105531752131,0.0
rademacher,256,local,0.7,3,3,0.053187427764191574,0.003286043401608812,0.012002518510064786,0.3949694155032013,0.0
uniform_positive,64,global,0.0,3,3,0.08873872945182527,0.004760248064638114,0.02245684014189885,0.36339722648951184,0.0
uniform_positive,64,global,0.1,3,3,0.21494872066155093,0.006622491457425382,0.027697315791848684,0.3450266313677135,0.0
uniform_positive,64,global,0.2,3,3,0.4038123590622152,0.03926812241249581,0.03638626779952325,0.30434984913266727,0.0
uniform_positive,64,global,0.3,3,3,0.5206579095821754,0.10847217126174584,0.0481285741756661,0.2332820643291722,0.0
uniform_positive,64,global,0.4,3,3,0.7706570266270173,0.0828390180200125,0.11325259717357988,0.005934575219373169,0.0
uniform_positive,64,global,0.45,3,3,0.8657431835882236,0.0896990871095229,0.2954482991864251,0.0010917706884129136,0.3333333333333333
uniform_positive,64,global,0.5,3,3,0.9771012822425765,0.03252567797004237,0.8040671237581392,1.8814274260401894e-11,0.6666666666666666
uniform_positive,64,global,0.55,3,3,1.0,0.0,0.9999999999999999,0.0,1.0
uniform_positive,64,global,0.6,3,3,1.0,0.0,0.9999999999999999,0.0,1.0
uniform_positive,64,global,0.65,3,3,1.0,0.0,0.9999999999999999,0.0,1.0
uniform_positive,64,global,0.7,3,3,1.0,0.0,0.9999999999999999,0.0,1.0
uniform_positive,64,local,0.0,3,3,0.08054675312485708,0.0036814492497374124,0.018959324024159365,0.36361600136072747,0.0
uniform_positive,64,local,0.1,3,3,0.24823476921439655,0.021154983051703914,0.027682493469804337,0.345486288803046,0.0
uniform_positive,64,local,0.2,3,3,0.3623629727468136,0.040011839629941225,0.03455486331127325,0.3074467656613403,0.0
uniform_positive,64,local,0.3,3,3,0.5651534441582563,0.02426121521480952,0.05465494153791076,0.14354038355476312,0.0
uniform_positive,64,local,0.4,3,3,0.7854933097749824,0.1082557312910231,0.19905846065631352,0.008051220558430149,0.0
uniform_positive,64,local,0.45,3,3,0.8123559011828382,0.07794532480493123,0.1569883010681089,0.005441641408093027,0.0
uniform_positive,64,local,0.5,3,3,0.9611345191227177,0.03654253318719248,0.6315014883900074,8.552259787013843e-11,0.3333333333333333
uniform_positive,64,local,0.55,3,3,1.0,0.0,0.9999999999999999,0.0,1.0
uniform_positive,64,local,0.6,3,3,1.0,0.0,0.9999999999999999,0.0,1.0
uniform_positive,64,local,0.65,3,3,1.0,0.0,0.9999999999999999,0.0,1.0
uniform_positive,64,local,0.7,3,3,1.0,0.0,0.9999999999999999,0.0,1.0
uniform_positive,128,global,0.0,3,3,0.06274053306550807,0.0025347385059751007,0.01598579582741116,0.3641130816354323,0.0
uniform_positive,128,global,0.1,3,3,0.20010089512519222,0.028927724838778965,0.019704006147953264,0.34846006113180206,0.0
uniform_positive,128,global,0.2,3,3,0.3305441599368769,0.05848707454831093,0.023174815978359273,0.3246628216121794,0.0
uniform_positive,128,global,0.3,3,3,0.5373821424385042,0.13968958513373514,0.04645422968562651,0.20754650295516167,0.0
uniform_positive,128,global,0.4,3,3,0.762921569325802,0.07095736883038792,0.11241359174866816,0.017112988115340497,0.0
uniform_positive,128,global,0.45,3,3,0.7497244120645493,0.0800651518384854,0.1205684378347282,0.017282223520628186,0.0
uniform_positive,128,global,0.5,3,3,0.884129732370476,0.1085534189469164,0.46498183608330335,0.007277164984005555,0.3333333333333333
uniform_positive,128,global,0.55,3,3,1.0,0.0,0.9999999999999999,0.0,1.0
uniform_positive,128,global,0.6,3,3,1.0,0.0,0.9999999999999999,0.0,1.0
uniform_positive,128,global,0.65,3,3,1.0,0.0,0.9999999999999999,0.0,1.0
uniform_positive,128,global,0.7,3,3,1.0,0.0,0.9999999999999999,0.0,1.0
uniform_positive,128,local,0.0,3,3,0.056515273154520686,0.0025714318281352963,0.011826833067044802,0.36600112574619753,0.0
uniform_positive,128,local,0.1,3,3,0.22532058212572423,0.04339360314838439,0.022097688987512593,0.3432492815700785,0.0
uniform_positive,128,local,0.2,3,3,0.38977218977993777,0.10966453355536382,0.029974635798580174,0.31947710957653197,0.0
uniform_positive,128,local,0.3,3,3,0.59491535053739,0.08035016005139196,0.04284036107222148,0.15181959534312775,0.0
uniform_positive,128,local,0.4,3,3,0.8339933791781863,0.024265804743470388,0.1579869296632552,0.0044335890589349055,0.0
uniform_positive,128,local,0.45,3,3,0.8647035901508455,0.14003072149816204,0.44258482640900354,0.00077216679038176,0.3333333333333333
uniform_positive,128,local,0.5,3,3,0.9624523661282548,0.04442966242785085,0.749411364694813,1.0232411624996275e-06,0.6666666666666666
uniform_positive,128,local,0.55,3,3,1.0,0.0,0.9999999999999999,0.0,1.0
uniform_positive,128,local,0.6,3,3,1.0,0.0,0.9999999999999999,0.0,1.0
uniform_positive,128,local,0.65,3,3,1.0,0.0,0.9999999999999999,0.0,1.0
uniform_positive,128,local,0.7,3,3,1.0,0.0,0.9999999999999999,0.0,1.0
uniform_positive,256,global,0.0,3,3,0.04242000049858815,0.0015796472770177189,0.009356586996014651,0.36663847487643175,0.0
uniform_positive,256,global,0.1,3,3,0.1949537712485411,0.07342825415666267,0.014993208163928068,0.3545142243848465,0.0
uniform_positive,256,global,0.2,3,3,0.3936407227946974,0.06015928967109465,0.02348131172037497,0.3144037396238484,0.0
uniform_positive,256,global,0.3,3,3,0.5796247320123639,0.04362142301193211,0.04029189361439289,0.12309813239075793,0.0
uniform_positive,256,global,0.4,3,3,0.7419727667760428,0.08851540259224448,0.07539403845313207,0.01464787707838371,0.0
uniform_positive,256,global,0.45,3,3,0.8047335671664725,0.02130438370380383,0.10168556248119642,0.004874241621851226,0.0
uniform_positive,256,global,0.5,3,3,0.9786778048952199,0.019219630851039376,0.9125225533784135,2.5725519724018345e-06,1.0
uniform_positive,256,global,0.55,3,3,0.9999998760213451,2.147373294012797e-07,0.9999999999833981,0.0,1.0
uniform_positive,256,global,0.6,3,3,1.0,0.0,0.9999999999999999,0.0,1.0
uniform_positive,256,global,0.65,3,3,1.0,0.0,0.9999999999999999,0.0,1.0
uniform_positive,256,global,0.7,3,3,1.0,0.0,0.9999999999999999,0.0,1.0
uniform_positive,256,local,0.0,3,3,0.04243434464237675,0.0005449922268357261,0.010123226089873054,0.36519423426110853,0.0
uniform_positive,256,local,0.1,3,3,0.21784228156764618,0.03624950013905922,0.016141893900119317,0.3473278811957873,0.0
uniform_positive,256,local,0.2,3,3,0.4232586831618135,0.07083653145251231,0.027205185089955255,0.2732261305636931,0.0
uniform_positive,256,local,0.3,3,3,0.5800463875905291,0.0019103640926222464,0.03567272506572735,0.1271503919252014,0.0
uniform_positive,256,local,0.4,3,3,0.6572533695102845,0.019394560467035523,0.050302358549072036,0.08579829210069154,0.0
uniform_positive,256,local,0.45,3,3,0.871035135494763,0.11701250645454335,0.32699517225724445,0.0003387358801171755,0.0
uniform_positive,256,local,0.5,3,3,0.9382390583045827,0.10697308866511837,0.7091513759576936,2.2888588229411157e-10,0.6666666666666666
uniform_positive,256,local,0.55,3,3,1.0,0.0,0.9999999999999999,0.0,1.0
uniform_positive,256,local,0.6,3,3,1.0,0.0,0.9999999999999999,0.0,1.0
uniform_positive,256,local,0.65,3,3,1.0,0.0,0.9999999999999999,0.0,1.0
uniform_positive,256,local,0.7,3,3,1.0,0.0,0.9999999999999999,0.0,1.0
