stage,beta,gamma0,condition,seed,dtype,theoretical_scale,gate,status,n,median,estimated_scale,ks,tail10,tail100,decision
A,0.5,0.1,0,0,float64,0.04995837495787998,0.007295692186922878,記述的評価,100000,-0.0004244319982823065,0.050311252998521405,0.004159100229261969,0.06396,0.00621,整合
A,0.5,0.1,0,0,float32,0.04995837495787998,0.007295692186922878,記述的評価,100000,-0.00042443201527930796,0.05031125294044614,0.004159109573364239,0.06396,0.00621,精度診断
A,0.5,0.1,0,1,float64,0.04995837495787998,0.007295692186922878,記述的評価,100000,-0.00041469215653114247,0.0498429008215474,0.0035531451419906768,0.06279,0.00611,整合
A,0.5,0.1,0,1,float32,0.04995837495787998,0.007295692186922878,記述的評価,100000,-0.0004146921564824879,0.04984290152788162,0.0035531601619720465,0.06279,0.00611,精度診断
A,0.5,0.1,0,2,float64,0.04995837495787998,0.007295692186922878,記述的評価,100000,-2.905342853870564e-05,0.05001388117287385,0.002279875744882698,0.06374,0.00615,整合
A,0.5,0.1,0,2,float32,0.04995837495787998,0.007295692186922878,記述的評価,100000,-2.9053429898340255e-05,0.050013881642371416,0.002279889278411884,0.06374,0.00615,精度診断
A,0.5,0.1,0,3,float64,0.04995837495787998,0.007295692186922878,記述的評価,100000,-0.00019997857165762203,0.05035447179890373,0.0022073865701583983,0.06445,0.00658,整合
A,0.5,0.1,0,3,float32,0.04995837495787998,0.007295692186922878,記述的評価,100000,-0.00019997855997644365,0.05035447096452117,0.002207375974655146,0.06445,0.00658,精度診断
A,0.5,0.1,0,4,float64,0.04995837495787998,0.007295692186922878,記述的評価,100000,0.00015381381444360347,0.05008601192613106,0.0021086301693366005,0.06439,0.00667,整合
A,0.5,0.1,0,4,float32,0.04995837495787998,0.007295692186922878,記述的評価,100000,0.00015381380217149854,0.050086012575775385,0.002108619766235331,0.06439,0.00667,精度診断
A,0.5,0.1,0,5,float64,0.04995837495787998,0.007295692186922878,記述的評価,100000,-5.36764602309151e-05,0.050100860861207935,0.0022504091068123733,0.06346,0.0063,整合
A,0.5,0.1,0,5,float32,0.04995837495787998,0.007295692186922878,記述的評価,100000,-5.367646008380689e-05,0.05010086018592119,0.0022504080963134665,0.06346,0.0063,精度診断
A,0.5,0.1,0,6,float64,0.04995837495787998,0.007295692186922878,記述的評価,100000,0.00010488185999425308,0.05043500548205282,0.002366151092244362,0.06425,0.00629,整合
A,0.5,0.1,0,6,float32,0.04995837495787998,0.007295692186922878,記述的評価,100000,0.0001048818594426848,0.05043500615283847,0.0023661713790893435,0.06425,0.00629,精度診断
A,0.5,0.1,0,7,float64,0.04995837495787998,0.007295692186922878,記述的評価,100000,-0.00014802545599431805,0.05026841734070194,0.0025229363949081374,0.0637,0.00655,整合
A,0.5,0.1,0,7,float32,0.04995837495787998,0.007295692186922878,記述的評価,100000,-0.0001480254577472806,0.050268417689949274,0.002522942829132069,0.0637,0.00655,精度診断
A,0.5,0.1,0,8,float64,0.04995837495787998,0.007295692186922878,記述的評価,100000,1.340191767755329e-05,0.05004697249251332,0.002275831065523537,0.06374,0.00603,整合
A,0.5,0.1,0,8,float32,0.04995837495787998,0.007295692186922878,記述的評価,100000,1.3401917385635898e-05,0.050046972930431366,0.002275843219757101,0.06374,0.00603,精度診断
A,0.5,0.1,0,9,float64,0.04995837495787998,0.007295692186922878,記述的評価,100000,-0.00012148178101690056,0.05025468343449792,0.0031695393274253636,0.06495,0.00637,整合
A,0.5,0.1,0,9,float32,0.04995837495787998,0.007295692186922878,記述的評価,100000,-0.00012148177484050393,0.05025468394160271,0.003169513053894013,0.06495,0.00637,精度診断
A,0.5,1.0,1,0,float64,0.46211715726000974,0.007295692186922878,記述的評価,100000,-0.0007328869287713473,0.4630612230161132,0.0018328886399012756,0.06221,0.00578,整合
A,0.5,1.0,1,0,float32,0.46211715726000974,0.007295692186922878,記述的評価,100000,-0.0007328869542106986,0.46306123211979866,0.0018328596115112505,0.06221,0.00578,精度診断
A,0.5,1.0,1,1,float64,0.46211715726000974,0.007295692186922878,記述的評価,100000,-0.001013347834575899,0.46785318007861476,0.004200882666996808,0.06521,0.00698,整合
A,0.5,1.0,1,1,float32,0.46211715726000974,0.007295692186922878,記述的評価,100000,-0.0010133478790521622,0.4678531773388386,0.004200849227905312,0.06521,0.00698,精度診断
A,0.5,1.0,1,2,float64,0.46211715726000974,0.007295692186922878,記述的評価,100000,-0.0007645937800488719,0.4622007575103504,0.0017729769215341085,0.06389,0.0063,整合
A,0.5,1.0,1,2,float32,0.46211715726000974,0.007295692186922878,記述的評価,100000,-0.0007644799188710749,0.4621594250202179,0.001772995853424053,0.06389,0.0063,精度診断
A,0.5,1.0,1,3,float64,0.46211715726000974,0.007295692186922878,記述的評価,100000,-0.0010872394699594054,0.45812779313126184,0.003726336737286451,0.06274,0.00622,整合
A,0.5,1.0,1,3,float32,0.46211715726000974,0.007295692186922878,記述的評価,100000,-0.0010872394777834415,0.4581277668476105,0.003726349067687984,0.06274,0.00622,精度診断
A,0.5,1.0,1,4,float64,0.46211715726000974,0.007295692186922878,記述的評価,100000,-0.002681800868380711,0.46443869964267925,0.0022073400835316836,0.0634,0.00594,整合
A,0.5,1.0,1,4,float32,0.46211715726000974,0.007295692186922878,記述的評価,100000,-0.0026818010956048965,0.46443870291113853,0.0022073333644866966,0.0634,0.00594,精度診断
A,0.5,1.0,1,5,float64,0.46211715726000974,0.007295692186922878,記述的評価,100000,-0.003159302017540975,0.46208581714586183,0.004913680279538313,0.06412,0.00622,整合
A,0.5,1.0,1,5,float32,0.46211715726000974,0.007295692186922878,記述的評価,100000,-0.0031593020539730787,0.4620858207345009,0.004913681640625001,0.06412,0.00622,精度診断
A,0.5,1.0,1,6,float64,0.46211715726000974,0.007295692186922878,記述的評価,100000,0.0005857615174708948,0.46304300074777227,0.0016835568494237285,0.06304,0.00638,整合
A,0.5,1.0,1,6,float32,0.46211715726000974,0.007295692186922878,記述的評価,100000,0.000585761503316462,0.4630430303514004,0.0016835486602783112,0.06304,0.00638,精度診断
A,0.5,1.0,1,7,float64,0.46211715726000974,0.007295692186922878,記述的評価,100000,0.0016584038420019427,0.46202775897085224,0.0019100841349316555,0.06377,0.00629,整合
A,0.5,1.0,1,7,float32,0.46211715726000974,0.007295692186922878,記述的評価,100000,0.001658403780311346,0.46202776581048965,0.0019100912475585874,0.06377,0.00629,精度診断
A,0.5,1.0,1,8,float64,0.46211715726000974,0.007295692186922878,記述的評価,100000,0.0007135436821867429,0.4623870811659034,0.002587583036772534,0.06381,0.00632,整合
A,0.5,1.0,1,8,float32,0.46211715726000974,0.007295692186922878,記述的評価,100000,0.0007135436753742397,0.4623870737850666,0.002587562637329066,0.06381,0.00632,精度診断
A,0.5,1.0,1,9,float64,0.46211715726000974,0.007295692186922878,記述的評価,100000,-0.0022488796236941754,0.461938253651693,0.0020614801781317915,0.06542,0.00645,整合
A,0.5,1.0,1,9,float32,0.46211715726000974,0.007295692186922878,記述的評価,100000,-0.00224887952208519,0.4619382284581661,0.0020614931106567314,0.06542,0.00645,精度診断
A,0.5,10.0,2,0,float64,0.9999092042625951,0.007295692186922878,記述的評価,100000,-0.0016087467863715238,1.0013551279567494,0.0021889231071253734,0.06312,0.00651,整合
A,0.5,10.0,2,0,float32,0.9999092042625951,0.007295692186922878,記述的評価,100000,-0.0016088355332612991,1.0013523697853088,0.0021889389801025283,0.06312,0.00651,精度診断
A,0.5,10.0,2,1,float64,0.9999092042625951,0.007295692186922878,記述的評価,100000,0.0032269474469257394,1.0004218669721037,0.002297202919145702,0.06328,0.00646,整合
A,0.5,10.0,2,1,float32,0.9999092042625951,0.007295692186922878,記述的評価,100000,0.003226984990760684,1.0004221498966217,0.002297153129577678,0.06328,0.00646,精度診断
A,0.5,10.0,2,2,float64,0.9999092042625951,0.007295692186922878,記述的評価,100000,-0.0005240777640586045,0.9959858579813985,0.0022166885223422472,0.06301,0.00608,整合
A,0.5,10.0,2,2,float32,0.9999092042625951,0.007295692186922878,記述的評価,100000,-0.0005238374578766525,0.9959857538342476,0.0022167023086547832,0.06301,0.00608,精度診断
A,0.5,10.0,2,3,float64,0.9999092042625951,0.007295692186922878,記述的評価,100000,-0.0032418383103691786,0.9951598559440599,0.003589159753327076,0.06167,0.00653,整合
A,0.5,10.0,2,3,float32,0.9999092042625951,0.007295692186922878,記述的評価,100000,-0.0032417834736406803,0.9951600879430771,0.0035891524124145313,0.06167,0.00653,精度診断
A,0.5,10.0,2,4,float64,0.9999092042625951,0.007295692186922878,記述的評価,100000,0.0005322582441913984,0.9967735542676266,0.0017389389126385435,0.06542,0.00679,整合
A,0.5,10.0,2,4,float32,0.9999092042625951,0.007295692186922878,記述的評価,100000,0.0005323616787791252,0.9967737644910812,0.0017389617347717268,0.06542,0.00679,精度診断
A,0.5,10.0,2,5,float64,0.9999092042625951,0.007295692186922878,記述的評価,100000,-0.0006694391962438425,1.0037843851657762,0.0029567564507779753,0.06406,0.00648,整合
A,0.5,10.0,2,5,float32,0.9999092042625951,0.007295692186922878,記述的評価,100000,-0.0006694072508253157,1.0037844255566597,0.0029570465087890296,0.06406,0.00648,精度診断
A,0.5,10.0,2,6,float64,0.9999092042625951,0.007295692186922878,記述的評価,100000,0.002347302541862795,1.0010260729517046,0.0031199964618493503,0.06333,0.00644,整合
A,0.5,10.0,2,6,float32,0.9999092042625951,0.007295692186922878,記述的評価,100000,0.0023471862077713013,1.0010260492563248,0.003120003089904788,0.06333,0.00644,精度診断
A,0.5,10.0,2,7,float64,0.9999092042625951,0.007295692186922878,記述的評価,100000,0.010422098814157274,0.9985730068213265,0.003792166569164923,0.06253,0.00612,整合
A,0.5,10.0,2,7,float32,0.9999092042625951,0.007295692186922878,記述的評価,100000,0.010421888902783394,0.998573049902916,0.003792151584625203,0.06253,0.00612,精度診断
A,0.5,10.0,2,8,float64,0.9999092042625951,0.007295692186922878,記述的評価,100000,-0.005507553885130375,1.002328693805888,0.002752854991788456,0.06301,0.00632,整合
A,0.5,10.0,2,8,float32,0.9999092042625951,0.007295692186922878,記述的評価,100000,-0.005507266614586115,1.0023290067911148,0.0027528332901001207,0.06301,0.00632,精度診断
A,0.5,10.0,2,9,float64,0.9999092042625951,0.007295692186922878,記述的評価,100000,-0.0020605304980183614,0.9971209552233125,0.0024213047292877543,0.06292,0.00643,整合
A,0.5,10.0,2,9,float32,0.9999092042625951,0.007295692186922878,記述的評価,100000,-0.002060428261756897,0.99712123721838,0.002421310157775858,0.06292,0.00643,精度診断
A,0.9,0.1,3,0,float64,0.08975778474716012,0.007295692186922878,記述的評価,100000,0.00012223007895066044,0.09105330592927005,0.0035662325177210352,0.06359,0.00621,整合
A,0.9,0.1,3,0,float32,0.08975778474716012,0.007295692186922878,記述的評価,100000,0.00012223007797729224,0.0910533033311367,0.003566210308074913,0.06359,0.00621,精度診断
A,0.9,0.1,3,1,float64,0.08975778474716012,0.007295692186922878,記述的評価,100000,-7.250261439818777e-05,0.09001936608010025,0.0013525984481037034,0.0634,0.00661,整合
A,0.9,0.1,3,1,float32,0.08975778474716012,0.007295692186922878,記述的評価,100000,-7.250261842273176e-05,0.0900193601846695,0.001352605133056628,0.0634,0.00661,精度診断
A,0.9,0.1,3,2,float64,0.08975778474716012,0.007295692186922878,記述的評価,100000,0.0007182093614851793,0.08947593915275966,0.0031435699885207224,0.06243,0.00636,整合
A,0.9,0.1,3,2,float32,0.08975778474716012,0.007295692186922878,記述的評価,100000,0.0007182093104347587,0.08947593532502651,0.00314357669830323,0.06243,0.00636,精度診断
A,0.9,0.1,3,3,float64,0.08975778474716012,0.007295692186922878,記述的評価,100000,0.00039965094998876103,0.09003104150946024,0.002411667548082974,0.0635,0.00678,整合
A,0.9,0.1,3,3,float32,0.08975778474716012,0.007295692186922878,記述的評価,100000,0.00039965094765648246,0.09003104083240032,0.0024116886901855983,0.0635,0.00678,精度診断
A,0.9,0.1,3,4,float64,0.08975778474716012,0.007295692186922878,記述的評価,100000,0.00038979120713190495,0.08969825234749049,0.0022330870344927645,0.06244,0.00635,整合
A,0.9,0.1,3,4,float32,0.08975778474716012,0.007295692186922878,記述的評価,100000,0.00038979121018201113,0.0896982466802001,0.0022331037330627357,0.06244,0.00635,精度診断
A,0.9,0.1,3,5,float64,0.08975778474716012,0.007295692186922878,記述的評価,100000,0.00037887322405514884,0.08959329869289495,0.002211889096432995,0.0631,0.00692,整合
A,0.9,0.1,3,5,float32,0.08975778474716012,0.007295692186922878,記述的評価,100000,0.0003788732283283025,0.08959329687058926,0.002211901054382348,0.0631,0.00692,精度診断
A,0.9,0.1,3,6,float64,0.08975778474716012,0.007295692186922878,記述的評価,100000,0.00012035208003137072,0.08987477097159315,0.0020827915481400616,0.06354,0.00648,整合
A,0.9,0.1,3,6,float32,0.08975778474716012,0.007295692186922878,記述的評価,100000,0.00012035208055749536,0.08987477049231529,0.0020827659988403857,0.06354,0.00648,精度診断
A,0.9,0.1,3,7,float64,0.08975778474716012,0.007295692186922878,記述的評価,100000,-0.0003885252343698326,0.08890211080438176,0.0027032726933376994,0.0627,0.00637,整合
A,0.9,0.1,3,7,float32,0.08975778474716012,0.007295692186922878,記述的評価,100000,-0.0003885252517648041,0.08890210743993521,0.002703306179046683,0.0627,0.00637,精度診断
A,0.9,0.1,3,8,float64,0.08975778474716012,0.007295692186922878,記述的評価,100000,0.0003620568323725975,0.09026190420314384,0.0020174687773051314,0.06316,0.00619,整合
A,0.9,0.1,3,8,float32,0.08975778474716012,0.007295692186922878,記述的評価,100000,0.00036205683136358857,0.09026189893484116,0.0020174637794494465,0.06316,0.00619,精度診断
A,0.9,0.1,3,9,float64,0.08975778474716012,0.007295692186922878,記述的評価,100000,0.000551423949290154,0.08977574762631794,0.002984755597285338,0.06436,0.00657,整合
A,0.9,0.1,3,9,float32,0.08975778474716012,0.007295692186922878,記述的評価,100000,0.0005514239310286939,0.08977574482560158,0.0029847591686248953,0.06436,0.00657,精度診断
A,0.9,1.0,4,0,float64,0.7162978701990244,0.007295692186922878,記述的評価,100000,0.0020232155903824383,0.7187232160651117,0.0022224489303541706,0.06329,0.0063,整合
A,0.9,1.0,4,0,float32,0.7162978701990244,0.007295692186922878,記述的評価,100000,0.0020232154056429863,0.7187231853604317,0.0022224575424194537,0.06329,0.0063,精度診断
A,0.9,1.0,4,1,float64,0.7162978701990244,0.007295692186922878,記述的評価,100000,0.0023541610216914616,0.7154279578475189,0.0017938681203442108,0.06396,0.00614,整合
A,0.9,1.0,4,1,float32,0.7162978701990244,0.007295692186922878,記述的評価,100000,0.002354213036596775,0.715427853167057,0.0017939050292968828,0.06396,0.00614,精度診断
A,0.9,1.0,4,2,float64,0.7162978701990244,0.007295692186922878,記述的評価,100000,0.0014219865375697002,0.7083487094637992,0.002525696635953145,0.06263,0.00617,整合
A,0.9,1.0,4,2,float32,0.7162978701990244,0.007295692186922878,記述的評価,100000,0.0014219864970073104,0.7083487212657928,0.0025257469558715995,0.06263,0.00617,精度診断
A,0.9,1.0,4,3,float64,0.7162978701990244,0.007295692186922878,記述的評価,100000,-0.003026685791157003,0.7193801709509542,0.002763451737782585,0.06477,0.00668,整合
A,0.9,1.0,4,3,float32,0.7162978701990244,0.007295692186922878,記述的評価,100000,-0.003026684746146202,0.7193801328539848,0.0027634079742431816,0.06477,0.00668,精度診断
A,0.9,1.0,4,4,float64,0.7162978701990244,0.007295692186922878,記述的評価,100000,-0.0027819254787443135,0.7130088093485376,0.0023288924604850103,0.06337,0.00686,整合
A,0.9,1.0,4,4,float32,0.7162978701990244,0.007295692186922878,記述的評価,100000,-0.0027592945843935013,0.7130424007773399,0.0023188838005065993,0.06337,0.00686,精度診断
A,0.9,1.0,4,5,float64,0.7162978701990244,0.007295692186922878,記述的評価,100000,-0.004407175395400241,0.7186313152666295,0.0025774191673841873,0.06362,0.00645,整合
A,0.9,1.0,4,5,float32,0.7162978701990244,0.007295692186922878,記述的評価,100000,-0.004407151602208614,0.7186314463615417,0.00257739860534667,0.06362,0.00645,精度診断
A,0.9,1.0,4,6,float64,0.7162978701990244,0.007295692186922878,記述的評価,100000,0.0024978253389342005,0.7125578644510757,0.003144880057347643,0.06377,0.00696,整合
A,0.9,1.0,4,6,float32,0.7162978701990244,0.007295692186922878,記述的評価,100000,0.0024978253059089184,0.7125578820705414,0.0031448922348022434,0.06377,0.00697,精度診断
A,0.9,1.0,4,7,float64,0.7162978701990244,0.007295692186922878,記述的評価,100000,0.00242108438453273,0.7199281288885345,0.002291435557890964,0.0634,0.00605,整合
A,0.9,1.0,4,7,float32,0.7162978701990244,0.007295692186922878,記述的評価,100000,0.002421084325760603,0.7199281379580498,0.0022914916610717873,0.0634,0.00605,精度診断
A,0.9,1.0,4,8,float64,0.7162978701990244,0.007295692186922878,記述的評価,100000,0.005662664598040413,0.7150750187080473,0.0036490086855510695,0.06303,0.00619,整合
A,0.9,1.0,4,8,float32,0.7162978701990244,0.007295692186922878,記述的評価,100000,0.00566266430541873,0.7150749638676643,0.0036490220642090287,0.06303,0.00619,精度診断
A,0.9,1.0,4,9,float64,0.7162978701990244,0.007295692186922878,記述的評価,100000,-0.0023427954534312404,0.7173186908517327,0.0027102005429211484,0.06288,0.00619,整合
A,0.9,1.0,4,9,float32,0.7162978701990244,0.007295692186922878,記述的評価,100000,-0.0023427954874932766,0.7173186019062996,0.0027102357673645106,0.06288,0.00619,精度診断
A,0.9,10.0,5,0,float64,0.999999969540041,0.007295692186922878,記述的評価,100000,0.0013447622438951348,1.0014246370541255,0.0017604413538851171,0.06242,0.00612,整合
A,0.9,10.0,5,0,float32,0.999999969540041,0.007295692186922878,記述的評価,100000,0.001312633859924972,1.0013638138771057,0.0017599672889709594,0.06241,0.00613,精度診断
A,0.9,10.0,5,1,float64,0.999999969540041,0.007295692186922878,記述的評価,100000,-0.0063856644403520535,1.0006285111833548,0.0027092433748211464,0.06405,0.00647,整合
A,0.9,10.0,5,1,float32,0.999999969540041,0.007295692186922878,記述的評価,100000,-0.006385544314980507,1.00062807649374,0.0027104055023193796,0.06405,0.00647,精度診断
A,0.9,10.0,5,2,float64,0.999999969540041,0.007295692186922878,記述的評価,100000,0.0048501027859274345,1.002942774788611,0.002570885987990379,0.0638,0.0066,整合
A,0.9,10.0,5,2,float32,0.999999969540041,0.007295692186922878,記述的評価,100000,0.0048590125516057014,1.002878986299038,0.0025738682556152304,0.0638,0.00659,精度診断
A,0.9,10.0,5,3,float64,0.999999969540041,0.007295692186922878,記述的評価,100000,-0.006017115915017615,0.996343971338021,0.003235824092585271,0.06213,0.00623,整合
A,0.9,10.0,5,3,float32,0.999999969540041,0.007295692186922878,記述的評価,100000,-0.006017256528139114,0.9963430464267731,0.0032358810234069946,0.06213,0.00623,精度診断
A,0.9,10.0,5,4,float64,0.999999969540041,0.007295692186922878,記述的評価,100000,-0.007192681159346955,1.000835557663163,0.004528813121871006,0.06302,0.0064,整合
A,0.9,10.0,5,4,float32,0.999999969540041,0.007295692186922878,記述的評価,100000,-0.007193395402282476,1.0008432045578957,0.004528867874145498,0.06302,0.0064,精度診断
A,0.9,10.0,5,5,float64,0.999999969540041,0.007295692186922878,記述的評価,100000,-0.0005346382995628329,1.0026711802129271,0.0020684849931579263,0.06388,0.00665,整合
A,0.9,10.0,5,5,float32,0.999999969540041,0.007295692186922878,記述的評価,100000,-0.0005349874845705926,1.0026711970567703,0.002068049926757798,0.06388,0.00665,精度診断
A,0.9,10.0,5,6,float64,0.999999969540041,0.007295692186922878,記述的評価,100000,0.0010479596171965775,1.0003993600965575,0.0018958184221899987,0.06209,0.00628,整合
A,0.9,10.0,5,6,float32,0.999999969540041,0.007295692186922878,記述的評価,100000,0.0010480128694325686,1.0004005804657936,0.0018958520507812437,0.06209,0.00628,精度診断
A,0.9,10.0,5,7,float64,0.999999969540041,0.007295692186922878,記述的評価,100000,0.0007171222512144257,1.0039910378575971,0.0022270008856034584,0.06333,0.00644,整合
A,0.9,10.0,5,7,float32,0.999999969540041,0.007295692186922878,記述的評価,100000,0.0007165234419517219,1.0039915218949318,0.0022268996810913544,0.06333,0.00644,精度診断
A,0.9,10.0,5,8,float64,0.999999969540041,0.007295692186922878,記述的評価,100000,-0.0009272191432899806,0.991784271080813,0.002571750326590294,0.06348,0.00646,整合
A,0.9,10.0,5,8,float32,0.999999969540041,0.007295692186922878,記述的評価,100000,-0.0009220882202498615,0.991784043610096,0.00257186559677125,0.06348,0.00647,精度診断
A,0.9,10.0,5,9,float64,0.999999969540041,0.007295692186922878,記述的評価,100000,0.003451806476938787,0.9959896687176841,0.00210289333535596,0.06333,0.00668,整合
A,0.9,10.0,5,9,float32,0.999999969540041,0.007295692186922878,記述的評価,100000,0.003451583907008171,0.9959898442029953,0.0021029122829437363,0.06333,0.00668,精度診断
A,1.0,0.1,6,0,float64,0.09966799462495582,0.007295692186922878,記述的評価,100000,-0.00017341572873809507,0.10006308454815663,0.0034010333477720034,0.06402,0.00603,整合
A,1.0,0.1,6,0,float32,0.09966799462495582,0.007295692186922878,記述的評価,100000,-0.00017341572674922645,0.10006308369338512,0.003401025352478021,0.06402,0.00603,精度診断
A,1.0,0.1,6,1,float64,0.09966799462495582,0.007295692186922878,記述的評価,100000,4.290840462824312e-05,0.09994528224458944,0.003017764504774978,0.06389,0.00626,整合
A,1.0,0.1,6,1,float32,0.09966799462495582,0.007295692186922878,記述的評価,100000,4.290840297471732e-05,0.09994528535753489,0.00301780368804927,0.06389,0.00626,精度診断
A,1.0,0.1,6,2,float64,0.09966799462495582,0.007295692186922878,記述的評価,100000,0.00022573868135835167,0.10012218256020058,0.0024234907379729886,0.06452,0.00701,整合
A,1.0,0.1,6,2,float32,0.09966799462495582,0.007295692186922878,記述的評価,100000,0.00022573868045583367,0.10012218076735735,0.002423491954803514,0.06452,0.00701,精度診断
A,1.0,0.1,6,3,float64,0.09966799462495582,0.007295692186922878,記述的評価,100000,0.00026219192743750515,0.10068163845650072,0.004329639467837487,0.06343,0.00626,整合
A,1.0,0.1,6,3,float32,0.09966799462495582,0.007295692186922878,記述的評価,100000,0.0002621919265948236,0.10068163834512234,0.004329642362594588,0.06343,0.00626,精度診断
A,1.0,0.1,6,4,float64,0.09966799462495582,0.007295692186922878,記述的評価,100000,0.00030540984344149826,0.09967765662670408,0.0018084848021809874,0.06332,0.00619,整合
A,1.0,0.1,6,4,float32,0.09966799462495582,0.007295692186922878,記述的評価,100000,0.00030540983425453305,0.09967765677720308,0.0018084825706481955,0.06332,0.00619,精度診断
A,1.0,0.1,6,5,float64,0.09966799462495582,0.007295692186922878,記述的評価,100000,0.0013885607012870675,0.0992915130388035,0.004734748672038602,0.06396,0.00615,整合
A,1.0,0.1,6,5,float32,0.09966799462495582,0.007295692186922878,記述的評価,100000,0.0013885607477277517,0.09929151274263859,0.004734772758483885,0.06396,0.00615,精度診断
A,1.0,0.1,6,6,float64,0.09966799462495582,0.007295692186922878,記述的評価,100000,9.842280677220004e-05,0.09958562840796667,0.0018192754223851637,0.06357,0.00655,整合
A,1.0,0.1,6,6,float32,0.09966799462495582,0.007295692186922878,記述的評価,100000,9.842280996963382e-05,0.0995856262743473,0.0018193073558807338,0.06357,0.00655,精度診断
A,1.0,0.1,6,7,float64,0.09966799462495582,0.007295692186922878,記述的評価,100000,0.0006233327413769621,0.09965713755873279,0.0025317741144412764,0.06305,0.00619,整合
A,1.0,0.1,6,7,float32,0.09966799462495582,0.007295692186922878,記述的評価,100000,0.0006233327439986169,0.09965713787823915,0.002531753730773967,0.06305,0.00619,精度診断
A,1.0,0.1,6,8,float64,0.09966799462495582,0.007295692186922878,記述的評価,100000,-0.001067565817374563,0.10051800518162093,0.005524509788567833,0.06272,0.00664,整合
A,1.0,0.1,6,8,float32,0.09966799462495582,0.007295692186922878,記述的評価,100000,-0.0010675657540559769,0.10051800776273012,0.005524505357742293,0.06272,0.00664,精度診断
A,1.0,0.1,6,9,float64,0.09966799462495582,0.007295692186922878,記述的評価,100000,5.3677445165324465e-05,0.09867166656796374,0.0033520271571588767,0.06337,0.00663,整合
A,1.0,0.1,6,9,float32,0.09966799462495582,0.007295692186922878,記述的評価,100000,5.367744597606361e-05,0.09867166634649038,0.003352043933868454,0.06337,0.00663,精度診断
A,1.0,1.0,7,0,float64,0.7615941559557649,0.007295692186922878,記述的評価,100000,-0.0021492760794966795,0.759911921734715,0.003382842709656053,0.06408,0.00684,整合
A,1.0,1.0,7,0,float32,0.7615941559557649,0.007295692186922878,記述的評価,100000,-0.0021492191590368748,0.75991190969944,0.0033828160095215054,0.06408,0.00684,精度診断
A,1.0,1.0,7,1,float64,0.7615941559557649,0.007295692186922878,記述的評価,100000,0.003758331486391889,0.7560118898472086,0.0028175332665809627,0.06275,0.00602,整合
A,1.0,1.0,7,1,float32,0.7615941559557649,0.007295692186922878,記述的評価,100000,0.0037583315279334784,0.7560117915272713,0.0028175984001159726,0.06275,0.00602,精度診断
A,1.0,1.0,7,2,float64,0.7615941559557649,0.007295692186922878,記述的評価,100000,0.002586702646784377,0.7601916925656425,0.0026768769540920223,0.0627,0.00646,整合
A,1.0,1.0,7,2,float32,0.7615941559557649,0.007295692186922878,記述的評価,100000,0.0025867028161883354,0.7601917460560799,0.0026768967819214007,0.0627,0.00646,精度診断
A,1.0,1.0,7,3,float64,0.7615941559557649,0.007295692186922878,記述的評価,100000,0.0018292873083124558,0.7582175745260289,0.0026360337781651255,0.06387,0.00628,整合
A,1.0,1.0,7,3,float32,0.7615941559557649,0.007295692186922878,記述的評価,100000,0.0018292872700840235,0.7582176402211189,0.002636031913757275,0.06387,0.00628,精度診断
A,1.0,1.0,7,4,float64,0.7615941559557649,0.007295692186922878,記述的評価,100000,0.01132842410053571,0.7719871552875359,0.0073901139238876645,0.06374,0.00635,不一致
A,1.0,1.0,7,4,float32,0.7615941559557649,0.007295692186922878,記述的評価,100000,0.011328424327075481,0.7719871252775192,0.007390160388946576,0.06374,0.00635,精度診断
A,1.0,1.0,7,5,float64,0.7615941559557649,0.007295692186922878,記述的評価,100000,-0.004362913925430106,0.7610151196852628,0.0030807260230065747,0.06467,0.00615,整合
A,1.0,1.0,7,5,float32,0.7615941559557649,0.007295692186922878,記述的評価,100000,-0.004362913779914379,0.7610151842236519,0.0030807497406005746,0.06467,0.00615,精度診断
A,1.0,1.0,7,6,float64,0.7615941559557649,0.007295692186922878,記述的評価,100000,-0.00328969318508705,0.7639132977300971,0.0020600157756767157,0.06377,0.00657,整合
A,1.0,1.0,7,6,float32,0.7615941559557649,0.007295692186922878,記述的評価,100000,-0.003289648797363043,0.7639132738113403,0.0020599861717224277,0.06377,0.00657,精度診断
A,1.0,1.0,7,7,float64,0.7615941559557649,0.007295692186922878,記述的評価,100000,0.005605717287173556,0.7622674972595953,0.0036105833051254255,0.06289,0.00613,整合
A,1.0,1.0,7,7,float32,0.7615941559557649,0.007295692186922878,記述的評価,100000,0.005605724640190601,0.7622675374150276,0.003610570926666279,0.06289,0.00613,精度診断
A,1.0,1.0,7,8,float64,0.7615941559557649,0.007295692186922878,記述的評価,100000,-0.004064594451192698,0.7633213386443951,0.002665072945514657,0.06273,0.00622,整合
A,1.0,1.0,7,8,float32,0.7615941559557649,0.007295692186922878,記述的評価,100000,-0.004064640961587429,0.7633212730288506,0.002665101127624525,0.06273,0.00622,精度診断
A,1.0,1.0,7,9,float64,0.7615941559557649,0.007295692186922878,記述的評価,100000,0.0016639667593593421,0.764740568778864,0.0022527185924237636,0.06406,0.00646,整合
A,1.0,1.0,7,9,float32,0.7615941559557649,0.007295692186922878,記述的評価,100000,0.001663966802880168,0.7647406086325645,0.0022527103900909506,0.06406,0.00646,精度診断
A,1.0,10.0,8,0,float64,0.9999999958776927,0.007295692186922878,記述的評価,100000,-0.001216272587068792,1.000925866210087,0.0021098307086524493,0.06392,0.00677,整合
A,1.0,10.0,8,0,float32,0.9999999958776927,0.007295692186922878,記述的評価,100000,-0.0012170042609795928,1.0009255558252335,0.0021098322486877708,0.06392,0.00677,精度診断
A,1.0,10.0,8,1,float64,0.9999999958776927,0.007295692186922878,記述的評価,100000,0.005075753613562509,0.9992481065553783,0.0029271136478787596,0.06236,0.00664,整合
A,1.0,10.0,8,1,float32,0.9999999958776927,0.007295692186922878,記述的評価,100000,0.005074969492852688,0.9992481023073196,0.002927125692367555,0.06236,0.00664,精度診断
A,1.0,10.0,8,2,float64,0.9999999958776927,0.007295692186922878,記述的評価,100000,0.0018677193110264874,0.9980622752848056,0.001767663760533389,0.06393,0.00651,整合
A,1.0,10.0,8,2,float32,0.9999999958776927,0.007295692186922878,記述的評価,100000,0.00186249241232872,0.9980621188879013,0.0017676343727112132,0.06393,0.00651,精度診断
A,1.0,10.0,8,3,float64,0.9999999958776927,0.007295692186922878,記述的評価,100000,-0.015161962511676945,1.0108514705927405,0.006759696502926127,0.0647,0.00637,整合
A,1.0,10.0,8,3,float32,0.9999999958776927,0.007295692186922878,記述的評価,100000,-0.015163764357566833,1.010851427912712,0.006759571056365987,0.0647,0.00637,精度診断
A,1.0,10.0,8,4,float64,0.9999999958776927,0.007295692186922878,記述的評価,100000,-0.003657428078665429,0.9935119833316746,0.002058399199297234,0.0636,0.00625,整合
A,1.0,10.0,8,4,float32,0.9999999958776927,0.007295692186922878,記述的評価,100000,-0.0036572343669831753,0.9935053586959839,0.0020583501815795713,0.0636,0.00625,精度診断
A,1.0,10.0,8,5,float64,0.9999999958776927,0.007295692186922878,記述的評価,100000,0.003182493536456799,1.0070680753252566,0.0023149979759254924,0.06294,0.00639,整合
A,1.0,10.0,8,5,float32,0.9999999958776927,0.007295692186922878,記述的評価,100000,0.003188811242580414,1.0070679485797882,0.0023152040100097304,0.06294,0.00639,精度診断
A,1.0,10.0,8,6,float64,0.9999999958776927,0.007295692186922878,記述的評価,100000,-0.0009780882997689824,0.9938734375557974,0.0038612961162047543,0.06226,0.00611,整合
A,1.0,10.0,8,6,float32,0.9999999958776927,0.007295692186922878,記述的評価,100000,-0.000946963089518249,0.9937644973397255,0.003871320066452022,0.06227,0.00612,精度診断
A,1.0,10.0,8,7,float64,0.9999999958776927,0.007295692186922878,記述的評価,100000,0.004805019004128204,0.9997525926707898,0.0019395473609661318,0.06386,0.00619,整合
A,1.0,10.0,8,7,float32,0.9999999958776927,0.007295692186922878,記述的評価,100000,0.004806662909686565,0.999752588570118,0.0019397438240050802,0.06385,0.00619,精度診断
A,1.0,10.0,8,8,float64,0.9999999958776927,0.007295692186922878,記述的評価,100000,0.0008729508147325302,1.00711311294083,0.00296212658807557,0.06435,0.00654,整合
A,1.0,10.0,8,8,float32,0.9999999958776927,0.007295692186922878,記述的評価,100000,0.0008729578694328666,1.007112979888916,0.0029626163578033438,0.06435,0.00654,精度診断
A,1.0,10.0,8,9,float64,0.9999999958776927,0.007295692186922878,記述的評価,100000,-0.0036669145701438647,0.9984427947006109,0.002071843680919727,0.06215,0.00619,整合
A,1.0,10.0,8,9,float32,0.9999999958776927,0.007295692186922878,記述的評価,100000,-0.0036667073145508766,0.9984424263238907,0.002071848125457798,0.06215,0.00619,精度診断
A,1.01,0.1,9,0,float64,0.10065796191775937,0.007295692186922878,記述的評価,100000,0.00036911533203831833,0.09994848496725342,0.0032374025641660475,0.06324,0.00668,整合
A,1.01,0.1,9,0,float32,0.10065796191775937,0.007295692186922878,記述的評価,100000,0.0003691153251565993,0.09994848258793354,0.003237413549423196,0.06324,0.00668,精度診断
A,1.01,0.1,9,1,float64,0.10065796191775937,0.007295692186922878,記述的評価,100000,-4.291020730921624e-06,0.10036107744316694,0.002168320927074363,0.0638,0.0063,整合
A,1.01,0.1,9,1,float32,0.10065796191775937,0.007295692186922878,記述的評価,100000,-4.291020559321623e-06,0.10036107711493969,0.002168338403701786,0.0638,0.0063,精度診断
A,1.01,0.1,9,2,float64,0.10065796191775937,0.007295692186922878,記述的評価,100000,7.101445797731326e-06,0.09998400079754075,0.002919861302671134,0.06334,0.00645,整合
A,1.01,0.1,9,2,float32,0.10065796191775937,0.007295692186922878,記述的評価,100000,7.10144558979664e-06,0.09998400136828423,0.0029198743629455515,0.06334,0.00645,精度診断
A,1.01,0.1,9,3,float64,0.10065796191775937,0.007295692186922878,記述的評価,100000,0.0002425333008603004,0.10122240168399094,0.0020330424102630307,0.0641,0.00662,整合
A,1.01,0.1,9,3,float32,0.10065796191775937,0.007295692186922878,記述的評価,100000,0.00024253329320345074,0.10122239962220192,0.0020330570983886354,0.0641,0.00662,精度診断
A,1.01,0.1,9,4,float64,0.10065796191775937,0.007295692186922878,記述的評価,100000,0.00010710676924496272,0.10133367624276232,0.0025030478604536888,0.06351,0.00681,整合
A,1.01,0.1,9,4,float32,0.10065796191775937,0.007295692186922878,記述的評価,100000,0.00010710676724556834,0.1013336768373847,0.002503037471771219,0.06351,0.00681,精度診断
A,1.01,0.1,9,5,float64,0.10065796191775937,0.007295692186922878,記述的評価,100000,-0.0007681203374197536,0.10073197908726428,0.003300779811806265,0.06451,0.00655,整合
A,1.01,0.1,9,5,float32,0.10065796191775937,0.007295692186922878,記述的評価,100000,-0.0007681204006075859,0.10073197726160288,0.003300780715942364,0.06451,0.00655,精度診断
A,1.01,0.1,9,6,float64,0.10065796191775937,0.007295692186922878,記述的評価,100000,0.0002860576369161529,0.10003358445754562,0.005057545750882686,0.06361,0.0067,整合
A,1.01,0.1,9,6,float32,0.10065796191775937,0.007295692186922878,記述的評価,100000,0.0002860576205421239,0.10003358218818903,0.005057518863678001,0.06361,0.0067,精度診断
A,1.01,0.1,9,7,float64,0.10065796191775937,0.007295692186922878,記述的評価,100000,3.9445702991058004e-05,0.09932103046666096,0.003040462661970833,0.0626,0.00582,整合
A,1.01,0.1,9,7,float32,0.10065796191775937,0.007295692186922878,記述的評価,100000,3.9445701986551285e-05,0.09932103008031845,0.0030404493713379055,0.0626,0.00582,精度診断
A,1.01,0.1,9,8,float64,0.10065796191775937,0.007295692186922878,記述的評価,100000,5.103517070237284e-05,0.100769532367289,0.002021563795546577,0.0635,0.00676,整合
A,1.01,0.1,9,8,float32,0.10065796191775937,0.007295692186922878,記述的評価,100000,5.103516741655767e-05,0.10076953377574682,0.00202155466079712,0.0635,0.00676,精度診断
A,1.01,0.1,9,9,float64,0.10065796191775937,0.007295692186922878,記述的評価,100000,0.00020614924913200618,0.10044551641676278,0.0021994049830330598,0.06382,0.00593,整合
A,1.01,0.1,9,9,float32,0.10065796191775937,0.007295692186922878,記述的評価,100000,0.0002061492414213717,0.10044551733881235,0.002199445152282764,0.06382,0.00593,精度診断
A,1.01,1.0,10,0,float64,0.7657620182484389,0.007295692186922878,記述的評価,100000,0.0032189115673523045,0.7705809738511646,0.00286774542958379,0.06392,0.00618,整合
A,1.01,1.0,10,0,float32,0.7657620182484389,0.007295692186922878,記述的評価,100000,0.0032189113553613424,0.7705810815095901,0.0028677568626404026,0.06393,0.00618,精度診断
A,1.01,1.0,10,1,float64,0.7657620182484389,0.007295692186922878,記述的評価,100000,-0.0053476343151999135,0.7700902790179078,0.002561186845015273,0.06448,0.00658,整合
A,1.01,1.0,10,1,float32,0.7657620182484389,0.007295692186922878,記述的評価,100000,-0.005347444675862789,0.7700902745127678,0.002561176567077661,0.06448,0.00658,精度診断
A,1.01,1.0,10,2,float64,0.7657620182484389,0.007295692186922878,記述的評価,100000,-0.00421737530448398,0.7669261465456213,0.0024218345923922024,0.06379,0.0065,整合
A,1.01,1.0,10,2,float32,0.7657620182484389,0.007295692186922878,記述的評価,100000,-0.004217375535517931,0.7669262364506721,0.0024218363380431596,0.06379,0.0065,精度診断
A,1.01,1.0,10,3,float64,0.7657620182484389,0.007295692186922878,記述的評価,100000,-0.0015396863442124688,0.7697262713462357,0.0036934140809105065,0.06281,0.00646,整合
A,1.01,1.0,10,3,float32,0.7657620182484389,0.007295692186922878,記述的評価,100000,-0.0015396863454952836,0.7697263434529305,0.0036932258510589677,0.06281,0.00646,精度診断
A,1.01,1.0,10,4,float64,0.7657620182484389,0.007295692186922878,記述的評価,100000,-0.0018634853869288787,0.7632595110483673,0.0017215894320358194,0.06242,0.00636,整合
A,1.01,1.0,10,4,float32,0.7657620182484389,0.007295692186922878,記述的評価,100000,-0.001863720128312707,0.7632593810558319,0.0017215758514403934,0.06242,0.00636,精度診断
A,1.01,1.0,10,5,float64,0.7657620182484389,0.007295692186922878,記述的評価,100000,-0.003730150446609049,0.76418379697139,0.0034270800581954752,0.06372,0.00606,整合
A,1.01,1.0,10,5,float32,0.7657620182484389,0.007295692186922878,記述的評価,100000,-0.003730150405317545,0.7641838267445564,0.003427079544067402,0.06372,0.00606,精度診断
A,1.01,1.0,10,6,float64,0.7657620182484389,0.007295692186922878,記述的評価,100000,-0.007646687865194161,0.7639539823095629,0.003959394292982643,0.06451,0.00663,整合
A,1.01,1.0,10,6,float32,0.7657620182484389,0.007295692186922878,記述的評価,100000,-0.007646797224879265,0.7639540433883667,0.003959404907226571,0.06451,0.00663,精度診断
A,1.01,1.0,10,7,float64,0.7657620182484389,0.007295692186922878,記述的評価,100000,0.0006894291617070011,0.7594312556637322,0.002111264450085748,0.06346,0.00582,整合
A,1.01,1.0,10,7,float32,0.7657620182484389,0.007295692186922878,記述的評価,100000,0.0006894291145727038,0.759431317448616,0.0021112810039520258,0.06346,0.00582,精度診断
A,1.01,1.0,10,8,float64,0.7657620182484389,0.007295692186922878,記述的評価,100000,0.0011636642206016858,0.7633889707577717,0.002424058007916452,0.06219,0.0057,整合
A,1.01,1.0,10,8,float32,0.7657620182484389,0.007295692186922878,記述的評価,100000,0.001163664273917675,0.7633890584111214,0.0024240381622314677,0.06219,0.0057,精度診断
A,1.01,1.0,10,9,float64,0.7657620182484389,0.007295692186922878,記述的評価,100000,0.005835504996856983,0.7646777899651902,0.003539869150343322,0.06217,0.00619,整合
A,1.01,1.0,10,9,float32,0.7657620182484389,0.007295692186922878,記述的評価,100000,0.005835505202412605,0.7646778151392937,0.003539880542755114,0.06217,0.00619,精度診断
A,1.01,10.0,11,0,float64,0.9999999966249403,0.007295692186922878,記述的評価,100000,-0.0005692242777306524,1.0054035187644232,0.0035536012612376044,0.0641,0.00627,整合
A,1.01,10.0,11,0,float32,0.9999999966249403,0.007295692186922878,記述的評価,100000,-0.0005690765683539212,1.005401372909546,0.0035538401985169,0.06411,0.00627,精度診断
A,1.01,10.0,11,1,float64,0.9999999966249403,0.007295692186922878,記述的評価,100000,0.0015272591943917635,0.9940000622774257,0.0021948898594614796,0.06141,0.00598,整合
A,1.01,10.0,11,1,float32,0.9999999966249403,0.007295692186922878,記述的評価,100000,0.001527032465673983,0.9940027296543121,0.002194894714355522,0.06141,0.00598,精度診断
A,1.01,10.0,11,2,float64,0.9999999966249403,0.007295692186922878,記述的評価,100000,0.007798297245869813,0.9931574126990321,0.003688708625803394,0.06256,0.00671,整合
A,1.01,10.0,11,2,float32,0.9999999966249403,0.007295692186922878,記述的評価,100000,0.007800761144608259,0.9931565597653389,0.0036887092685699563,0.06256,0.00671,精度診断
A,1.01,10.0,11,3,float64,0.9999999966249403,0.007295692186922878,記述的評価,100000,0.006704184949283808,0.9965568835624998,0.002731739759901153,0.06504,0.00638,整合
A,1.01,10.0,11,3,float32,0.9999999966249403,0.007295692186922878,記述的評価,100000,0.006704299710690975,0.9965568706393242,0.0027317855072021557,0.06504,0.00638,精度診断
A,1.01,10.0,11,4,float64,0.9999999966249403,0.007295692186922878,記述的評価,100000,-0.00881593005568021,0.997439023707127,0.0043706017674504105,0.063,0.0065,整合
A,1.01,10.0,11,4,float32,0.9999999966249403,0.007295692186922878,記述的評価,100000,-0.008791148662567139,0.9974292665719986,0.004360657196044948,0.063,0.00651,精度診断
A,1.01,10.0,11,5,float64,0.9999999966249403,0.007295692186922878,記述的評価,100000,-0.010333448722032765,1.0057737678737935,0.004027713978412728,0.06227,0.00626,整合
A,1.01,10.0,11,5,float32,0.9999999966249403,0.007295692186922878,記述的評価,100000,-0.010333742946386337,1.0057710036635399,0.004027727718353247,0.06228,0.00626,精度診断
A,1.01,10.0,11,6,float64,0.9999999966249403,0.007295692186922878,記述的評価,100000,0.007446688842154658,0.997374227980176,0.0034298472104822286,0.06419,0.00647,整合
A,1.01,10.0,11,6,float32,0.9999999966249403,0.007295692186922878,記述的評価,100000,0.0074470071122050285,0.9973752573132515,0.0034294453048706597,0.06419,0.00647,精度診断
A,1.01,10.0,11,7,float64,0.9999999966249403,0.007295692186922878,記述的評価,100000,-0.00787053987231709,0.9947416791498354,0.004014687674999906,0.06315,0.00656,整合
A,1.01,10.0,11,7,float32,0.9999999966249403,0.007295692186922878,記述的評価,100000,-0.007870446890592575,0.99474236369133,0.004015208892822253,0.06315,0.00656,精度診断
A,1.01,10.0,11,8,float64,0.9999999966249403,0.007295692186922878,記述的評価,100000,0.001423209822445906,1.0031404669995228,0.0019726590391417886,0.06348,0.00631,整合
A,1.01,10.0,11,8,float32,0.9999999966249403,0.007295692186922878,記述的評価,100000,0.001423244597390294,1.0031405985355377,0.0019725463676452115,0.06348,0.00631,精度診断
A,1.01,10.0,11,9,float64,0.9999999966249403,0.007295692186922878,記述的評価,100000,0.00026067809424609164,1.0035187633254294,0.0021814684964713837,0.064,0.00693,整合
A,1.01,10.0,11,9,float32,0.9999999966249403,0.007295692186922878,記述的評価,100000,0.0002607822243589908,1.0034978166222572,0.0021814645385742626,0.064,0.00693,精度診断
A,1.1,0.1,12,0,float64,0.10955847021442955,0.007295692186922878,記述的評価,100000,0.00016598887154478957,0.10973553067020468,0.00227468799230951,0.06406,0.00652,整合
A,1.1,0.1,12,0,float32,0.10955847021442955,0.007295692186922878,記述的評価,100000,0.00016598886577412486,0.10973553359508514,0.0022746886634826824,0.06406,0.00652,精度診断
A,1.1,0.1,12,1,float64,0.10955847021442955,0.007295692186922878,記述的評価,100000,0.0001487692521541764,0.11018139372623698,0.0029795596867600166,0.0634,0.00614,整合
A,1.1,0.1,12,1,float32,0.10955847021442955,0.007295692186922878,記述的評価,100000,0.0001487692497903481,0.11018139775842428,0.0029795712566375726,0.0634,0.00614,精度診断
A,1.1,0.1,12,2,float64,0.10955847021442955,0.007295692186922878,記述的評価,100000,2.4317289231781593e-05,0.10912290590319944,0.001422906216382691,0.06296,0.00603,整合
A,1.1,0.1,12,2,float32,0.10955847021442955,0.007295692186922878,記述的評価,100000,2.4317290808539838e-05,0.10912290867418051,0.00142289392471312,0.06296,0.00603,精度診断
A,1.1,0.1,12,3,float64,0.10955847021442955,0.007295692186922878,記述的評価,100000,-0.0006488303797317677,0.10928993704393303,0.0028107084467970944,0.06325,0.00637,整合
A,1.1,0.1,12,3,float32,0.10955847021442955,0.007295692186922878,記述的評価,100000,-0.0006488304352387786,0.1092899376526475,0.002810720310211179,0.06325,0.00637,精度診断
A,1.1,0.1,12,4,float64,0.10955847021442955,0.007295692186922878,記述的評価,100000,0.0001180585264056373,0.11002064754278211,0.0014618496039002504,0.06368,0.00629,整合
A,1.1,0.1,12,4,float32,0.10955847021442955,0.007295692186922878,記述的評価,100000,0.00011805853137047961,0.110020587220788,0.0014618525791168235,0.06368,0.00629,精度診断
A,1.1,0.1,12,5,float64,0.10955847021442955,0.007295692186922878,記述的評価,100000,0.0015078540903994955,0.10909167408214768,0.00548453725018444,0.06397,0.00633,整合
A,1.1,0.1,12,5,float32,0.10955847021442955,0.007295692186922878,記述的評価,100000,0.001507854089140892,0.10909167490899563,0.005484537105560294,0.06397,0.00633,精度診断
A,1.1,0.1,12,6,float64,0.10955847021442955,0.007295692186922878,記述的評価,100000,0.0002300767201692612,0.11025330996395691,0.00225685701480971,0.06305,0.00615,整合
A,1.1,0.1,12,6,float32,0.10955847021442955,0.007295692186922878,記述的評価,100000,0.00023007672280073166,0.11025331076234579,0.002256829452514597,0.06305,0.00615,精度診断
A,1.1,0.1,12,7,float64,0.10955847021442955,0.007295692186922878,記述的評価,100000,-0.00046851706375259164,0.1084642907072616,0.0034170040244469735,0.06381,0.00644,整合
A,1.1,0.1,12,7,float32,0.10955847021442955,0.007295692186922878,記述的評価,100000,-0.0004685170715674758,0.10846429318189621,0.003417004909515381,0.06381,0.00644,精度診断
A,1.1,0.1,12,8,float64,0.10955847021442955,0.007295692186922878,記述的評価,100000,0.00019727155950396996,0.10927077717121725,0.0020362603420931435,0.06335,0.00631,整合
A,1.1,0.1,12,8,float32,0.10955847021442955,0.007295692186922878,記述的評価,100000,0.00019727155449800193,0.10927078034728765,0.0020362842941283876,0.06335,0.00631,精度診断
A,1.1,0.1,12,9,float64,0.10955847021442955,0.007295692186922878,記述的評価,100000,0.00041400902140527264,0.10926435723612718,0.001820510169872891,0.06253,0.00612,整合
A,1.1,0.1,12,9,float32,0.10955847021442955,0.007295692186922878,記述的評価,100000,0.00041400903137400746,0.10926436260342598,0.0018205150890350241,0.06253,0.00612,精度診断
A,1.1,1.0,13,0,float64,0.8004990217606297,0.007295692186922878,記述的評価,100000,0.0016176331966164307,0.8025021334143132,0.0024067368521770716,0.06379,0.0062,整合
A,1.1,1.0,13,0,float32,0.8004990217606297,0.007295692186922878,記述的評価,100000,0.0016178075456991792,0.8025022223591805,0.0024064041423797478,0.06379,0.0062,精度診断
A,1.1,1.0,13,1,float64,0.8004990217606297,0.007295692186922878,記述的評価,100000,0.002748600722986133,0.807571481519321,0.0034024483415487916,0.0637,0.0064,整合
A,1.1,1.0,13,1,float32,0.8004990217606297,0.007295692186922878,記述的評価,100000,0.002748647006228566,0.8075715079903603,0.0034024698638915885,0.0637,0.0064,精度診断
A,1.1,1.0,13,2,float64,0.8004990217606297,0.007295692186922878,記述的評価,100000,-0.008877921108605446,0.7947074004891068,0.003973726056684224,0.0626,0.00639,整合
A,1.1,1.0,13,2,float32,0.8004990217606297,0.007295692186922878,記述的評価,100000,-0.008877921849489212,0.7947073802351952,0.003973700523376422,0.0626,0.00639,精度診断
A,1.1,1.0,13,3,float64,0.8004990217606297,0.007295692186922878,記述的評価,100000,0.003578590006083445,0.8017932714250213,0.002390993553083476,0.06349,0.00641,整合
A,1.1,1.0,13,3,float32,0.8004990217606297,0.007295692186922878,記述的評価,100000,0.003578590229153633,0.8017933294177055,0.002390962905883809,0.06349,0.00641,精度診断
A,1.1,1.0,13,4,float64,0.8004990217606297,0.007295692186922878,記述的評価,100000,0.007904520543291191,0.7981071084253897,0.004880838619900296,0.06369,0.00616,整合
A,1.1,1.0,13,4,float32,0.8004990217606297,0.007295692186922878,記述的評価,100000,0.007904520258307457,0.7981071472167969,0.004880839042663565,0.06369,0.00617,精度診断
A,1.1,1.0,13,5,float64,0.8004990217606297,0.007295692186922878,記述的評価,100000,0.0043577536226101585,0.7960297060116338,0.00313645872971402,0.06261,0.00632,整合
A,1.1,1.0,13,5,float32,0.8004990217606297,0.007295692186922878,記述的評価,100000,0.004357753787189722,0.7960297986865044,0.00313648387908938,0.06261,0.00632,精度診断
A,1.1,1.0,13,6,float64,0.8004990217606297,0.007295692186922878,記述的評価,100000,-0.002459335236865881,0.7978161998345676,0.0019719232259086117,0.0639,0.00631,整合
A,1.1,1.0,13,6,float32,0.8004990217606297,0.007295692186922878,記述的評価,100000,-0.0024593351408839226,0.797816127538681,0.0019719125747680866,0.0639,0.00631,精度診断
A,1.1,1.0,13,7,float64,0.8004990217606297,0.007295692186922878,記述的評価,100000,0.003221759426620477,0.7965939009929752,0.003669108472523497,0.06361,0.00662,整合
A,1.1,1.0,13,7,float32,0.8004990217606297,0.007295692186922878,記述的評価,100000,0.0032217593397945166,0.7965938597917557,0.0036690949630737157,0.06361,0.00662,精度診断
A,1.1,1.0,13,8,float64,0.8004990217606297,0.007295692186922878,記述的評価,100000,0.0020880286476781017,0.8027386993480476,0.002134477272051294,0.06426,0.00649,整合
A,1.1,1.0,13,8,float32,0.8004990217606297,0.007295692186922878,記述的評価,100000,0.002088028471916914,0.8027388378977776,0.002134461860656689,0.06426,0.00649,精度診断
A,1.1,1.0,13,9,float64,0.8004990217606297,0.007295692186922878,記述的評価,100000,-0.00019562643902844675,0.7993147176100887,0.0022440052506022545,0.06232,0.00636,整合
A,1.1,1.0,13,9,float32,0.8004990217606297,0.007295692186922878,記述的評価,100000,-0.0001956264313776046,0.7993146404623985,0.0022439928627014383,0.06232,0.00636,精度診断
A,1.1,10.0,14,0,float64,0.9999999994421064,0.007295692186922878,記述的評価,100000,-0.00014796031100989125,0.9895391758938048,0.004245684824412899,0.06271,0.00648,整合
A,1.1,10.0,14,0,float32,0.9999999994421064,0.007295692186922878,記述的評価,100000,-0.0001473069132771343,0.98953927308321,0.004248623218536363,0.06271,0.00648,精度診断
A,1.1,10.0,14,1,float64,0.9999999994421064,0.007295692186922878,記述的評価,100000,-0.0008971846072512125,1.0066692699246484,0.0024197527211708703,0.0638,0.00666,整合
A,1.1,10.0,14,1,float32,0.9999999994421064,0.007295692186922878,記述的評価,100000,-0.0008973946096375585,1.0066562741994858,0.002419701852798467,0.06379,0.00666,精度診断
A,1.1,10.0,14,2,float64,0.9999999994421064,0.007295692186922878,記述的評価,100000,0.005157628515773931,0.9956184547983552,0.0034504979967887595,0.06404,0.00659,整合
A,1.1,10.0,14,2,float32,0.9999999994421064,0.007295692186922878,記述的評価,100000,0.005157914012670517,0.9956183657050133,0.003450477809905983,0.06404,0.00659,精度診断
A,1.1,10.0,14,3,float64,0.9999999994421064,0.007295692186922878,記述的評価,100000,0.0068250602043213385,0.9999456685613011,0.003203863955455466,0.06341,0.00644,整合
A,1.1,10.0,14,3,float32,0.9999999994421064,0.007295692186922878,記述的評価,100000,0.006808926351368427,0.9999457597732544,0.003205117912292499,0.06341,0.00644,精度診断
A,1.1,10.0,14,4,float64,0.9999999994421064,0.007295692186922878,記述的評価,100000,0.007848518929632571,1.0020080625517198,0.003799436978156545,0.06476,0.00659,整合
A,1.1,10.0,14,4,float32,0.9999999994421064,0.007295692186922878,記述的評価,100000,0.007848010398447514,1.0020081028342247,0.003789238853454613,0.06475,0.00659,精度診断
A,1.1,10.0,14,5,float64,0.9999999994421064,0.007295692186922878,記述的評価,100000,-0.009833843065774981,1.0078002083171422,0.0035657559059686372,0.06316,0.00666,整合
A,1.1,10.0,14,5,float32,0.9999999994421064,0.007295692186922878,記述的評価,100000,-0.009832262061536312,1.0078004002571106,0.003565770950317404,0.06317,0.00666,精度診断
A,1.1,10.0,14,6,float64,0.9999999994421064,0.007295692186922878,記述的評価,100000,-0.0073128299645758895,1.0054256166431728,0.0032114386152969354,0.06348,0.00613,整合
A,1.1,10.0,14,6,float32,0.9999999994421064,0.007295692186922878,記述的評価,100000,-0.007313243113458157,1.0054262652993202,0.0032114371871948544,0.06347,0.00613,精度診断
A,1.1,10.0,14,7,float64,0.9999999994421064,0.007295692186922878,記述的評価,100000,-0.002247609507816346,0.9928502798314784,0.002198736592192607,0.06384,0.00609,整合
A,1.1,10.0,14,7,float32,0.9999999994421064,0.007295692186922878,記述的評価,100000,-0.0022568264976143837,0.9928507804870605,0.002208653087615975,0.06384,0.00609,精度診断
A,1.1,10.0,14,8,float64,0.9999999994421064,0.007295692186922878,記述的評価,100000,0.009686371168671753,0.990573199599873,0.004349213919644712,0.0626,0.006,整合
A,1.1,10.0,14,8,float32,0.9999999994421064,0.007295692186922878,記述的評価,100000,0.009684968739748001,0.9905643463134766,0.004359172096252417,0.0626,0.006,精度診断
A,1.1,10.0,14,9,float64,0.9999999994421064,0.007295692186922878,記述的評価,100000,0.006067054783597818,0.9950081895460627,0.003196568794077481,0.06391,0.00643,整合
A,1.1,10.0,14,9,float32,0.9999999994421064,0.007295692186922878,記述的評価,100000,0.0060663726180791855,0.9950098767876625,0.003196536293029739,0.06391,0.00643,精度診断
A,1.5,0.1,15,0,float64,0.148885033623318,0.007295692186922878,記述的評価,100000,0.0007266799962698019,0.14851004170430643,0.0026446377444509506,0.06483,0.00661,整合
A,1.5,0.1,15,0,float32,0.148885033623318,0.007295692186922878,記述的評価,100000,0.000726679980289191,0.1485100407153368,0.0026446346378326546,0.06483,0.00661,精度診断
A,1.5,0.1,15,1,float64,0.148885033623318,0.007295692186922878,記述的評価,100000,-0.0008356681720613389,0.148936183357477,0.002209789083319702,0.06379,0.00651,整合
A,1.5,0.1,15,1,float32,0.148885033623318,0.007295692186922878,記述的評価,100000,-0.0008356681792065501,0.14893617667257786,0.002209797296524041,0.06379,0.00651,精度診断
A,1.5,0.1,15,2,float64,0.148885033623318,0.007295692186922878,記述的評価,100000,0.00039014784453789174,0.14887398087534118,0.001991473244416231,0.06345,0.00668,整合
A,1.5,0.1,15,2,float32,0.148885033623318,0.007295692186922878,記述的評価,100000,0.0003901478776242584,0.1488739773631096,0.001991503582000731,0.06345,0.00668,精度診断
A,1.5,0.1,15,3,float64,0.148885033623318,0.007295692186922878,記述的評価,100000,0.0010998815083062931,0.14776117474668393,0.004745619009332236,0.06416,0.00628,整合
A,1.5,0.1,15,3,float32,0.148885033623318,0.007295692186922878,記述的評価,100000,0.0010998814832419157,0.14776117354631424,0.0047456067943573155,0.06416,0.00628,精度診断
A,1.5,0.1,15,4,float64,0.148885033623318,0.007295692186922878,記述的評価,100000,0.0005672322710939012,0.14953464475737466,0.0034049446965401797,0.06377,0.0063,整合
A,1.5,0.1,15,4,float32,0.148885033623318,0.007295692186922878,記述的評価,100000,0.000567232258617878,0.14953463710844517,0.0034049547767639465,0.06377,0.0063,精度診断
A,1.5,0.1,15,5,float64,0.148885033623318,0.007295692186922878,記述的評価,100000,0.0005983875253156932,0.1482889253433572,0.0023591910657659865,0.06342,0.00651,整合
A,1.5,0.1,15,5,float32,0.148885033623318,0.007295692186922878,記述的評価,100000,0.000598387501668185,0.14828889816999435,0.002359190368652342,0.06342,0.00651,精度診断
A,1.5,0.1,15,6,float64,0.148885033623318,0.007295692186922878,記述的評価,100000,3.060024882071765e-05,0.14869359843054655,0.0020747524097772807,0.06382,0.0064,整合
A,1.5,0.1,15,6,float32,0.148885033623318,0.007295692186922878,記述的評価,100000,3.060024755541235e-05,0.1486936006695032,0.0020747649288177517,0.06382,0.0064,精度診断
A,1.5,0.1,15,7,float64,0.148885033623318,0.007295692186922878,記述的評価,100000,0.0007682481221127984,0.14867023901423493,0.0020678670767818597,0.0627,0.00604,整合
A,1.5,0.1,15,7,float32,0.148885033623318,0.007295692186922878,記述的評価,100000,0.000768248166423291,0.1486702412366867,0.0020678633117675593,0.0627,0.00604,精度診断
A,1.5,0.1,15,8,float64,0.148885033623318,0.007295692186922878,記述的評価,100000,-0.00042772458704153635,0.14843501334402126,0.002082260434935798,0.06382,0.00621,整合
A,1.5,0.1,15,8,float32,0.148885033623318,0.007295692186922878,記述的評価,100000,-0.0004277246189303696,0.14843501523137093,0.002082269706726078,0.06382,0.00621,精度診断
A,1.5,0.1,15,9,float64,0.148885033623318,0.007295692186922878,記述的評価,100000,0.0002506174253009178,0.14838241860814944,0.0015929450602906181,0.06336,0.00642,整合
A,1.5,0.1,15,9,float32,0.148885033623318,0.007295692186922878,記述的評価,100000,0.000250617420533672,0.1483824234455824,0.0015929638290405057,0.06336,0.00642,精度診断
A,1.5,1.0,16,0,float64,0.9051482536448664,0.007295692186922878,記述的評価,100000,-0.005767783045669519,0.9041216020703715,0.002099777471860076,0.06337,0.0065,整合
A,1.5,1.0,16,0,float32,0.9051482536448664,0.007295692186922878,記述的評価,100000,-0.005767767317593098,0.9041234701871872,0.002099766540527348,0.06337,0.0065,精度診断
A,1.5,1.0,16,1,float64,0.9051482536448664,0.007295692186922878,記述的評価,100000,-0.010714291830480019,0.900409804758022,0.00481333392844191,0.06392,0.00669,整合
A,1.5,1.0,16,1,float32,0.9051482536448664,0.007295692186922878,記述的評価,100000,-0.010714712552726269,0.9004098102450371,0.004813348999023415,0.06392,0.00669,精度診断
A,1.5,1.0,16,2,float64,0.9051482536448664,0.007295692186922878,記述的評価,100000,0.004688291383219098,0.9026213402676305,0.0026734795334280026,0.06294,0.00578,整合
A,1.5,1.0,16,2,float32,0.9051482536448664,0.007295692186922878,記述的評価,100000,0.004688417539000511,0.9026209786534309,0.002673452320098857,0.06294,0.00578,精度診断
A,1.5,1.0,16,3,float64,0.9051482536448664,0.007295692186922878,記述的評価,100000,-0.003697076043272911,0.9086148014632628,0.0029250979130345245,0.06376,0.00657,整合
A,1.5,1.0,16,3,float32,0.9051482536448664,0.007295692186922878,記述的評価,100000,-0.003697066567838192,0.9086147993803024,0.0029250623512268037,0.06376,0.00657,精度診断
A,1.5,1.0,16,4,float64,0.9051482536448664,0.007295692186922878,記述的評価,100000,0.008028633161776693,0.9023668993836741,0.004453500823481338,0.06296,0.00636,整合
A,1.5,1.0,16,4,float32,0.9051482536448664,0.007295692186922878,記述的評価,100000,0.008028633892536163,0.9023668393492699,0.0044535104179382334,0.06296,0.00636,精度診断
A,1.5,1.0,16,5,float64,0.9051482536448664,0.007295692186922878,記述的評価,100000,-0.004023842011604065,0.9103713620926022,0.0034382510872330574,0.06321,0.00628,整合
A,1.5,1.0,16,5,float32,0.9051482536448664,0.007295692186922878,記述的評価,100000,-0.004024062305688858,0.9103713408112526,0.003438211278915415,0.06321,0.00629,精度診断
A,1.5,1.0,16,6,float64,0.9051482536448664,0.007295692186922878,記述的評価,100000,-0.002361995894622826,0.8989717971734225,0.0018043225200294888,0.06364,0.00628,整合
A,1.5,1.0,16,6,float32,0.9051482536448664,0.007295692186922878,記述的評価,100000,-0.0023616557009518147,0.8989718928933144,0.0018026458740234563,0.06364,0.00628,精度診断
A,1.5,1.0,16,7,float64,0.9051482536448664,0.007295692186922878,記述的評価,100000,-0.0007908838901014075,0.904132095953053,0.0010683277983322137,0.06374,0.00662,整合
A,1.5,1.0,16,7,float32,0.9051482536448664,0.007295692186922878,記述的評価,100000,-0.0007907591061666608,0.9041322246193886,0.0010682920837402632,0.06374,0.00662,精度診断
A,1.5,1.0,16,8,float64,0.9051482536448664,0.007295692186922878,記述的評価,100000,-0.0038461499646330033,0.9099661298746754,0.0020440932177553384,0.06246,0.00659,整合
A,1.5,1.0,16,8,float32,0.9051482536448664,0.007295692186922878,記述的評価,100000,-0.003846114268526435,0.9099662080407143,0.002044111480712929,0.06246,0.00659,精度診断
A,1.5,1.0,16,9,float64,0.9051482536448664,0.007295692186922878,記述的評価,100000,0.0005645069686601354,0.906536256825016,0.0011053249593986347,0.06372,0.00645,整合
A,1.5,1.0,16,9,float32,0.9051482536448664,0.007295692186922878,記述的評価,100000,0.0005645069759339094,0.9065363332629204,0.001105277709960939,0.06372,0.00645,精度診断
A,1.5,10.0,17,0,float64,0.9999999999998128,0.007295692186922878,記述的評価,100000,0.006535762647296264,0.9997896865547524,0.00248598349834811,0.0639,0.00663,整合
A,1.5,10.0,17,0,float32,0.9999999999998128,0.007295692186922878,記述的評価,100000,0.006448425352573395,0.9997453168034554,0.0024664358615875126,0.0639,0.00663,精度診断
A,1.5,10.0,17,1,float64,0.9999999999998128,0.007295692186922878,記述的評価,100000,-0.005636728817730496,0.9963721351590494,0.0021628879365632736,0.06396,0.00633,整合
A,1.5,10.0,17,1,float32,0.9999999999998128,0.007295692186922878,記述的評価,100000,-0.005635019391775131,0.9963721409440041,0.0021634325599670934,0.06397,0.00633,精度診断
A,1.5,10.0,17,2,float64,0.9999999999998128,0.007295692186922878,記述的評価,100000,-0.005681370041329242,0.9956282550585112,0.0032618016146629403,0.06258,0.00642,整合
A,1.5,10.0,17,2,float32,0.9999999999998128,0.007295692186922878,記述的評価,100000,-0.005653278902173042,0.9956177771091461,0.0032518772888183722,0.06256,0.00642,精度診断
A,1.5,10.0,17,3,float64,0.9999999999998128,0.007295692186922878,記述的評価,100000,-0.01235173291171296,1.0142877555516794,0.005387490488893032,0.0646,0.00657,整合
A,1.5,10.0,17,3,float32,0.9999999999998128,0.007295692186922878,記述的評価,100000,-0.012351326644420624,1.0142884775996208,0.00539559035301207,0.0646,0.00656,精度診断
A,1.5,10.0,17,4,float64,0.9999999999998128,0.007295692186922878,記述的評価,100000,-0.0027076391178716373,1.0067315487288861,0.0020644290950370126,0.06408,0.00674,整合
A,1.5,10.0,17,4,float32,0.9999999999998128,0.007295692186922878,記述的評価,100000,-0.002706522587686777,1.0067308098077774,0.002064722175598166,0.06408,0.00674,精度診断
A,1.5,10.0,17,5,float64,0.9999999999998128,0.007295692186922878,記述的評価,100000,-0.008267885038404955,0.9989913168930384,0.0034741243264932997,0.06447,0.00674,整合
A,1.5,10.0,17,5,float32,0.9999999999998128,0.007295692186922878,記述的評価,100000,-0.008268393576145172,0.9989943206310272,0.0034740838146209985,0.06446,0.00674,精度診断
A,1.5,10.0,17,6,float64,0.9999999999998128,0.007295692186922878,記述的評価,100000,0.0008143437309680738,1.0061280723706312,0.0035535592437075936,0.06472,0.00657,整合
A,1.5,10.0,17,6,float32,0.9999999999998128,0.007295692186922878,記述的評価,100000,0.0008150658686645329,1.0061287507414818,0.003553389549255326,0.06472,0.00657,精度診断
A,1.5,10.0,17,7,float64,0.9999999999998128,0.007295692186922878,記述的評価,100000,-0.0031314320684231855,1.0043875165716392,0.0017315335197111148,0.06418,0.00621,整合
A,1.5,10.0,17,7,float32,0.9999999999998128,0.007295692186922878,記述的評価,100000,-0.0031313879881054163,1.0043872147798538,0.0017316011047363022,0.06418,0.00621,精度診断
A,1.5,10.0,17,8,float64,0.9999999999998128,0.007295692186922878,記述的評価,100000,-0.003009252606654277,0.9992645454854118,0.001723993145934577,0.06432,0.00638,整合
A,1.5,10.0,17,8,float32,0.9999999999998128,0.007295692186922878,記述的評価,100000,-0.003001636127009988,0.9992642849683762,0.001733841552734372,0.06432,0.00638,精度診断
A,1.5,10.0,17,9,float64,0.9999999999998128,0.007295692186922878,記述的評価,100000,0.00474801759906175,0.997320779527148,0.0032506059591800307,0.06347,0.00657,整合
A,1.5,10.0,17,9,float32,0.9999999999998128,0.007295692186922878,記述的評価,100000,0.0047487299889326096,0.9972959905862808,0.0032505698394775795,0.06347,0.00657,精度診断
A,2.0,0.1,18,0,float64,0.197375320224904,0.007295692186922878,記述的評価,100000,0.0003231500038536867,0.19828795364213128,0.0027579070149712503,0.06318,0.00648,整合
A,2.0,0.1,18,0,float32,0.197375320224904,0.007295692186922878,記述的評価,100000,0.0003231499867979437,0.19828795082867146,0.0027578805160521913,0.06318,0.00648,精度診断
A,2.0,0.1,18,1,float64,0.197375320224904,0.007295692186922878,記述的評価,100000,0.0009207339313745116,0.19854511580830303,0.002405630988420282,0.06386,0.00651,整合
A,2.0,0.1,18,1,float32,0.197375320224904,0.007295692186922878,記述的評価,100000,0.0009207339026033878,0.19854511506855488,0.0024056188392639344,0.06386,0.00651,精度診断
A,2.0,0.1,18,2,float64,0.197375320224904,0.007295692186922878,記述的評価,100000,-0.0006070209543886304,0.19869531743083477,0.002516862877404824,0.0635,0.00642,整合
A,2.0,0.1,18,2,float32,0.197375320224904,0.007295692186922878,記述的評価,100000,-0.0006070209201425314,0.1986953243613243,0.0025168463325500046,0.0635,0.00642,精度診断
A,2.0,0.1,18,3,float64,0.197375320224904,0.007295692186922878,記述的評価,100000,-0.001802515908768477,0.19637508438031787,0.004495838344587777,0.06408,0.00664,整合
A,2.0,0.1,18,3,float32,0.197375320224904,0.007295692186922878,記述的評価,100000,-0.0018025159370154142,0.19637509062886238,0.004495853519439708,0.06408,0.00664,精度診断
A,2.0,0.1,18,4,float64,0.197375320224904,0.007295692186922878,記述的評価,100000,0.0012087114415788541,0.19686508397999825,0.0035611698645388046,0.06476,0.00628,整合
A,2.0,0.1,18,4,float32,0.197375320224904,0.007295692186922878,記述的評価,100000,0.001208711415529251,0.19686508737504482,0.003561148071289044,0.06476,0.00628,精度診断
A,2.0,0.1,18,5,float64,0.197375320224904,0.007295692186922878,記述的評価,100000,-0.0009564530577812747,0.19694062277708563,0.002761636029994907,0.06357,0.00603,整合
A,2.0,0.1,18,5,float32,0.197375320224904,0.007295692186922878,記述的評価,100000,-0.0009564530337229371,0.19694062508642673,0.0027616090583801323,0.06357,0.00603,精度診断
A,2.0,0.1,18,6,float64,0.197375320224904,0.007295692186922878,記述的評価,100000,0.00027775483426228047,0.19731244877105056,0.0018962352460497045,0.06332,0.00627,整合
A,2.0,0.1,18,6,float32,0.197375320224904,0.007295692186922878,記述的評価,100000,0.00027775485068559647,0.19731244631111622,0.001896251335144039,0.06332,0.00627,精度診断
A,2.0,0.1,18,7,float64,0.197375320224904,0.007295692186922878,記述的評価,100000,0.0006173413624397687,0.19614534382778198,0.002740862554753587,0.06255,0.00644,整合
A,2.0,0.1,18,7,float32,0.197375320224904,0.007295692186922878,記述的評価,100000,0.0006173413712531328,0.19614535011351109,0.002740889196395868,0.06255,0.00644,精度診断
A,2.0,0.1,18,8,float64,0.197375320224904,0.007295692186922878,記述的評価,100000,0.0006096664383014839,0.19696731630237962,0.0017696100856043895,0.06421,0.0066,整合
A,2.0,0.1,18,8,float32,0.197375320224904,0.007295692186922878,記述的評価,100000,0.0006096664583310485,0.19696731306612492,0.0017696014976501528,0.06421,0.0066,精度診断
A,2.0,0.1,18,9,float64,0.197375320224904,0.007295692186922878,記述的評価,100000,0.0014038093856285688,0.1964340995517566,0.0032123744004274313,0.06343,0.00649,整合
A,2.0,0.1,18,9,float32,0.197375320224904,0.007295692186922878,記述的評価,100000,0.0014038094086572528,0.19643408991396427,0.0032123637676239047,0.06343,0.00649,精度診断
A,2.0,1.0,19,0,float64,0.9640275800758169,0.007295692186922878,記述的評価,100000,-0.0016315600892101492,0.965632807779619,0.0022152985180832196,0.06335,0.00638,整合
A,2.0,1.0,19,0,float32,0.9640275800758169,0.007295692186922878,記述的評価,100000,-0.0016315600369125605,0.965632788836956,0.0022152901840210015,0.06335,0.00638,精度診断
A,2.0,1.0,19,1,float64,0.9640275800758169,0.007295692186922878,記述的評価,100000,-0.001544256583530138,0.9648457052370256,0.0018404874953883987,0.06396,0.00611,整合
A,2.0,1.0,19,1,float32,0.9640275800758169,0.007295692186922878,記述的評価,100000,-0.0015452515799552202,0.9648458287119865,0.0018403291797637888,0.06396,0.00611,精度診断
A,2.0,1.0,19,2,float64,0.9640275800758169,0.007295692186922878,記述的評価,100000,-0.002563086187274968,0.9590671179561521,0.002366378299788141,0.06243,0.00611,整合
A,2.0,1.0,19,2,float32,0.9640275800758169,0.007295692186922878,記述的評価,100000,-0.0025630807504057884,0.9590671360492706,0.002366420478820852,0.06243,0.00611,精度診断
A,2.0,1.0,19,3,float64,0.9640275800758169,0.007295692186922878,記述的評価,100000,0.0017530049001547349,0.9639506287548791,0.0025357719552112634,0.06301,0.00629,整合
A,2.0,1.0,19,3,float32,0.9640275800758169,0.007295692186922878,記述的評価,100000,0.0017529939068481326,0.9639506563544273,0.002535777473449685,0.06301,0.00629,精度診断
A,2.0,1.0,19,4,float64,0.9640275800758169,0.007295692186922878,記述的評価,100000,-0.011729421727495694,0.970172971538906,0.00457952153896668,0.06237,0.00679,整合
A,2.0,1.0,19,4,float32,0.9640275800758169,0.007295692186922878,記述的評価,100000,-0.011729422025382519,0.9701728522777557,0.004579520473480203,0.06237,0.00679,精度診断
A,2.0,1.0,19,5,float64,0.9640275800758169,0.007295692186922878,記述的評価,100000,-0.004928654631147351,0.960615300491202,0.0024897447437615683,0.06225,0.00627,整合
A,2.0,1.0,19,5,float32,0.9640275800758169,0.007295692186922878,記述的評価,100000,-0.004928626120090485,0.9606153815984726,0.0024897944164276042,0.06225,0.00627,精度診断
A,2.0,1.0,19,6,float64,0.9640275800758169,0.007295692186922878,記述的評価,100000,0.0059237986102356,0.9667239063344877,0.0029692843402762126,0.06364,0.00695,整合
A,2.0,1.0,19,6,float32,0.9640275800758169,0.007295692186922878,記述的評価,100000,0.00592369819059968,0.966723307967186,0.0029692765617370664,0.06364,0.00695,精度診断
A,2.0,1.0,19,7,float64,0.9640275800758169,0.007295692186922878,記述的評価,100000,-0.004660893537496626,0.962463291120141,0.002529288047501632,0.06296,0.0063,整合
A,2.0,1.0,19,7,float32,0.9640275800758169,0.007295692186922878,記述的評価,100000,-0.004660739563405514,0.9624632820487022,0.0025293162155151094,0.06296,0.0063,精度診断
A,2.0,1.0,19,8,float64,0.9640275800758169,0.007295692186922878,記述的評価,100000,-0.0007004085845229376,0.9600206562341235,0.0023402356968140747,0.06248,0.0061,整合
A,2.0,1.0,19,8,float32,0.9640275800758169,0.007295692186922878,記述的評価,100000,-0.0007003233768045902,0.9600197374820709,0.002340258598327649,0.06249,0.0061,精度診断
A,2.0,1.0,19,9,float64,0.9640275800758169,0.007295692186922878,記述的評価,100000,-0.009213746987831077,0.9645182787505793,0.0035081655687223545,0.06382,0.00609,整合
A,2.0,1.0,19,9,float32,0.9640275800758169,0.007295692186922878,記述的評価,100000,-0.009214024990797043,0.9645181819796562,0.0035081768226623566,0.06382,0.00609,精度診断
A,2.0,10.0,20,0,float64,1.0,0.007295692186922878,記述的評価,100000,0.001546717371614412,1.0051277386732298,0.001850267506964376,0.06343,0.00633,整合
A,2.0,10.0,20,0,float32,1.0,0.007295692186922878,記述的評価,100000,0.0015469820937141776,1.0051274597644806,0.001850304870605446,0.06342,0.00633,精度診断
A,2.0,10.0,20,1,float64,1.0,0.007295692186922878,記述的評価,100000,-0.0015273732061805178,0.9957330935700746,0.0029992071644087126,0.06222,0.00631,整合
A,2.0,10.0,20,1,float32,1.0,0.007295692186922878,記述的評価,100000,-0.0015358146047219634,0.9956704825162888,0.0029988152122497613,0.06222,0.00631,精度診断
A,2.0,10.0,20,2,float64,1.0,0.007295692186922878,記述的評価,100000,-0.001934723186256359,1.0012435280952474,0.0023221890620043206,0.06399,0.00625,整合
A,2.0,10.0,20,2,float32,1.0,0.007295692186922878,記述的評価,100000,-0.0019349479116499424,1.001243606209755,0.0023213103103637556,0.06399,0.00625,精度診断
A,2.0,10.0,20,3,float64,1.0,0.007295692186922878,記述的評価,100000,-0.002200079718355973,0.9957670853022058,0.0018853535985636771,0.06331,0.00637,整合
A,2.0,10.0,20,3,float32,1.0,0.007295692186922878,記述的評価,100000,-0.0022024866193532944,0.9957672283053398,0.0018853271102905467,0.06331,0.00637,精度診断
A,2.0,10.0,20,4,float64,1.0,0.007295692186922878,記述的評価,100000,-0.002391908104570903,1.0000035674166403,0.0038976297666659665,0.06305,0.0066,整合
A,2.0,10.0,20,4,float32,1.0,0.007295692186922878,記述的評価,100000,-0.0023904687259346247,1.0000779554247856,0.003897105121612565,0.06305,0.0066,精度診断
A,2.0,10.0,20,5,float64,1.0,0.007295692186922878,記述的評価,100000,-0.001738763496434193,1.00689405311964,0.0016201231111928616,0.06295,0.00622,整合
A,2.0,10.0,20,5,float32,1.0,0.007295692186922878,記述的評価,100000,-0.001737350132316351,1.006893739104271,0.0016201226806640268,0.06294,0.00622,精度診断
A,2.0,10.0,20,6,float64,1.0,0.007295692186922878,記述的評価,100000,4.527183614789625e-05,0.9980434426381797,0.0018374475674209911,0.06355,0.00666,整合
A,2.0,10.0,20,6,float32,1.0,0.007295692186922878,記述的評価,100000,6.568798562511802e-05,0.9980197474360466,0.0018277326583862052,0.06355,0.00666,精度診断
A,2.0,10.0,20,7,float64,1.0,0.007295692186922878,記述的評価,100000,-0.005537129630040885,0.9961939880533922,0.0026322492014873577,0.06396,0.00661,整合
A,2.0,10.0,20,7,float32,1.0,0.007295692186922878,記述的評価,100000,-0.0055381422862410545,0.9961907118558884,0.002632535114288348,0.06396,0.00661,精度診断
A,2.0,10.0,20,8,float64,1.0,0.007295692186922878,記述的評価,100000,0.0073697572388188885,1.0016929362096025,0.0029945296639664054,0.06393,0.00619,整合
A,2.0,10.0,20,8,float32,1.0,0.007295692186922878,記述的評価,100000,0.007369290105998516,1.0016930028796196,0.0029946402549743123,0.06393,0.00619,精度診断
A,2.0,10.0,20,9,float64,1.0,0.007295692186922878,記述的評価,100000,0.007681939347674168,0.993456691338972,0.003169978482455149,0.0629,0.00652,整合
A,2.0,10.0,20,9,float32,1.0,0.007295692186922878,記述的評価,100000,0.007682272233068943,0.993454821407795,0.003169548187255844,0.0629,0.00652,精度診断
