stage,beta,gamma0,condition,seed,dtype,nonfinite,first_failure_step,first_failure_index,zero_count,max_abs,min_pole
C,1.0001,0.017318949386946766,0,0,float64,0,,,0,7450.027078797543,0.00013422769923088218
C,1.0001,0.017318949386946766,0,0,float32,0,,,0,3413.286865234375,0.0002929727223257572
C,1.0001,0.017318949386946766,0,1,float64,0,,,0,2648.4034564430485,0.00037758595656689486
C,1.0001,0.017318949386946766,0,1,float32,0,,,0,3616.7666015625,0.0002764900538583248
C,1.0001,0.017318949386946766,0,2,float64,0,,,0,15369.964516942824,6.506195882804988e-05
C,1.0001,0.017318949386946766,0,2,float32,0,,,0,2157.76708984375,0.0004634420063833744
C,1.0001,0.017318949386946766,0,3,float64,0,,,0,1548.683324564397,0.0006457097104088927
C,1.0001,0.017318949386946766,0,3,float32,0,,,0,2157.76708984375,0.0004634420063833744
C,1.0001,0.017318949386946766,0,4,float64,0,,,0,1369.9619899343193,0.0007299471297304017
C,1.0001,0.017318949386946766,0,4,float32,0,,,0,3413.286865234375,0.0002929727223257572
C,1.0001,0.017318949386946766,0,5,float64,0,,,0,1242.238418476344,0.0008049982749840368
C,1.0001,0.017318949386946766,0,5,float32,0,,,0,2157.76708984375,0.0004634420063833744
C,1.0001,0.017318949386946766,0,6,float64,0,,,0,5109.825521899193,0.00019570139585933788
C,1.0001,0.017318949386946766,0,6,float32,0,,,0,3413.286865234375,0.0002929727223257572
C,1.0001,0.017318949386946766,0,7,float64,0,,,0,7778.6774495982445,0.00012855655745735994
C,1.0001,0.017318949386946766,0,7,float32,0,,,0,20900.111328125,4.7846636499926376e-05
C,1.0001,0.017318949386946766,0,8,float64,0,,,0,2320.121629280462,0.0004310118596611012
C,1.0001,0.017318949386946766,0,8,float32,0,,,0,3616.7666015625,0.0002764900538583248
C,1.0001,0.017318949386946766,0,9,float64,0,,,0,38572.45289607009,2.5925237435053816e-05
C,1.0001,0.017318949386946766,0,9,float32,0,,,0,3413.286865234375,0.0002929727223257572
C,1.0001,0.017318949386946766,0,10,float64,0,,,0,1005.1590158207697,0.000994867134791022
C,1.0001,0.017318949386946766,0,10,float32,0,,,0,20900.111328125,4.7846636499926376e-05
C,1.0001,0.017318949386946766,0,11,float64,0,,,0,47333.952306469524,2.1126484291311698e-05
C,1.0001,0.017318949386946766,0,11,float32,0,,,0,2157.76708984375,0.0004634420063833744
C,1.0001,0.017318949386946766,0,12,float64,0,,,0,3360.829215722568,0.000297545607438332
C,1.0001,0.017318949386946766,0,12,float32,0,,,0,3413.286865234375,0.0002929727223257572
C,1.0001,0.017318949386946766,0,13,float64,0,,,0,1322.535992767485,0.0007561229447778928
C,1.0001,0.017318949386946766,0,13,float32,0,,,0,20900.111328125,4.7846636499926376e-05
C,1.0001,0.017318949386946766,0,14,float64,0,,,0,2532.9891934497887,0.00039479045178425487
C,1.0001,0.017318949386946766,0,14,float32,0,,,0,1287.1949462890625,0.0007768829518699505
C,1.0001,0.017318949386946766,0,15,float64,0,,,0,1865.8550906161088,0.0005359472497530327
C,1.0001,0.017318949386946766,0,15,float32,0,,,0,20900.111328125,4.7846636499926376e-05
C,1.0001,0.017318949386946766,0,16,float64,0,,,0,1237.045959503514,0.0008083772268063782
C,1.0001,0.017318949386946766,0,16,float32,0,,,0,2157.76708984375,0.0004634420063833744
C,1.0001,0.017318949386946766,0,17,float64,0,,,0,14504.189672564667,6.894559578896065e-05
C,1.0001,0.017318949386946766,0,17,float32,0,,,0,3413.286865234375,0.0002929727223257572
C,1.0001,0.017318949386946766,0,18,float64,0,,,0,1113.4611660455764,0.0008981002316319486
C,1.0001,0.017318949386946766,0,18,float32,0,,,0,3413.286865234375,0.0002929727223257572
C,1.0001,0.017318949386946766,0,19,float64,0,,,0,214.54334798962947,0.0046610289604855915
C,1.0001,0.017318949386946766,0,19,float32,0,,,0,20900.111328125,4.7846636499926376e-05
C,1.0002,0.024490489234231166,1,0,float64,0,,,0,8098.71380412991,0.00012347639626497653
C,1.0002,0.024490489234231166,1,1,float64,0,,,0,21505.182369616985,4.650041939235905e-05
C,1.0002,0.024490489234231166,1,2,float64,0,,,0,14665.265364766456,6.818833301558413e-05
C,1.0002,0.024490489234231166,1,3,float64,0,,,0,390518.70828163903,2.5606967830604788e-06
C,1.0002,0.024490489234231166,1,4,float64,0,,,0,8429.667568809109,0.00011862863954270608
C,1.0002,0.024490489234231166,1,5,float64,0,,,0,1733.7205043222004,0.0005767941756527062
C,1.0002,0.024490489234231166,1,6,float64,0,,,0,8290.265256736437,0.00012062340156582252
C,1.0002,0.024490489234231166,1,7,float64,0,,,0,5030.980295016235,0.00019876841652921584
C,1.0002,0.024490489234231166,1,8,float64,0,,,0,18042.52059102246,5.542462838992179e-05
C,1.0002,0.024490489234231166,1,9,float64,0,,,0,44173.524380278344,2.2637994451679688e-05
C,1.0002,0.024490489234231166,1,10,float64,0,,,0,15158.785270077802,6.596834645611338e-05
C,1.0002,0.024490489234231166,1,11,float64,0,,,0,2119.6882435390976,0.00047176745394517106
C,1.0002,0.024490489234231166,1,12,float64,0,,,0,1027.0020501606732,0.0009737075829674424
C,1.0002,0.024490489234231166,1,13,float64,0,,,0,17058.652386503873,5.862127770694947e-05
C,1.0002,0.024490489234231166,1,14,float64,0,,,0,1765.1840948443416,0.0005665130883185654
C,1.0002,0.024490489234231166,1,15,float64,0,,,0,11064.09444816249,9.038245307468884e-05
C,1.0002,0.024490489234231166,1,16,float64,0,,,0,17424.118678151335,5.739171187779668e-05
C,1.0002,0.024490489234231166,1,17,float64,0,,,0,4666.338784712604,0.00021430076786699281
C,1.0002,0.024490489234231166,1,18,float64,0,,,0,13311.89264887607,7.51207979581281e-05
C,1.0002,0.024490489234231166,1,19,float64,0,,,0,11215.464262025704,8.916260388214248e-05
C,1.0005,0.038712413809077896,2,0,float64,0,,,0,3637.579922537474,0.00027490804218843756
C,1.0005,0.038712413809077896,2,1,float64,0,,,0,1535448.7047434184,6.512754202603332e-07
C,1.0005,0.038712413809077896,2,2,float64,0,,,0,3147.35553902929,0.00031772704225785375
C,1.0005,0.038712413809077896,2,3,float64,0,,,0,9831.996931678428,0.00010170873765535937
C,1.0005,0.038712413809077896,2,4,float64,0,,,0,47519.19097470666,2.104412931558386e-05
C,1.0005,0.038712413809077896,2,5,float64,0,,,0,18248.675084133898,5.4798498761554626e-05
C,1.0005,0.038712413809077896,2,6,float64,0,,,0,14129.93072359946,7.07717552117515e-05
C,1.0005,0.038712413809077896,2,7,float64,0,,,0,22054.220283356408,4.534279545875819e-05
C,1.0005,0.038712413809077896,2,8,float64,0,,,0,13214.788712319842,7.567279506770497e-05
C,1.0005,0.038712413809077896,2,9,float64,0,,,0,151634.8772338575,6.594788865443846e-06
C,1.0005,0.038712413809077896,2,10,float64,0,,,0,9448.649271261414,0.00010583523290641494
C,1.0005,0.038712413809077896,2,11,float64,0,,,0,3827.198104635027,0.00026128774887079764
C,1.0005,0.038712413809077896,2,12,float64,0,,,0,58374.3647446654,1.7130807406173787e-05
C,1.0005,0.038712413809077896,2,13,float64,0,,,0,12399.131919441827,8.065080719599216e-05
C,1.0005,0.038712413809077896,2,14,float64,0,,,0,6076.317545106569,0.00016457335936603812
C,1.0005,0.038712413809077896,2,15,float64,0,,,0,52657.156155820856,1.8990771110338756e-05
C,1.0005,0.038712413809077896,2,16,float64,0,,,0,6076.255790152077,0.00016457503197808698
C,1.0005,0.038712413809077896,2,17,float64,0,,,0,9149.054343682628,0.00010930091334593328
C,1.0005,0.038712413809077896,2,18,float64,0,,,0,18010.676691603276,5.552262228114557e-05
C,1.0005,0.038712413809077896,2,19,float64,0,,,0,4430.945243249355,0.00022568547524826066
C,1.001,0.054723010317845995,3,0,float64,0,,,0,6856.889166087358,0.0001458387278383544
C,1.001,0.054723010317845995,3,1,float64,0,,,0,6461.604765621791,0.00015476031547723146
C,1.001,0.054723010317845995,3,2,float64,0,,,0,7967.475743504596,0.00012551026535145837
C,1.001,0.054723010317845995,3,3,float64,0,,,0,1062.1076305749843,0.0009415238867749309
C,1.001,0.054723010317845995,3,4,float64,0,,,0,3020.6818441413743,0.0003310510722629445
C,1.001,0.054723010317845995,3,5,float64,0,,,0,3287.235549148863,0.0003042069709338069
C,1.001,0.054723010317845995,3,6,float64,0,,,0,15001.095703404228,6.666179713077369e-05
C,1.001,0.054723010317845995,3,7,float64,0,,,0,155073.76761826122,6.448543911297122e-06
C,1.001,0.054723010317845995,3,8,float64,0,,,0,4669.489335851586,0.0002141561770008238
C,1.001,0.054723010317845995,3,9,float64,0,,,0,10849.335548053754,9.217154292429086e-05
C,1.001,0.054723010317845995,3,10,float64,0,,,0,30561.807499945746,3.2720577787914706e-05
C,1.001,0.054723010317845995,3,11,float64,0,,,0,192481.3046997351,5.195309754846278e-06
C,1.001,0.054723010317845995,3,12,float64,0,,,0,12523.777853663942,7.984811049510654e-05
C,1.001,0.054723010317845995,3,13,float64,0,,,0,13674.12993085066,7.313079539783551e-05
C,1.001,0.054723010317845995,3,14,float64,0,,,0,29716.098964461115,3.36517926131652e-05
C,1.001,0.054723010317845995,3,15,float64,0,,,0,8119.5161976686895,0.0001231600468056815
C,1.001,0.054723010317845995,3,16,float64,0,,,0,109809.80220263275,9.10665514286535e-06
C,1.001,0.054723010317845995,3,17,float64,0,,,0,297733.71867650206,3.358705908285131e-06
C,1.001,0.054723010317845995,3,18,float64,0,,,0,3637.8689569444145,0.0002748862003134622
C,1.001,0.054723010317845995,3,19,float64,0,,,0,6299.179755092872,0.00015875082637406557
C,1.002,0.07732051980933523,4,0,float64,0,,,0,3700.085253064125,0.000270264036436485
C,1.002,0.07732051980933523,4,1,float64,0,,,0,8444.77029436626,0.00011841648268307026
C,1.002,0.07732051980933523,4,2,float64,0,,,0,33336.402059890206,2.9997238391032965e-05
C,1.002,0.07732051980933523,4,3,float64,0,,,0,6530060.247673515,1.5313794410332093e-07
C,1.002,0.07732051980933523,4,4,float64,0,,,0,3696.769609036659,0.00027050643706982846
C,1.002,0.07732051980933523,4,5,float64,0,,,0,15033.032694145304,6.652017719055436e-05
C,1.002,0.07732051980933523,4,6,float64,0,,,0,15148.900365406005,6.601139187845106e-05
C,1.002,0.07732051980933523,4,7,float64,0,,,0,5132.139909708807,0.00019485049218026518
C,1.002,0.07732051980933523,4,8,float64,0,,,0,4383.7981741468275,0.00022811268742994883
C,1.002,0.07732051980933523,4,9,float64,0,,,0,14336.14742773965,6.975374684303759e-05
C,1.002,0.07732051980933523,4,10,float64,0,,,0,38716.69096519083,2.5828653607673502e-05
C,1.002,0.07732051980933523,4,11,float64,0,,,0,48820.61276160708,2.0483151343064776e-05
C,1.002,0.07732051980933523,4,12,float64,0,,,0,247810.57817384327,4.035340247732222e-06
C,1.002,0.07732051980933523,4,13,float64,0,,,0,48168.18034618118,2.076059325206714e-05
C,1.002,0.07732051980933523,4,14,float64,0,,,0,25252.04314508264,3.9600756015278904e-05
C,1.002,0.07732051980933523,4,15,float64,0,,,0,5324.358572021913,0.0001878160485839775
C,1.002,0.07732051980933523,4,16,float64,0,,,0,30104.775587977507,3.321732117589349e-05
C,1.002,0.07732051980933523,4,17,float64,0,,,0,156237.12332799623,6.400527471805972e-06
C,1.002,0.07732051980933523,4,18,float64,0,,,0,52228.99922566341,1.914645148648475e-05
C,1.002,0.07732051980933523,4,19,float64,0,,,0,74864.81681382087,1.3357409294201261e-05
C,1.005,0.12192611348882824,5,0,float64,0,,,0,13328.652936376358,7.502633633693634e-05
C,1.005,0.12192611348882824,5,1,float64,0,,,0,15950.235705791343,6.26949981890057e-05
C,1.005,0.12192611348882824,5,2,float64,0,,,0,18715.48014650033,5.343170419469523e-05
C,1.005,0.12192611348882824,5,3,float64,0,,,0,23078.4011302061,4.333055802829833e-05
C,1.005,0.12192611348882824,5,4,float64,0,,,0,21890.384053368707,4.568215874445336e-05
C,1.005,0.12192611348882824,5,5,float64,0,,,0,11852.104917625118,8.437319822540701e-05
C,1.005,0.12192611348882824,5,6,float64,0,,,0,24567.610623088534,4.070399904931854e-05
C,1.005,0.12192611348882824,5,7,float64,0,,,0,56627.76257607585,1.7659182605989088e-05
C,1.005,0.12192611348882824,5,8,float64,0,,,0,9048.167173941352,0.00011051961979746672
C,1.005,0.12192611348882824,5,9,float64,0,,,0,25172.618206607578,3.972570478238957e-05
C,1.005,0.12192611348882824,5,10,float64,0,,,0,9366.105474413778,0.00010676796230102426
C,1.005,0.12192611348882824,5,11,float64,0,,,0,14506.717429807553,6.893358220105839e-05
C,1.005,0.12192611348882824,5,12,float64,0,,,0,14395.854626872666,6.946444127908791e-05
C,1.005,0.12192611348882824,5,13,float64,0,,,0,333546.40236706735,2.998083603600321e-06
C,1.005,0.12192611348882824,5,14,float64,0,,,0,4059.1449290618407,0.0002463572987034812
C,1.005,0.12192611348882824,5,15,float64,0,,,0,11499.619685389365,8.695939733982527e-05
C,1.005,0.12192611348882824,5,16,float64,0,,,0,41945.57307616788,2.3840418105436356e-05
C,1.005,0.12192611348882824,5,17,float64,0,,,0,10496.927877095657,9.526596816566979e-05
C,1.005,0.12192611348882824,5,18,float64,0,,,0,15109.917323857668,6.61816988873909e-05
C,1.005,0.12192611348882824,5,19,float64,0,,,0,23910.041496938746,4.182343219882867e-05
C,1.01,0.17166177927933182,6,0,float64,0,,,0,294159.14658238436,3.3995203332359836e-06
C,1.01,0.17166177927933182,6,0,float32,0,,,0,3864.590087890625,0.000258759656224683
C,1.01,0.17166177927933182,6,1,float64,0,,,0,40711.015425616504,2.4563376505026824e-05
C,1.01,0.17166177927933182,6,1,float32,0,,,0,35751.98828125,2.79704716543705e-05
C,1.01,0.17166177927933182,6,2,float64,0,,,0,17572.92004283306,5.69057388575267e-05
C,1.01,0.17166177927933182,6,2,float32,0,,,0,446.4543151855469,0.002239867052759692
C,1.01,0.17166177927933182,6,3,float64,0,,,0,109702.41786753076,9.115569378437272e-06
C,1.01,0.17166177927933182,6,3,float32,0,,,0,3864.590087890625,0.000258759656224683
C,1.01,0.17166177927933182,6,4,float64,0,,,0,67365.23698825516,1.484445159904979e-05
C,1.01,0.17166177927933182,6,4,float32,0,,,0,3864.590087890625,0.000258759656224683
C,1.01,0.17166177927933182,6,5,float64,0,,,0,151773.80160076826,6.588752402780784e-06
C,1.01,0.17166177927933182,6,5,float32,0,,,0,3864.590087890625,0.000258759656224683
C,1.01,0.17166177927933182,6,6,float64,0,,,0,44908.242826117676,2.226762698587237e-05
C,1.01,0.17166177927933182,6,6,float32,0,,,0,3864.590087890625,0.000258759656224683
C,1.01,0.17166177927933182,6,7,float64,0,,,0,62873.05428169958,1.590506475857012e-05
C,1.01,0.17166177927933182,6,7,float32,0,,,0,3864.590087890625,0.000258759656224683
C,1.01,0.17166177927933182,6,8,float64,0,,,0,150475.96742795032,6.645579470720975e-06
C,1.01,0.17166177927933182,6,8,float32,0,,,0,3864.590087890625,0.000258759656224683
C,1.01,0.17166177927933182,6,9,float64,0,,,0,15716.531143393515,6.362727178954586e-05
C,1.01,0.17166177927933182,6,9,float32,0,,,0,14561.0263671875,6.86764756618885e-05
C,1.01,0.17166177927933182,6,10,float64,0,,,0,18830.19499947276,5.310619455012322e-05
C,1.01,0.17166177927933182,6,10,float32,0,,,0,4491.5712890625,0.00022263924149079628
C,1.01,0.17166177927933182,6,11,float64,0,,,0,10154.508665622394,9.847842270827023e-05
C,1.01,0.17166177927933182,6,11,float32,0,,,0,12780.3681640625,7.82450053353756e-05
C,1.01,0.17166177927933182,6,12,float64,0,,,0,44509.004381832354,2.2467363935074758e-05
C,1.01,0.17166177927933182,6,12,float32,0,,,0,3864.590087890625,0.000258759656224683
C,1.01,0.17166177927933182,6,13,float64,0,,,0,53084.955136926765,1.883772901956071e-05
C,1.01,0.17166177927933182,6,13,float32,0,,,0,6559.57861328125,0.00015244881970666313
C,1.01,0.17166177927933182,6,14,float64,0,,,0,56124.26650150491,1.7817604794245767e-05
C,1.01,0.17166177927933182,6,14,float32,0,,,0,3864.590087890625,0.000258759656224683
C,1.01,0.17166177927933182,6,15,float64,0,,,0,96566.2022268796,1.0355590019051064e-05
C,1.01,0.17166177927933182,6,15,float32,0,,,0,3864.590087890625,0.000258759656224683
C,1.01,0.17166177927933182,6,16,float64,0,,,0,31802.23692281638,3.144432896640126e-05
C,1.01,0.17166177927933182,6,16,float32,0,,,0,3864.590087890625,0.000258759656224683
C,1.01,0.17166177927933182,6,17,float64,0,,,0,15894.310240883202,6.291559580340333e-05
C,1.01,0.17166177927933182,6,17,float32,0,,,0,3864.590087890625,0.000258759656224683
C,1.01,0.17166177927933182,6,18,float64,0,,,0,26516.33556651125,3.771260161555823e-05
C,1.01,0.17166177927933182,6,18,float32,0,,,0,3864.590087890625,0.000258759656224683
C,1.01,0.17166177927933182,6,19,float64,0,,,0,15601.360608800485,6.409697357212529e-05
C,1.01,0.17166177927933182,6,19,float32,0,,,0,3864.590087890625,0.000258759656224683
C,1.02,0.24062696159732128,7,0,float64,0,,,0,1032759.5377227694,9.682796076049272e-07
C,1.02,0.24062696159732128,7,1,float64,0,,,0,49152.78985563841,2.034472514789165e-05
C,1.02,0.24062696159732128,7,2,float64,0,,,0,11903.762603604971,8.400705146272003e-05
C,1.02,0.24062696159732128,7,3,float64,0,,,0,27692.334818124004,3.611107572298877e-05
C,1.02,0.24062696159732128,7,4,float64,0,,,0,15675.581026156335,6.379348854590461e-05
C,1.02,0.24062696159732128,7,5,float64,0,,,0,31566.71053217561,3.1678942240986885e-05
C,1.02,0.24062696159732128,7,6,float64,0,,,0,41110.85754449924,2.4324474348969005e-05
C,1.02,0.24062696159732128,7,7,float64,0,,,0,12779.556310623933,7.824997782801546e-05
C,1.02,0.24062696159732128,7,8,float64,0,,,0,4084439.879308508,2.4483161187305313e-07
C,1.02,0.24062696159732128,7,9,float64,0,,,0,66346.16879916166,1.5072460370024743e-05
C,1.02,0.24062696159732128,7,10,float64,0,,,0,119708.79253829201,8.35360526796336e-06
C,1.02,0.24062696159732128,7,11,float64,0,,,0,12895.214539603141,7.754814740756899e-05
C,1.02,0.24062696159732128,7,12,float64,0,,,0,878077.3034572494,1.1388518936783498e-06
C,1.02,0.24062696159732128,7,13,float64,0,,,0,3630.968581084545,0.0002754086003184941
C,1.02,0.24062696159732128,7,14,float64,0,,,0,361701.5609070542,2.7647102143202318e-06
C,1.02,0.24062696159732128,7,15,float64,0,,,0,24903.653944107467,4.015475005014757e-05
C,1.02,0.24062696159732128,7,16,float64,0,,,0,44448.59449580887,2.2497899228923757e-05
C,1.02,0.24062696159732128,7,17,float64,0,,,0,30224.593130250156,3.308563974124823e-05
C,1.02,0.24062696159732128,7,18,float64,0,,,0,69174.21792466908,1.4456253065731062e-05
C,1.02,0.24062696159732128,7,19,float64,0,,,0,9069.01434086649,0.00011026556562399037
C,1.05,0.37070573256992756,8,0,float64,0,,,0,15815.550701607222,6.322890789789426e-05
C,1.05,0.37070573256992756,8,1,float64,0,,,0,216170.23369978237,4.625983804018574e-06
C,1.05,0.37070573256992756,8,2,float64,0,,,0,83185.52136630037,1.202132274369383e-05
C,1.05,0.37070573256992756,8,3,float64,0,,,0,44393.953409441936,2.252559015425426e-05
C,1.05,0.37070573256992756,8,4,float64,0,,,0,32786.78350310726,3.0500094637009312e-05
C,1.05,0.37070573256992756,8,5,float64,0,,,0,28978.409732808417,3.4508449870962465e-05
C,1.05,0.37070573256992756,8,6,float64,0,,,0,34037.48195180129,2.937937656888323e-05
C,1.05,0.37070573256992756,8,7,float64,0,,,0,20926.451344124227,4.778641073888146e-05
C,1.05,0.37070573256992756,8,8,float64,0,,,0,51981.005251756935,1.9237796480275904e-05
C,1.05,0.37070573256992756,8,9,float64,0,,,0,17646.595375871097,5.6668154827077544e-05
C,1.05,0.37070573256992756,8,10,float64,0,,,0,16501.977038707875,6.059879955166991e-05
C,1.05,0.37070573256992756,8,11,float64,0,,,0,26130.859969582038,3.826892802893944e-05
C,1.05,0.37070573256992756,8,12,float64,0,,,0,441154.10789094854,2.2667815671173486e-06
C,1.05,0.37070573256992756,8,13,float64,0,,,0,13234.269475600471,7.556140517928078e-05
C,1.05,0.37070573256992756,8,14,float64,0,,,0,121557.60039359654,8.22655265242389e-06
C,1.05,0.37070573256992756,8,15,float64,0,,,0,112287.29253448782,8.905727241215189e-06
C,1.05,0.37070573256992756,8,16,float64,0,,,0,17194.170570705166,5.815924616747736e-05
C,1.05,0.37070573256992756,8,17,float64,0,,,0,110143.39636350729,9.079073580275931e-06
C,1.05,0.37070573256992756,8,18,float64,0,,,0,23792.435350940912,4.203016566650675e-05
C,1.05,0.37070573256992756,8,19,float64,0,,,0,728945.3284680959,1.3718449942690114e-06
C,1.1,0.5029405749446393,9,0,float64,0,,,0,89896.07305160172,1.1123956431102755e-05
C,1.1,0.5029405749446393,9,1,float64,0,,,0,22703.717581755012,4.40456500461206e-05
C,1.1,0.5029405749446393,9,2,float64,0,,,0,151182.34687433278,6.614528882842308e-06
C,1.1,0.5029405749446393,9,3,float64,0,,,0,112660.289068887,8.876242092448194e-06
C,1.1,0.5029405749446393,9,4,float64,0,,,0,137056.85291807674,7.296242243270967e-06
C,1.1,0.5029405749446393,9,5,float64,0,,,0,592981.1811187511,1.6863941585398834e-06
C,1.1,0.5029405749446393,9,6,float64,0,,,0,42966.555115198404,2.327391612233498e-05
C,1.1,0.5029405749446393,9,7,float64,0,,,0,35045.074934795375,2.853468002528281e-05
C,1.1,0.5029405749446393,9,8,float64,0,,,0,147413.75353036835,6.783627552131577e-06
C,1.1,0.5029405749446393,9,9,float64,0,,,0,163336.62665673209,6.122325533874928e-06
C,1.1,0.5029405749446393,9,10,float64,0,,,0,72230.17311243038,1.3844629700443534e-05
C,1.1,0.5029405749446393,9,11,float64,0,,,0,31558.115567037297,3.168757011295931e-05
C,1.1,0.5029405749446393,9,12,float64,0,,,0,267719.10487150686,3.7352582680227897e-06
C,1.1,0.5029405749446393,9,13,float64,0,,,0,195811.0623955442,5.106963762768757e-06
C,1.1,0.5029405749446393,9,14,float64,0,,,0,23255.60126370383,4.300039324056648e-05
C,1.1,0.5029405749446393,9,15,float64,0,,,0,133703.17965955197,7.4792536910450735e-06
C,1.1,0.5029405749446393,9,16,float64,0,,,0,88238.09232176449,1.1332973930411328e-05
C,1.1,0.5029405749446393,9,17,float64,0,,,0,18936.757807704947,5.280735008739157e-05
C,1.1,0.5029405749446393,9,18,float64,0,,,0,71063.20664094601,1.407197968128493e-05
C,1.1,0.5029405749446393,9,19,float64,0,,,0,200375.42111506255,4.9906320587211894e-06
C,1.5,0.8585596366401104,10,0,float64,0,,,0,73412.05778117494,1.362174049002185e-05
C,1.5,0.8585596366401104,10,1,float64,0,,,0,158076.26172285096,6.3260605296378e-06
C,1.5,0.8585596366401104,10,2,float64,0,,,0,146694.3833093099,6.816893581174099e-06
C,1.5,0.8585596366401104,10,3,float64,0,,,0,23443.81243758204,4.2655178292605456e-05
C,1.5,0.8585596366401104,10,4,float64,0,,,0,183467.1479609581,5.450567096332293e-06
C,1.5,0.8585596366401104,10,5,float64,0,,,0,207123.83779019263,4.828029501524611e-06
C,1.5,0.8585596366401104,10,6,float64,0,,,0,26865.14227497227,3.72229556540038e-05
C,1.5,0.8585596366401104,10,7,float64,0,,,0,167233.22930286592,5.979672843992034e-06
C,1.5,0.8585596366401104,10,8,float64,0,,,0,235682.53759846633,4.242995727210541e-06
C,1.5,0.8585596366401104,10,9,float64,0,,,0,82865.29626028956,1.2067778009328123e-05
C,1.5,0.8585596366401104,10,10,float64,0,,,0,1586796.9236153853,6.302003647817855e-07
C,1.5,0.8585596366401104,10,11,float64,0,,,0,156616.28918670674,6.3850318836600195e-06
C,1.5,0.8585596366401104,10,12,float64,0,,,0,42708.85291524736,2.34143492869876e-05
C,1.5,0.8585596366401104,10,13,float64,0,,,0,360383.9735723513,2.7748181752329515e-06
C,1.5,0.8585596366401104,10,14,float64,0,,,0,500934.4927536287,1.99626900210248e-06
C,1.5,0.8585596366401104,10,15,float64,0,,,0,155259.35938356112,6.440835540910683e-06
C,1.5,0.8585596366401104,10,16,float64,0,,,0,167305.07385558935,5.977105038912356e-06
C,1.5,0.8585596366401104,10,17,float64,0,,,0,1627921.1426926586,6.142803687936293e-07
C,1.5,0.8585596366401104,10,18,float64,0,,,0,74709.62119093668,1.338515687798747e-05
C,1.5,0.8585596366401104,10,19,float64,0,,,0,236092.37365649926,4.235630251869793e-06
C,2.0,0.9575040240772688,11,0,float64,0,,,0,85228.30346243228,1.1733191431995138e-05
C,2.0,0.9575040240772688,11,0,float32,0,,,0,3869.9384765625,0.00025840202835603066
C,2.0,0.9575040240772688,11,1,float64,0,,,0,173703.3175633286,5.7569424349868115e-06
C,2.0,0.9575040240772688,11,1,float32,0,,,0,5364.81787109375,0.00018639961746735878
C,2.0,0.9575040240772688,11,2,float64,0,,,0,35249.899129141544,2.8368875498507862e-05
C,2.0,0.9575040240772688,11,2,float32,0,,,0,38890.1796875,2.571343190105324e-05
C,2.0,0.9575040240772688,11,3,float64,0,,,0,320566.66795505694,3.1194759158026386e-06
C,2.0,0.9575040240772688,11,3,float32,0,,,0,3869.9384765625,0.00025840202835603066
C,2.0,0.9575040240772688,11,4,float64,0,,,0,335461.165268448,2.9809709842787413e-06
C,2.0,0.9575040240772688,11,4,float32,0,,,0,103350.4765625,9.67581408239937e-06
C,2.0,0.9575040240772688,11,5,float64,0,,,0,23040.563383630168,4.340171647321256e-05
C,2.0,0.9575040240772688,11,5,float32,0,,,0,13435.38671875,7.44303080697506e-05
C,2.0,0.9575040240772688,11,6,float64,0,,,0,23037.234281594454,4.340798843949223e-05
C,2.0,0.9575040240772688,11,6,float32,0,,,0,103350.4765625,9.67581408239937e-06
C,2.0,0.9575040240772688,11,7,float64,0,,,0,272049.43550056015,3.675802517921767e-06
C,2.0,0.9575040240772688,11,7,float32,0,,,0,22096.60546875,4.525581863923378e-05
C,2.0,0.9575040240772688,11,8,float64,0,,,0,69072.12864165725,1.4477619549424503e-05
C,2.0,0.9575040240772688,11,8,float32,0,,,0,13435.38671875,7.44303080697506e-05
C,2.0,0.9575040240772688,11,9,float64,0,,,0,375609.4393316964,2.6623399076441956e-06
C,2.0,0.9575040240772688,11,9,float32,0,,,0,385385.28125,2.5948059931835132e-06
C,2.0,0.9575040240772688,11,10,float64,0,,,0,2515064.117099948,3.9760417758216704e-07
C,2.0,0.9575040240772688,11,10,float32,0,,,0,13435.38671875,7.44303080697506e-05
C,2.0,0.9575040240772688,11,11,float64,0,,,0,83932.81308580378,1.1914291481396333e-05
C,2.0,0.9575040240772688,11,11,float32,0,,,0,26184.396484375,3.8190684046313095e-05
C,2.0,0.9575040240772688,11,12,float64,0,,,0,419889.1935566206,2.381580701094066e-06
C,2.0,0.9575040240772688,11,12,float32,0,,,0,16050.65625,6.23027470449955e-05
C,2.0,0.9575040240772688,11,13,float64,0,,,0,20555.206123511663,4.864947562133182e-05
C,2.0,0.9575040240772688,11,13,float32,0,,,0,103350.4765625,9.67581408239937e-06
C,2.0,0.9575040240772688,11,14,float64,0,,,0,129530.43294411787,7.720193449856083e-06
C,2.0,0.9575040240772688,11,14,float32,0,,,0,103350.4765625,9.67581408239937e-06
C,2.0,0.9575040240772688,11,15,float64,0,,,0,184157.92973213372,5.430121860383608e-06
C,2.0,0.9575040240772688,11,15,float32,0,,,0,40649.04296875,2.4600825037524032e-05
C,2.0,0.9575040240772688,11,16,float64,0,,,0,248785.9914167011,4.019518921927201e-06
C,2.0,0.9575040240772688,11,16,float32,0,,,0,3869.9384765625,0.00025840202835603066
C,2.0,0.9575040240772688,11,17,float64,0,,,0,172447.52427441755,5.7988655051133264e-06
C,2.0,0.9575040240772688,11,17,float32,0,,,0,16050.65625,6.23027470449955e-05
C,2.0,0.9575040240772688,11,18,float64,0,,,0,714968.1829242462,1.3986636382412598e-06
C,2.0,0.9575040240772688,11,18,float32,0,,,0,11094.57421875,9.013414778102913e-05
C,2.0,0.9575040240772688,11,19,float64,0,,,0,841608.2050287646,1.1882013435382532e-06
C,2.0,0.9575040240772688,11,19,float32,0,,,0,3869.9384765625,0.00025840202835603066
