beta,name,seed,center,lambda0,estimate,target
1.0001,uncoupled,0,-0.13157073981777198,0.03841068633820143,0.03841068633820143,0.03444136656343575
1.0001,q-1.0,0,-0.13157073981777198,0.03841068633820143,-0.03047204678867007,-0.03444136656343575
1.0001,q-0.25,0,-0.13157073981777198,0.03841068633820143,-0.004641021866093255,-0.008610341640858938
1.0001,q0.0,0,-0.13157073981777198,0.03841068633820143,0.003969319774765688,0.0
1.0001,q0.25,0,-0.13157073981777198,0.03841068633820143,0.012579661415624617,0.008610341640858938
1.0001,q0.75,0,-0.13157073981777198,0.03841068633820143,0.029800344697342496,0.025831024922576815
1.0001,one_step,0,-0.13157073981777198,0.03841068633820143,,
1.0001,uncoupled,1,0.059779021772428546,0.02691566495843464,0.02691566495843464,0.03444136656343575
1.0001,q-1.0,1,0.059779021772428546,0.02691566495843464,-0.04196706816843686,-0.03444136656343575
1.0001,q-0.25,1,0.059779021772428546,0.02691566495843464,-0.016136043245860047,-0.008610341640858938
1.0001,q0.0,1,0.059779021772428546,0.02691566495843464,-0.007525701605001104,0.0
1.0001,q0.25,1,0.059779021772428546,0.02691566495843464,0.001084640035857825,0.008610341640858938
1.0001,q0.75,1,0.059779021772428546,0.02691566495843464,0.0183053233175757,0.025831024922576815
1.0001,one_step,1,0.059779021772428546,0.02691566495843464,,
1.0001,uncoupled,2,-0.05516502873101162,0.0383244396848536,0.0383244396848536,0.03444136656343575
1.0001,q-1.0,2,-0.05516502873101162,0.0383244396848536,-0.0305582934420179,-0.03444136656343575
1.0001,q-0.25,2,-0.05516502873101162,0.0383244396848536,-0.004727268519441087,-0.008610341640858938
1.0001,q0.0,2,-0.05516502873101162,0.0383244396848536,0.0038830731214178557,0.0
1.0001,q0.25,2,-0.05516502873101162,0.0383244396848536,0.012493414762276785,0.008610341640858938
1.0001,q0.75,2,-0.05516502873101162,0.0383244396848536,0.029714098043994663,0.025831024922576815
1.0001,one_step,2,-0.05516502873101162,0.0383244396848536,,
1.0001,uncoupled,3,0.0549518513762071,0.02484853528765401,0.02484853528765401,0.03444136656343575
1.0001,q-1.0,3,0.0549518513762071,0.02484853528765401,-0.04403419783921749,-0.03444136656343575
1.0001,q-0.25,3,0.0549518513762071,0.02484853528765401,-0.018203172916640677,-0.008610341640858938
1.0001,q0.0,3,0.0549518513762071,0.02484853528765401,-0.009592831275781734,0.0
1.0001,q0.25,3,0.0549518513762071,0.02484853528765401,-0.0009824896349228049,0.008610341640858938
1.0001,q0.75,3,0.0549518513762071,0.02484853528765401,0.016238193646795074,0.025831024922576815
1.0001,one_step,3,0.0549518513762071,0.02484853528765401,,
1.0001,uncoupled,4,-0.03304197199764901,0.05404887392333716,0.05404887392333716,0.03444136656343575
1.0001,q-1.0,4,-0.03304197199764901,0.05404887392333716,-0.01483385920353434,-0.03444136656343575
1.0001,q-0.25,4,-0.03304197199764901,0.05404887392333716,0.010997165719042475,-0.008610341640858938
1.0001,q0.0,4,-0.03304197199764901,0.05404887392333716,0.019607507359901417,0.0
1.0001,q0.25,4,-0.03304197199764901,0.05404887392333716,0.028217849000760346,0.008610341640858938
1.0001,q0.75,4,-0.03304197199764901,0.05404887392333716,0.045438532282478225,0.025831024922576815
1.0001,one_step,4,-0.03304197199764901,0.05404887392333716,,
1.0001,uncoupled,5,-0.009493544996553709,0.04164547308794853,0.04164547308794853,0.03444136656343575
1.0001,q-1.0,5,-0.009493544996553709,0.04164547308794853,-0.027237260038922968,-0.03444136656343575
1.0001,q-0.25,5,-0.009493544996553709,0.04164547308794853,-0.0014062351163461537,-0.008610341640858938
1.0001,q0.0,5,-0.009493544996553709,0.04164547308794853,0.007204106524512789,0.0
1.0001,q0.25,5,-0.009493544996553709,0.04164547308794853,0.015814448165371718,0.008610341640858938
1.0001,q0.75,5,-0.009493544996553709,0.04164547308794853,0.0330351314470896,0.025831024922576815
1.0001,one_step,5,-0.009493544996553709,0.04164547308794853,,
1.0001,uncoupled,6,-0.05152282720253769,0.039723756279021874,0.039723756279021874,0.03444136656343575
1.0001,q-1.0,6,-0.05152282720253769,0.039723756279021874,-0.029158976847849627,-0.03444136656343575
1.0001,q-0.25,6,-0.05152282720253769,0.039723756279021874,-0.0033279519252728124,-0.008610341640858938
1.0001,q0.0,6,-0.05152282720253769,0.039723756279021874,0.0052823897155861305,0.0
1.0001,q0.25,6,-0.05152282720253769,0.039723756279021874,0.01389273135644506,0.008610341640858938
1.0001,q0.75,6,-0.05152282720253769,0.039723756279021874,0.031113414638162938,0.025831024922576815
1.0001,one_step,6,-0.05152282720253769,0.039723756279021874,,
1.0001,uncoupled,7,-0.00991893828596974,0.045001011484046456,0.045001011484046456,0.03444136656343575
1.0001,q-1.0,7,-0.00991893828596974,0.045001011484046456,-0.023881721642825045,-0.03444136656343575
1.0001,q-0.25,7,-0.00991893828596974,0.045001011484046456,0.0019493032797517698,-0.008610341640858938
1.0001,q0.0,7,-0.00991893828596974,0.045001011484046456,0.010559644920610713,0.0
1.0001,q0.25,7,-0.00991893828596974,0.045001011484046456,0.01916998656146964,0.008610341640858938
1.0001,q0.75,7,-0.00991893828596974,0.045001011484046456,0.03639066984318752,0.025831024922576815
1.0001,one_step,7,-0.00991893828596974,0.045001011484046456,,
1.0001,uncoupled,8,-0.000986316283234039,0.021781664529608682,0.021781664529608682,0.03444136656343575
1.0001,q-1.0,8,-0.000986316283234039,0.021781664529608682,-0.04710106859726282,-0.03444136656343575
1.0001,q-0.25,8,-0.000986316283234039,0.021781664529608682,-0.021270043674686004,-0.008610341640858938
1.0001,q0.0,8,-0.000986316283234039,0.021781664529608682,-0.012659702033827061,0.0
1.0001,q0.25,8,-0.000986316283234039,0.021781664529608682,-0.004049360392968132,0.008610341640858938
1.0001,q0.75,8,-0.000986316283234039,0.021781664529608682,0.013171322888749745,0.025831024922576815
1.0001,one_step,8,-0.000986316283234039,0.021781664529608682,,
1.0001,uncoupled,9,0.2804129177952046,0.038145547501020366,0.038145547501020366,0.03444136656343575
1.0001,q-1.0,9,0.2804129177952046,0.038145547501020366,-0.030737185625851135,-0.03444136656343575
1.0001,q-0.25,9,0.2804129177952046,0.038145547501020366,-0.00490616070327432,-0.008610341640858938
1.0001,q0.0,9,0.2804129177952046,0.038145547501020366,0.0037041809375846224,0.0
1.0001,q0.25,9,0.2804129177952046,0.038145547501020366,0.012314522578443551,0.008610341640858938
1.0001,q0.75,9,0.2804129177952046,0.038145547501020366,0.02953520586016143,0.025831024922576815
1.0001,one_step,9,0.2804129177952046,0.038145547501020366,,
1.0001,uncoupled,10,0.05520207546301152,0.044160966561711,0.044160966561711,0.03444136656343575
1.0001,q-1.0,10,0.05520207546301152,0.044160966561711,-0.0247217665651605,-0.03444136656343575
1.0001,q-0.25,10,0.05520207546301152,0.044160966561711,0.0011092583574163137,-0.008610341640858938
1.0001,q0.0,10,0.05520207546301152,0.044160966561711,0.009719599998275257,0.0
1.0001,q0.25,10,0.05520207546301152,0.044160966561711,0.018329941639134185,0.008610341640858938
1.0001,q0.75,10,0.05520207546301152,0.044160966561711,0.035550624920852064,0.025831024922576815
1.0001,one_step,10,0.05520207546301152,0.044160966561711,,
1.0001,uncoupled,11,0.1444562772766911,0.03189630908801584,0.03189630908801584,0.03444136656343575
1.0001,q-1.0,11,0.1444562772766911,0.03189630908801584,-0.03698642403885566,-0.03444136656343575
1.0001,q-0.25,11,0.1444562772766911,0.03189630908801584,-0.011155399116278844,-0.008610341640858938
1.0001,q0.0,11,0.1444562772766911,0.03189630908801584,-0.0025450574754199012,0.0
1.0001,q0.25,11,0.1444562772766911,0.03189630908801584,0.006065284165439028,0.008610341640858938
1.0001,q0.75,11,0.1444562772766911,0.03189630908801584,0.023285967447156906,0.025831024922576815
1.0001,one_step,11,0.1444562772766911,0.03189630908801584,,
1.0001,uncoupled,12,0.015027797696044147,0.03267097371649631,0.03267097371649631,0.03444136656343575
1.0001,q-1.0,12,0.015027797696044147,0.03267097371649631,-0.03621175941037519,-0.03444136656343575
1.0001,q-0.25,12,0.015027797696044147,0.03267097371649631,-0.010380734487798374,-0.008610341640858938
1.0001,q0.0,12,0.015027797696044147,0.03267097371649631,-0.0017703928469394309,0.0
1.0001,q0.25,12,0.015027797696044147,0.03267097371649631,0.006839948793919498,0.008610341640858938
1.0001,q0.75,12,0.015027797696044147,0.03267097371649631,0.024060632075637377,0.025831024922576815
1.0001,one_step,12,0.015027797696044147,0.03267097371649631,,
1.0001,uncoupled,13,0.12499972400811267,0.027494732398201157,0.027494732398201157,0.03444136656343575
1.0001,q-1.0,13,0.12499972400811267,0.027494732398201157,-0.04138800072867034,-0.03444136656343575
1.0001,q-0.25,13,0.12499972400811267,0.027494732398201157,-0.01555697580609353,-0.008610341640858938
1.0001,q0.0,13,0.12499972400811267,0.027494732398201157,-0.006946634165234587,0.0
1.0001,q0.25,13,0.12499972400811267,0.027494732398201157,0.0016637074756243424,0.008610341640858938
1.0001,q0.75,13,0.12499972400811267,0.027494732398201157,0.018884390757342218,0.025831024922576815
1.0001,one_step,13,0.12499972400811267,0.027494732398201157,,
1.0001,uncoupled,14,-0.0050677149162142695,0.020844877333654525,0.020844877333654525,0.03444136656343575
1.0001,q-1.0,14,-0.0050677149162142695,0.020844877333654525,-0.048037855793216976,-0.03444136656343575
1.0001,q-0.25,14,-0.0050677149162142695,0.020844877333654525,-0.02220683087064016,-0.008610341640858938
1.0001,q0.0,14,-0.0050677149162142695,0.020844877333654525,-0.013596489229781218,0.0
1.0001,q0.25,14,-0.0050677149162142695,0.020844877333654525,-0.004986147588922289,0.008610341640858938
1.0001,q0.75,14,-0.0050677149162142695,0.020844877333654525,0.012234535692795588,0.025831024922576815
1.0001,one_step,14,-0.0050677149162142695,0.020844877333654525,,
1.0001,uncoupled,15,-0.005355134488794648,0.022647802873764295,0.022647802873764295,0.03444136656343575
1.0001,q-1.0,15,-0.005355134488794648,0.022647802873764295,-0.04623493025310721,-0.03444136656343575
1.0001,q-0.25,15,-0.005355134488794648,0.022647802873764295,-0.02040390533053039,-0.008610341640858938
1.0001,q0.0,15,-0.005355134488794648,0.022647802873764295,-0.011793563689671448,0.0
1.0001,q0.25,15,-0.005355134488794648,0.022647802873764295,-0.0031832220488125194,0.008610341640858938
1.0001,q0.75,15,-0.005355134488794648,0.022647802873764295,0.014037461232905358,0.025831024922576815
1.0001,one_step,15,-0.005355134488794648,0.022647802873764295,,
1.0001,uncoupled,16,0.017317102726827092,0.018235822328072658,0.018235822328072658,0.03444136656343575
1.0001,q-1.0,16,0.017317102726827092,0.018235822328072658,-0.05064691079879884,-0.03444136656343575
1.0001,q-0.25,16,0.017317102726827092,0.018235822328072658,-0.02481588587622203,-0.008610341640858938
1.0001,q0.0,16,0.017317102726827092,0.018235822328072658,-0.016205544235363085,0.0
1.0001,q0.25,16,0.017317102726827092,0.018235822328072658,-0.0075952025945041565,0.008610341640858938
1.0001,q0.75,16,0.017317102726827092,0.018235822328072658,0.00962548068721372,0.025831024922576815
1.0001,one_step,16,0.017317102726827092,0.018235822328072658,,
1.0001,uncoupled,17,-0.008770472090854664,0.03320736418734208,0.03320736418734208,0.03444136656343575
1.0001,q-1.0,17,-0.008770472090854664,0.03320736418734208,-0.03567536893952942,-0.03444136656343575
1.0001,q-0.25,17,-0.008770472090854664,0.03320736418734208,-0.009844344016952604,-0.008610341640858938
1.0001,q0.0,17,-0.008770472090854664,0.03320736418734208,-0.001234002376093661,0.0
1.0001,q0.25,17,-0.008770472090854664,0.03320736418734208,0.007376339264765268,0.008610341640858938
1.0001,q0.75,17,-0.008770472090854664,0.03320736418734208,0.024597022546483147,0.025831024922576815
1.0001,one_step,17,-0.008770472090854664,0.03320736418734208,,
1.0001,uncoupled,18,0.02832513418663877,0.03098626133928884,0.03098626133928884,0.03444136656343575
1.0001,q-1.0,18,0.02832513418663877,0.03098626133928884,-0.03789647178758266,-0.03444136656343575
1.0001,q-0.25,18,0.02832513418663877,0.03098626133928884,-0.012065446865005845,-0.008610341640858938
1.0001,q0.0,18,0.02832513418663877,0.03098626133928884,-0.0034551052241469024,0.0
1.0001,q0.25,18,0.02832513418663877,0.03098626133928884,0.0051552364167120265,0.008610341640858938
1.0001,q0.75,18,0.02832513418663877,0.03098626133928884,0.022375919698429905,0.025831024922576815
1.0001,one_step,18,0.02832513418663877,0.03098626133928884,,
1.0001,uncoupled,19,-0.0015589561438769783,0.03492301820669482,0.03492301820669482,0.03444136656343575
1.0001,q-1.0,19,-0.0015589561438769783,0.03492301820669482,-0.03395971492017668,-0.03444136656343575
1.0001,q-0.25,19,-0.0015589561438769783,0.03492301820669482,-0.008128689997599865,-0.008610341640858938
1.0001,q0.0,19,-0.0015589561438769783,0.03492301820669482,0.00048165164325907756,0.0
1.0001,q0.25,19,-0.0015589561438769783,0.03492301820669482,0.009091993284118007,0.008610341640858938
1.0001,q0.75,19,-0.0015589561438769783,0.03492301820669482,0.026312676565835885,0.025831024922576815
1.0001,one_step,19,-0.0015589561438769783,0.03492301820669482,,
1.0001,uncoupled,20,-0.08062852632999044,0.033027845093256604,0.033027845093256604,0.03444136656343575
1.0001,q-1.0,20,-0.08062852632999044,0.033027845093256604,-0.0358548880336149,-0.03444136656343575
1.0001,q-0.25,20,-0.08062852632999044,0.033027845093256604,-0.010023863111038082,-0.008610341640858938
1.0001,q0.0,20,-0.08062852632999044,0.033027845093256604,-0.0014135214701791396,0.0
1.0001,q0.25,20,-0.08062852632999044,0.033027845093256604,0.007196820170679789,0.008610341640858938
1.0001,q0.75,20,-0.08062852632999044,0.033027845093256604,0.024417503452397668,0.025831024922576815
1.0001,one_step,20,-0.08062852632999044,0.033027845093256604,,
1.0001,uncoupled,21,-0.021176807271971007,0.032255108268660494,0.032255108268660494,0.03444136656343575
1.0001,q-1.0,21,-0.021176807271971007,0.032255108268660494,-0.03662762485821101,-0.03444136656343575
1.0001,q-0.25,21,-0.021176807271971007,0.032255108268660494,-0.010796599935634192,-0.008610341640858938
1.0001,q0.0,21,-0.021176807271971007,0.032255108268660494,-0.0021862582947752493,0.0
1.0001,q0.25,21,-0.021176807271971007,0.032255108268660494,0.00642408334608368,0.008610341640858938
1.0001,q0.75,21,-0.021176807271971007,0.032255108268660494,0.02364476662780156,0.025831024922576815
1.0001,one_step,21,-0.021176807271971007,0.032255108268660494,,
1.0001,uncoupled,22,0.012690690722680387,0.02427526001760144,0.02427526001760144,0.03444136656343575
1.0001,q-1.0,22,0.012690690722680387,0.02427526001760144,-0.04460747310927006,-0.03444136656343575
1.0001,q-0.25,22,0.012690690722680387,0.02427526001760144,-0.018776448186693245,-0.008610341640858938
1.0001,q0.0,22,0.012690690722680387,0.02427526001760144,-0.010166106545834303,0.0
1.0001,q0.25,22,0.012690690722680387,0.02427526001760144,-0.0015557649049753736,0.008610341640858938
1.0001,q0.75,22,0.012690690722680387,0.02427526001760144,0.015664918376742505,0.025831024922576815
1.0001,one_step,22,0.012690690722680387,0.02427526001760144,,
1.0001,uncoupled,23,0.007634227710020934,0.034492085846555984,0.034492085846555984,0.03444136656343575
1.0001,q-1.0,23,0.007634227710020934,0.034492085846555984,-0.03439064728031552,-0.03444136656343575
1.0001,q-0.25,23,0.007634227710020934,0.034492085846555984,-0.008559622357738703,-0.008610341640858938
1.0001,q0.0,23,0.007634227710020934,0.034492085846555984,5.071928312024021e-05,0.0
1.0001,q0.25,23,0.007634227710020934,0.034492085846555984,0.00866106092397917,0.008610341640858938
1.0001,q0.75,23,0.007634227710020934,0.034492085846555984,0.025881744205697048,0.025831024922576815
1.0001,one_step,23,0.007634227710020934,0.034492085846555984,,
1.0001,uncoupled,24,0.00931077918261393,0.032383823853153436,0.032383823853153436,0.03444136656343575
1.0001,q-1.0,24,0.00931077918261393,0.032383823853153436,-0.036498909273718065,-0.03444136656343575
1.0001,q-0.25,24,0.00931077918261393,0.032383823853153436,-0.01066788435114125,-0.008610341640858938
1.0001,q0.0,24,0.00931077918261393,0.032383823853153436,-0.0020575427102823077,0.0
1.0001,q0.25,24,0.00931077918261393,0.032383823853153436,0.006552798930576621,0.008610341640858938
1.0001,q0.75,24,0.00931077918261393,0.032383823853153436,0.0237734822122945,0.025831024922576815
1.0001,one_step,24,0.00931077918261393,0.032383823853153436,,
1.0001,uncoupled,25,-0.008586784174447101,0.03892951527662964,0.03892951527662964,0.03444136656343575
1.0001,q-1.0,25,-0.008586784174447101,0.03892951527662964,-0.02995321785024186,-0.03444136656343575
1.0001,q-0.25,25,-0.008586784174447101,0.03892951527662964,-0.004122192927665046,-0.008610341640858938
1.0001,q0.0,25,-0.008586784174447101,0.03892951527662964,0.004488148713193897,0.0
1.0001,q0.25,25,-0.008586784174447101,0.03892951527662964,0.013098490354052826,0.008610341640858938
1.0001,q0.75,25,-0.008586784174447101,0.03892951527662964,0.030319173635770705,0.025831024922576815
1.0001,one_step,25,-0.008586784174447101,0.03892951527662964,,
1.0001,uncoupled,26,0.001453227402012998,0.030239496297053685,0.030239496297053685,0.03444136656343575
1.0001,q-1.0,26,0.001453227402012998,0.030239496297053685,-0.038643236829817816,-0.03444136656343575
1.0001,q-0.25,26,0.001453227402012998,0.030239496297053685,-0.012812211907241002,-0.008610341640858938
1.0001,q0.0,26,0.001453227402012998,0.030239496297053685,-0.004201870266382059,0.0
1.0001,q0.25,26,0.001453227402012998,0.030239496297053685,0.00440847137447687,0.008610341640858938
1.0001,q0.75,26,0.001453227402012998,0.030239496297053685,0.02162915465619475,0.025831024922576815
1.0001,one_step,26,0.001453227402012998,0.030239496297053685,,
1.0001,uncoupled,27,0.0451419365130105,0.03546906775232313,0.03546906775232313,0.03444136656343575
1.0001,q-1.0,27,0.0451419365130105,0.03546906775232313,-0.033413665374548374,-0.03444136656343575
1.0001,q-0.25,27,0.0451419365130105,0.03546906775232313,-0.007582640451971559,-0.008610341640858938
1.0001,q0.0,27,0.0451419365130105,0.03546906775232313,0.0010277011888873838,0.0
1.0001,q0.25,27,0.0451419365130105,0.03546906775232313,0.009638042829746313,0.008610341640858938
1.0001,q0.75,27,0.0451419365130105,0.03546906775232313,0.02685872611146419,0.025831024922576815
1.0001,one_step,27,0.0451419365130105,0.03546906775232313,,
1.0001,uncoupled,28,0.011597170307017946,0.03995651416555273,0.03995651416555273,0.03444136656343575
1.0001,q-1.0,28,0.011597170307017946,0.03995651416555273,-0.02892621896131877,-0.03444136656343575
1.0001,q-0.25,28,0.011597170307017946,0.03995651416555273,-0.0030951940387419566,-0.008610341640858938
1.0001,q0.0,28,0.011597170307017946,0.03995651416555273,0.005515147602116986,0.0
1.0001,q0.25,28,0.011597170307017946,0.03995651416555273,0.014125489242975915,0.008610341640858938
1.0001,q0.75,28,0.011597170307017946,0.03995651416555273,0.031346172524693794,0.025831024922576815
1.0001,one_step,28,0.011597170307017946,0.03995651416555273,,
1.0001,uncoupled,29,-0.08286833222818925,0.04093793406229519,0.04093793406229519,0.03444136656343575
1.0001,q-1.0,29,-0.08286833222818925,0.04093793406229519,-0.02794479906457631,-0.03444136656343575
1.0001,q-0.25,29,-0.08286833222818925,0.04093793406229519,-0.0021137741419994943,-0.008610341640858938
1.0001,q0.0,29,-0.08286833222818925,0.04093793406229519,0.0064965674988594485,0.0
1.0001,q0.25,29,-0.08286833222818925,0.04093793406229519,0.015106909139718377,0.008610341640858938
1.0001,q0.75,29,-0.08286833222818925,0.04093793406229519,0.032327592421436256,0.025831024922576815
1.0001,one_step,29,-0.08286833222818925,0.04093793406229519,,
1.0001,uncoupled,30,-0.003340017241979818,0.03905941986342479,0.03905941986342479,0.03444136656343575
1.0001,q-1.0,30,-0.003340017241979818,0.03905941986342479,-0.029823313263446713,-0.03444136656343575
1.0001,q-0.25,30,-0.003340017241979818,0.03905941986342479,-0.003992288340869898,-0.008610341640858938
1.0001,q0.0,30,-0.003340017241979818,0.03905941986342479,0.0046180532999890445,0.0
1.0001,q0.25,30,-0.003340017241979818,0.03905941986342479,0.013228394940847973,0.008610341640858938
1.0001,q0.75,30,-0.003340017241979818,0.03905941986342479,0.030449078222565852,0.025831024922576815
1.0001,one_step,30,-0.003340017241979818,0.03905941986342479,,
1.0001,uncoupled,31,-0.0007521020420612835,0.0278428394328415,0.0278428394328415,0.03444136656343575
1.0001,q-1.0,31,-0.0007521020420612835,0.0278428394328415,-0.04103989369403,-0.03444136656343575
1.0001,q-0.25,31,-0.0007521020420612835,0.0278428394328415,-0.015208868771453186,-0.008610341640858938
1.0001,q0.0,31,-0.0007521020420612835,0.0278428394328415,-0.006598527130594244,0.0
1.0001,q0.25,31,-0.0007521020420612835,0.0278428394328415,0.0020118145102646853,0.008610341640858938
1.0001,q0.75,31,-0.0007521020420612835,0.0278428394328415,0.019232497791982564,0.025831024922576815
1.0001,one_step,31,-0.0007521020420612835,0.0278428394328415,,
1.01,uncoupled,0,-0.23961538477065542,0.3216817800578928,0.3216817800578928,0.3267964614006244
1.01,q-1.0,0,-0.23961538477065542,0.3216817800578928,-0.3319111427433559,-0.3267964614006244
1.01,q-0.25,0,-0.23961538477065542,0.3216817800578928,-0.08681379669288769,-0.0816991153501561
1.01,q0.0,0,-0.23961538477065542,0.3216817800578928,-0.005114681342731686,0.0
1.01,q0.25,0,-0.23961538477065542,0.3216817800578928,0.07658443400742451,0.0816991153501561
1.01,q0.75,0,-0.23961538477065542,0.3216817800578928,0.23998266470773666,0.2450973460504683
1.01,one_step,0,-0.23961538477065542,0.3216817800578928,,
1.01,uncoupled,1,-0.2597754831960235,0.3289129618976122,0.3289129618976122,0.3267964614006244
1.01,q-1.0,1,-0.2597754831960235,0.3289129618976122,-0.3246799609036365,-0.3267964614006244
1.01,q-0.25,1,-0.2597754831960235,0.3289129618976122,-0.07958261485316825,-0.0816991153501561
1.01,q0.0,1,-0.2597754831960235,0.3289129618976122,0.00211650049698775,0.0
1.01,q0.25,1,-0.2597754831960235,0.3289129618976122,0.08381561584714395,0.0816991153501561
1.01,q0.75,1,-0.2597754831960235,0.3289129618976122,0.2472138465474561,0.2450973460504683
1.01,one_step,1,-0.2597754831960235,0.3289129618976122,,
1.01,uncoupled,2,-0.44691472104699226,0.3275748491095626,0.3275748491095626,0.3267964614006244
1.01,q-1.0,2,-0.44691472104699226,0.3275748491095626,-0.3260180736916861,-0.3267964614006244
1.01,q-0.25,2,-0.44691472104699226,0.3275748491095626,-0.08092072764121788,-0.0816991153501561
1.01,q0.0,2,-0.44691472104699226,0.3275748491095626,0.0007783877089381219,0.0
1.01,q0.25,2,-0.44691472104699226,0.3275748491095626,0.08247750305909432,0.0816991153501561
1.01,q0.75,2,-0.44691472104699226,0.3275748491095626,0.24587573375940647,0.2450973460504683
1.01,one_step,2,-0.44691472104699226,0.3275748491095626,,
1.01,uncoupled,3,0.13804872769785498,0.32316254704881625,0.32316254704881625,0.3267964614006244
1.01,q-1.0,3,0.13804872769785498,0.32316254704881625,-0.33043037575243245,-0.3267964614006244
1.01,q-0.25,3,0.13804872769785498,0.32316254704881625,-0.08533302970196421,-0.0816991153501561
1.01,q0.0,3,0.13804872769785498,0.32316254704881625,-0.0036339143518082095,0.0
1.01,q0.25,3,0.13804872769785498,0.32316254704881625,0.07806520099834799,0.0816991153501561
1.01,q0.75,3,0.13804872769785498,0.32316254704881625,0.24146343169866014,0.2450973460504683
1.01,one_step,3,0.13804872769785498,0.32316254704881625,,
1.01,uncoupled,4,0.2680649892145711,0.3308406669469464,0.3308406669469464,0.3267964614006244
1.01,q-1.0,4,0.2680649892145711,0.3308406669469464,-0.3227522558543023,-0.3267964614006244
1.01,q-0.25,4,0.2680649892145711,0.3308406669469464,-0.07765490980383405,-0.0816991153501561
1.01,q0.0,4,0.2680649892145711,0.3308406669469464,0.004044205546321955,0.0
1.01,q0.25,4,0.2680649892145711,0.3308406669469464,0.08574332089647815,0.0816991153501561
1.01,q0.75,4,0.2680649892145711,0.3308406669469464,0.2491415515967903,0.2450973460504683
1.01,one_step,4,0.2680649892145711,0.3308406669469464,,
1.01,uncoupled,5,-0.18068243241710544,0.33751046146205016,0.33751046146205016,0.3267964614006244
1.01,q-1.0,5,-0.18068243241710544,0.33751046146205016,-0.31608246133919854,-0.3267964614006244
1.01,q-0.25,5,-0.18068243241710544,0.33751046146205016,-0.0709851152887303,-0.0816991153501561
1.01,q0.0,5,-0.18068243241710544,0.33751046146205016,0.0107140000614257,0.0
1.01,q0.25,5,-0.18068243241710544,0.33751046146205016,0.0924131154115819,0.0816991153501561
1.01,q0.75,5,-0.18068243241710544,0.33751046146205016,0.25581134611189404,0.2450973460504683
1.01,one_step,5,-0.18068243241710544,0.33751046146205016,,
1.01,uncoupled,6,0.9848813515929683,0.3348774291546017,0.3348774291546017,0.3267964614006244
1.01,q-1.0,6,0.9848813515929683,0.3348774291546017,-0.318715493646647,-0.3267964614006244
1.01,q-0.25,6,0.9848813515929683,0.3348774291546017,-0.07361814759617874,-0.0816991153501561
1.01,q0.0,6,0.9848813515929683,0.3348774291546017,0.008080967753977264,0.0
1.01,q0.25,6,0.9848813515929683,0.3348774291546017,0.08978008310413346,0.0816991153501561
1.01,q0.75,6,0.9848813515929683,0.3348774291546017,0.2531783138044456,0.2450973460504683
1.01,one_step,6,0.9848813515929683,0.3348774291546017,,
1.01,uncoupled,7,0.14567415950044638,0.32125007194461547,0.32125007194461547,0.3267964614006244
1.01,q-1.0,7,0.14567415950044638,0.32125007194461547,-0.33234285085663323,-0.3267964614006244
1.01,q-0.25,7,0.14567415950044638,0.32125007194461547,-0.087245504806165,-0.0816991153501561
1.01,q0.0,7,0.14567415950044638,0.32125007194461547,-0.005546389456008993,0.0
1.01,q0.25,7,0.14567415950044638,0.32125007194461547,0.0761527258941472,0.0816991153501561
1.01,q0.75,7,0.14567415950044638,0.32125007194461547,0.23955095659445935,0.2450973460504683
1.01,one_step,7,0.14567415950044638,0.32125007194461547,,
1.01,uncoupled,8,0.09745190098260044,0.32053990881835304,0.32053990881835304,0.3267964614006244
1.01,q-1.0,8,0.09745190098260044,0.32053990881835304,-0.33305301398289566,-0.3267964614006244
1.01,q-0.25,8,0.09745190098260044,0.32053990881835304,-0.08795566793242743,-0.0816991153501561
1.01,q0.0,8,0.09745190098260044,0.32053990881835304,-0.006256552582271424,0.0
1.01,q0.25,8,0.09745190098260044,0.32053990881835304,0.07544256276788477,0.0816991153501561
1.01,q0.75,8,0.09745190098260044,0.32053990881835304,0.23884079346819692,0.2450973460504683
1.01,one_step,8,0.09745190098260044,0.32053990881835304,,
1.01,uncoupled,9,0.06195259940683881,0.3208269084454785,0.3208269084454785,0.3267964614006244
1.01,q-1.0,9,0.06195259940683881,0.3208269084454785,-0.3327660143557702,-0.3267964614006244
1.01,q-0.25,9,0.06195259940683881,0.3208269084454785,-0.08766866830530196,-0.0816991153501561
1.01,q0.0,9,0.06195259940683881,0.3208269084454785,-0.005969552955145951,0.0
1.01,q0.25,9,0.06195259940683881,0.3208269084454785,0.07572956239501025,0.0816991153501561
1.01,q0.75,9,0.06195259940683881,0.3208269084454785,0.2391277930953224,0.2450973460504683
1.01,one_step,9,0.06195259940683881,0.3208269084454785,,
1.01,uncoupled,10,0.2717515253080598,0.3192718422167052,0.3192718422167052,0.3267964614006244
1.01,q-1.0,10,0.2717515253080598,0.3192718422167052,-0.3343210805845435,-0.3267964614006244
1.01,q-0.25,10,0.2717515253080598,0.3192718422167052,-0.08922373453407528,-0.0816991153501561
1.01,q0.0,10,0.2717515253080598,0.3192718422167052,-0.007524619183919279,0.0
1.01,q0.25,10,0.2717515253080598,0.3192718422167052,0.07417449616623692,0.0816991153501561
1.01,q0.75,10,0.2717515253080598,0.3192718422167052,0.23757272686654907,0.2450973460504683
1.01,one_step,10,0.2717515253080598,0.3192718422167052,,
1.01,uncoupled,11,-0.7189800561820786,0.32912598188917497,0.32912598188917497,0.3267964614006244
1.01,q-1.0,11,-0.7189800561820786,0.32912598188917497,-0.32446694091207373,-0.3267964614006244
1.01,q-0.25,11,-0.7189800561820786,0.32912598188917497,-0.0793695948616055,-0.0816991153501561
1.01,q0.0,11,-0.7189800561820786,0.32912598188917497,0.002329520488550507,0.0
1.01,q0.25,11,-0.7189800561820786,0.32912598188917497,0.0840286358387067,0.0816991153501561
1.01,q0.75,11,-0.7189800561820786,0.32912598188917497,0.24742686653901885,0.2450973460504683
1.01,one_step,11,-0.7189800561820786,0.32912598188917497,,
1.01,uncoupled,12,0.022174990697231185,0.3294218520505105,0.3294218520505105,0.3267964614006244
1.01,q-1.0,12,0.022174990697231185,0.3294218520505105,-0.3241710707507382,-0.3267964614006244
1.01,q-0.25,12,0.022174990697231185,0.3294218520505105,-0.07907372470026997,-0.0816991153501561
1.01,q0.0,12,0.022174990697231185,0.3294218520505105,0.002625390649886039,0.0
1.01,q0.25,12,0.022174990697231185,0.3294218520505105,0.08432450600004224,0.0816991153501561
1.01,q0.75,12,0.022174990697231185,0.3294218520505105,0.24772273670035438,0.2450973460504683
1.01,one_step,12,0.022174990697231185,0.3294218520505105,,
1.01,uncoupled,13,-0.6010024405897538,0.3214398208494162,0.3214398208494162,0.3267964614006244
1.01,q-1.0,13,-0.6010024405897538,0.3214398208494162,-0.3321531019518325,-0.3267964614006244
1.01,q-0.25,13,-0.6010024405897538,0.3214398208494162,-0.08705575590136427,-0.0816991153501561
1.01,q0.0,13,-0.6010024405897538,0.3214398208494162,-0.005356640551208269,0.0
1.01,q0.25,13,-0.6010024405897538,0.3214398208494162,0.07634247479894793,0.0816991153501561
1.01,q0.75,13,-0.6010024405897538,0.3214398208494162,0.23974070549926008,0.2450973460504683
1.01,one_step,13,-0.6010024405897538,0.3214398208494162,,
1.01,uncoupled,14,0.12201145690859504,0.341401370943228,0.341401370943228,0.3267964614006244
1.01,q-1.0,14,0.12201145690859504,0.341401370943228,-0.3121915518580207,-0.3267964614006244
1.01,q-0.25,14,0.12201145690859504,0.341401370943228,-0.06709420580755249,-0.0816991153501561
1.01,q0.0,14,0.12201145690859504,0.341401370943228,0.014604909542603517,0.0
1.01,q0.25,14,0.12201145690859504,0.341401370943228,0.09630402489275972,0.0816991153501561
1.01,q0.75,14,0.12201145690859504,0.341401370943228,0.25970225559307186,0.2450973460504683
1.01,one_step,14,0.12201145690859504,0.341401370943228,,
1.01,uncoupled,15,1.4576842548999793,0.3246854288838121,0.3246854288838121,0.3267964614006244
1.01,q-1.0,15,1.4576842548999793,0.3246854288838121,-0.3289074939174366,-0.3267964614006244
1.01,q-0.25,15,1.4576842548999793,0.3246854288838121,-0.08381014786696839,-0.0816991153501561
1.01,q0.0,15,1.4576842548999793,0.3246854288838121,-0.0021110325168123834,0.0
1.01,q0.25,15,1.4576842548999793,0.3246854288838121,0.07958808283334382,0.0816991153501561
1.01,q0.75,15,1.4576842548999793,0.3246854288838121,0.24298631353365596,0.2450973460504683
1.01,one_step,15,1.4576842548999793,0.3246854288838121,,
1.01,uncoupled,16,-0.25890739227255416,0.32406225387246906,0.32406225387246906,0.3267964614006244
1.01,q-1.0,16,-0.25890739227255416,0.32406225387246906,-0.32953066892877964,-0.3267964614006244
1.01,q-0.25,16,-0.25890739227255416,0.32406225387246906,-0.0844333228783114,-0.0816991153501561
1.01,q0.0,16,-0.25890739227255416,0.32406225387246906,-0.002734207528155397,0.0
1.01,q0.25,16,-0.25890739227255416,0.32406225387246906,0.0789649078220008,0.0816991153501561
1.01,q0.75,16,-0.25890739227255416,0.32406225387246906,0.24236313852231295,0.2450973460504683
1.01,one_step,16,-0.25890739227255416,0.32406225387246906,,
1.01,uncoupled,17,0.05975808648675433,0.3287653355188316,0.3287653355188316,0.3267964614006244
1.01,q-1.0,17,0.05975808648675433,0.3287653355188316,-0.3248275872824171,-0.3267964614006244
1.01,q-0.25,17,0.05975808648675433,0.3287653355188316,-0.07973024123194888,-0.0816991153501561
1.01,q0.0,17,0.05975808648675433,0.3287653355188316,0.00196887411820712,0.0
1.01,q0.25,17,0.05975808648675433,0.3287653355188316,0.08366798946836332,0.0816991153501561
1.01,q0.75,17,0.05975808648675433,0.3287653355188316,0.24706622016867547,0.2450973460504683
1.01,one_step,17,0.05975808648675433,0.3287653355188316,,
1.01,uncoupled,18,-0.04204795210280457,0.3249443718262794,0.3249443718262794,0.3267964614006244
1.01,q-1.0,18,-0.04204795210280457,0.3249443718262794,-0.3286485509749693,-0.3267964614006244
1.01,q-0.25,18,-0.04204795210280457,0.3249443718262794,-0.08355120492450108,-0.0816991153501561
1.01,q0.0,18,-0.04204795210280457,0.3249443718262794,-0.0018520895743450727,0.0
1.01,q0.25,18,-0.04204795210280457,0.3249443718262794,0.07984702577581113,0.0816991153501561
1.01,q0.75,18,-0.04204795210280457,0.3249443718262794,0.24324525647612327,0.2450973460504683
1.01,one_step,18,-0.04204795210280457,0.3249443718262794,,
1.01,uncoupled,19,-0.8347232734130778,0.34072900983966314,0.34072900983966314,0.3267964614006244
1.01,q-1.0,19,-0.8347232734130778,0.34072900983966314,-0.31286391296158556,-0.3267964614006244
1.01,q-0.25,19,-0.8347232734130778,0.34072900983966314,-0.06776656691111732,-0.0816991153501561
1.01,q0.0,19,-0.8347232734130778,0.34072900983966314,0.013932548439038683,0.0
1.01,q0.25,19,-0.8347232734130778,0.34072900983966314,0.09563166378919488,0.0816991153501561
1.01,q0.75,19,-0.8347232734130778,0.34072900983966314,0.25902989448950703,0.2450973460504683
1.01,one_step,19,-0.8347232734130778,0.34072900983966314,,
1.01,uncoupled,20,-0.512216200902086,0.33284066960246694,0.33284066960246694,0.3267964614006244
1.01,q-1.0,20,-0.512216200902086,0.33284066960246694,-0.32075225319878176,-0.3267964614006244
1.01,q-0.25,20,-0.512216200902086,0.33284066960246694,-0.07565490714831352,-0.0816991153501561
1.01,q0.0,20,-0.512216200902086,0.33284066960246694,0.0060442082018424825,0.0
1.01,q0.25,20,-0.512216200902086,0.33284066960246694,0.08774332355199868,0.0816991153501561
1.01,q0.75,20,-0.512216200902086,0.33284066960246694,0.25114155425231083,0.2450973460504683
1.01,one_step,20,-0.512216200902086,0.33284066960246694,,
1.01,uncoupled,21,0.22113535360763117,0.3289552308776433,0.3289552308776433,0.3267964614006244
1.01,q-1.0,21,0.22113535360763117,0.3289552308776433,-0.3246376919236054,-0.3267964614006244
1.01,q-0.25,21,0.22113535360763117,0.3289552308776433,-0.07954034587313719,-0.0816991153501561
1.01,q0.0,21,0.22113535360763117,0.3289552308776433,0.002158769477018818,0.0
1.01,q0.25,21,0.22113535360763117,0.3289552308776433,0.08385788482717502,0.0816991153501561
1.01,q0.75,21,0.22113535360763117,0.3289552308776433,0.24725611552748716,0.2450973460504683
1.01,one_step,21,0.22113535360763117,0.3289552308776433,,
1.01,uncoupled,22,0.1356244799146139,0.33101648147095597,0.33101648147095597,0.3267964614006244
1.01,q-1.0,22,0.1356244799146139,0.33101648147095597,-0.32257644133029273,-0.3267964614006244
1.01,q-0.25,22,0.1356244799146139,0.33101648147095597,-0.0774790952798245,-0.0816991153501561
1.01,q0.0,22,0.1356244799146139,0.33101648147095597,0.004220020070331509,0.0
1.01,q0.25,22,0.1356244799146139,0.33101648147095597,0.08591913542048771,0.0816991153501561
1.01,q0.75,22,0.1356244799146139,0.33101648147095597,0.24931736612079985,0.2450973460504683
1.01,one_step,22,0.1356244799146139,0.33101648147095597,,
1.01,uncoupled,23,-0.3298011633600788,0.3249824878003609,0.3249824878003609,0.3267964614006244
1.01,q-1.0,23,-0.3298011633600788,0.3249824878003609,-0.3286104350008878,-0.3267964614006244
1.01,q-0.25,23,-0.3298011633600788,0.3249824878003609,-0.08351308895041959,-0.0816991153501561
1.01,q0.0,23,-0.3298011633600788,0.3249824878003609,-0.0018139736002635853,0.0
1.01,q0.25,23,-0.3298011633600788,0.3249824878003609,0.07988514174989261,0.0816991153501561
1.01,q0.75,23,-0.3298011633600788,0.3249824878003609,0.24328337245020476,0.2450973460504683
1.01,one_step,23,-0.3298011633600788,0.3249824878003609,,
1.01,uncoupled,24,-0.14326491070118855,0.3246478909540743,0.3246478909540743,0.3267964614006244
1.01,q-1.0,24,-0.14326491070118855,0.3246478909540743,-0.3289450318471744,-0.3267964614006244
1.01,q-0.25,24,-0.14326491070118855,0.3246478909540743,-0.08384768579670615,-0.0816991153501561
1.01,q0.0,24,-0.14326491070118855,0.3246478909540743,-0.0021485704465501465,0.0
1.01,q0.25,24,-0.14326491070118855,0.3246478909540743,0.07955054490360605,0.0816991153501561
1.01,q0.75,24,-0.14326491070118855,0.3246478909540743,0.2429487756039182,0.2450973460504683
1.01,one_step,24,-0.14326491070118855,0.3246478909540743,,
1.01,uncoupled,25,0.30636909026097325,0.32621935076982533,0.32621935076982533,0.3267964614006244
1.01,q-1.0,25,0.30636909026097325,0.32621935076982533,-0.32737357203142337,-0.3267964614006244
1.01,q-0.25,25,0.30636909026097325,0.32621935076982533,-0.08227622598095513,-0.0816991153501561
1.01,q0.0,25,0.30636909026097325,0.32621935076982533,-0.0005771106307991269,0.0
1.01,q0.25,25,0.30636909026097325,0.32621935076982533,0.08112200471935707,0.0816991153501561
1.01,q0.75,25,0.30636909026097325,0.32621935076982533,0.24452023541966922,0.2450973460504683
1.01,one_step,25,0.30636909026097325,0.32621935076982533,,
1.01,uncoupled,26,-0.603889971163883,0.3155144043745703,0.3155144043745703,0.3267964614006244
1.01,q-1.0,26,-0.603889971163883,0.3155144043745703,-0.3380785184266784,-0.3267964614006244
1.01,q-0.25,26,-0.603889971163883,0.3155144043745703,-0.09298117237621017,-0.0816991153501561
1.01,q0.0,26,-0.603889971163883,0.3155144043745703,-0.01128205702605417,0.0
1.01,q0.25,26,-0.603889971163883,0.3155144043745703,0.07041705832410203,0.0816991153501561
1.01,q0.75,26,-0.603889971163883,0.3155144043745703,0.23381528902441417,0.2450973460504683
1.01,one_step,26,-0.603889971163883,0.3155144043745703,,
1.01,uncoupled,27,-0.78230794043801,0.3171944149189951,0.3171944149189951,0.3267964614006244
1.01,q-1.0,27,-0.78230794043801,0.3171944149189951,-0.3363985078822536,-0.3267964614006244
1.01,q-0.25,27,-0.78230794043801,0.3171944149189951,-0.09130116183178538,-0.0816991153501561
1.01,q0.0,27,-0.78230794043801,0.3171944149189951,-0.009602046481629378,0.0
1.01,q0.25,27,-0.78230794043801,0.3171944149189951,0.07209706886852682,0.0816991153501561
1.01,q0.75,27,-0.78230794043801,0.3171944149189951,0.23549529956883897,0.2450973460504683
1.01,one_step,27,-0.78230794043801,0.3171944149189951,,
1.01,uncoupled,28,-1.3294592702520835,0.3270538358741475,0.3270538358741475,0.3267964614006244
1.01,q-1.0,28,-1.3294592702520835,0.3270538358741475,-0.3265390869271012,-0.3267964614006244
1.01,q-0.25,28,-1.3294592702520835,0.3270538358741475,-0.08144174087663297,-0.0816991153501561
1.01,q0.0,28,-1.3294592702520835,0.3270538358741475,0.000257374473523031,0.0
1.01,q0.25,28,-1.3294592702520835,0.3270538358741475,0.08195648982367923,0.0816991153501561
1.01,q0.75,28,-1.3294592702520835,0.3270538358741475,0.24535472052399138,0.2450973460504683
1.01,one_step,28,-1.3294592702520835,0.3270538358741475,,
1.01,uncoupled,29,0.020014107517724422,0.31667026333317116,0.31667026333317116,0.3267964614006244
1.01,q-1.0,29,0.020014107517724422,0.31667026333317116,-0.33692265946807753,-0.3267964614006244
1.01,q-0.25,29,0.020014107517724422,0.31667026333317116,-0.0918253134176093,-0.0816991153501561
1.01,q0.0,29,0.020014107517724422,0.31667026333317116,-0.010126198067453296,0.0
1.01,q0.25,29,0.020014107517724422,0.31667026333317116,0.0715729172827029,0.0816991153501561
1.01,q0.75,29,0.020014107517724422,0.31667026333317116,0.23497114798301505,0.2450973460504683
1.01,one_step,29,0.020014107517724422,0.31667026333317116,,
1.01,uncoupled,30,0.0008932155665005679,0.3301664585131272,0.3301664585131272,0.3267964614006244
1.01,q-1.0,30,0.0008932155665005679,0.3301664585131272,-0.3234264642881215,-0.3267964614006244
1.01,q-0.25,30,0.0008932155665005679,0.3301664585131272,-0.07832911823765326,-0.0816991153501561
1.01,q0.0,30,0.0008932155665005679,0.3301664585131272,0.003369997112502743,0.0
1.01,q0.25,30,0.0008932155665005679,0.3301664585131272,0.08506911246265894,0.0816991153501561
1.01,q0.75,30,0.0008932155665005679,0.3301664585131272,0.2484673431629711,0.2450973460504683
1.01,one_step,30,0.0008932155665005679,0.3301664585131272,,
1.01,uncoupled,31,-0.01165611728877914,0.32964402312894375,0.32964402312894375,0.3267964614006244
1.01,q-1.0,31,-0.01165611728877914,0.32964402312894375,-0.32394889967230495,-0.3267964614006244
1.01,q-0.25,31,-0.01165611728877914,0.32964402312894375,-0.07885155362183671,-0.0816991153501561
1.01,q0.0,31,-0.01165611728877914,0.32964402312894375,0.0028475617283192922,0.0
1.01,q0.25,31,-0.01165611728877914,0.32964402312894375,0.08454667707847549,0.0816991153501561
1.01,q0.75,31,-0.01165611728877914,0.32964402312894375,0.24794490777878764,0.2450973460504683
1.01,one_step,31,-0.01165611728877914,0.32964402312894375,,
1.1,uncoupled,0,-0.19005265942250038,0.9065987469218812,0.9065987469218812,0.9101573245261023
1.1,q-1.0,0,-0.19005265942250038,0.9065987469218812,-0.9137159021303232,-0.9101573245261023
1.1,q-0.25,0,-0.19005265942250038,0.9065987469218812,-0.23109790873574654,-0.22753933113152558
1.1,q0.0,0,-0.19005265942250038,0.9065987469218812,-0.0035585776042210693,0.0
1.1,q0.25,0,-0.19005265942250038,0.9065987469218812,0.2239807535273045,0.22753933113152558
1.1,q0.75,0,-0.19005265942250038,0.9065987469218812,0.6790594157903557,0.6826179933945767
1.1,one_step,0,-0.19005265942250038,0.9065987469218812,,
1.1,uncoupled,1,-0.3695098772357597,0.9100674046774074,0.9100674046774074,0.9101573245261023
1.1,q-1.0,1,-0.3695098772357597,0.9100674046774074,-0.910247244374797,-0.9101573245261023
1.1,q-0.25,1,-0.3695098772357597,0.9100674046774074,-0.22762925098022035,-0.22753933113152558
1.1,q0.0,1,-0.3695098772357597,0.9100674046774074,-8.9919848694886e-05,0.0
1.1,q0.25,1,-0.3695098772357597,0.9100674046774074,0.2274494112828307,0.22753933113152558
1.1,q0.75,1,-0.3695098772357597,0.9100674046774074,0.6825280735458819,0.6826179933945767
1.1,one_step,1,-0.3695098772357597,0.9100674046774074,,
1.1,uncoupled,2,0.217337677258475,0.9096295043020758,0.9096295043020758,0.9101573245261023
1.1,q-1.0,2,0.217337677258475,0.9096295043020758,-0.9106851447501286,-0.9101573245261023
1.1,q-0.25,2,0.217337677258475,0.9096295043020758,-0.228067151355552,-0.22753933113152558
1.1,q0.0,2,0.217337677258475,0.9096295043020758,-0.0005278202240265317,0.0
1.1,q0.25,2,0.217337677258475,0.9096295043020758,0.22701151090749905,0.22753933113152558
1.1,q0.75,2,0.217337677258475,0.9096295043020758,0.6820901731705502,0.6826179933945767
1.1,one_step,2,0.217337677258475,0.9096295043020758,,
1.1,uncoupled,3,-0.2416106321961372,0.9162021018118772,0.9162021018118772,0.9101573245261023
1.1,q-1.0,3,-0.2416106321961372,0.9162021018118772,-0.9041125472403272,-0.9101573245261023
1.1,q-0.25,3,-0.2416106321961372,0.9162021018118772,-0.22149455384575056,-0.22753933113152558
1.1,q0.0,3,-0.2416106321961372,0.9162021018118772,0.006044777285774905,0.0
1.1,q0.25,3,-0.2416106321961372,0.9162021018118772,0.23358410841730048,0.22753933113152558
1.1,q0.75,3,-0.2416106321961372,0.9162021018118772,0.6886627706803516,0.6826179933945767
1.1,one_step,3,-0.2416106321961372,0.9162021018118772,,
1.1,uncoupled,4,-0.0950766847973045,0.9129625885143345,0.9129625885143345,0.9101573245261023
1.1,q-1.0,4,-0.0950766847973045,0.9129625885143345,-0.9073520605378699,-0.9101573245261023
1.1,q-0.25,4,-0.0950766847973045,0.9129625885143345,-0.22473406714329325,-0.22753933113152558
1.1,q0.0,4,-0.0950766847973045,0.9129625885143345,0.0028052639882322206,0.0
1.1,q0.25,4,-0.0950766847973045,0.9129625885143345,0.2303445951197578,0.22753933113152558
1.1,q0.75,4,-0.0950766847973045,0.9129625885143345,0.685423257382809,0.6826179933945767
1.1,one_step,4,-0.0950766847973045,0.9129625885143345,,
1.1,uncoupled,5,-0.2708050768375024,0.9049518161830482,0.9049518161830482,0.9101573245261023
1.1,q-1.0,5,-0.2708050768375024,0.9049518161830482,-0.9153628328691562,-0.9101573245261023
1.1,q-0.25,5,-0.2708050768375024,0.9049518161830482,-0.23274483947457958,-0.22753933113152558
1.1,q0.0,5,-0.2708050768375024,0.9049518161830482,-0.0052055083430541105,0.0
1.1,q0.25,5,-0.2708050768375024,0.9049518161830482,0.22233382278847147,0.22753933113152558
1.1,q0.75,5,-0.2708050768375024,0.9049518161830482,0.6774124850515226,0.6826179933945767
1.1,one_step,5,-0.2708050768375024,0.9049518161830482,,
1.1,uncoupled,6,-0.6591608025416634,0.9107967208524484,0.9107967208524484,0.9101573245261023
1.1,q-1.0,6,-0.6591608025416634,0.9107967208524484,-0.909517928199756,-0.9101573245261023
1.1,q-0.25,6,-0.6591608025416634,0.9107967208524484,-0.22689993480517934,-0.22753933113152558
1.1,q0.0,6,-0.6591608025416634,0.9107967208524484,0.0006393963263461311,0.0
1.1,q0.25,6,-0.6591608025416634,0.9107967208524484,0.2281787274578717,0.22753933113152558
1.1,q0.75,6,-0.6591608025416634,0.9107967208524484,0.6832573897209229,0.6826179933945767
1.1,one_step,6,-0.6591608025416634,0.9107967208524484,,
1.1,uncoupled,7,-0.7154226050137291,0.9129911436918003,0.9129911436918003,0.9101573245261023
1.1,q-1.0,7,-0.7154226050137291,0.9129911436918003,-0.9073235053604041,-0.9101573245261023
1.1,q-0.25,7,-0.7154226050137291,0.9129911436918003,-0.22470551196582744,-0.22753933113152558
1.1,q0.0,7,-0.7154226050137291,0.9129911436918003,0.002833819165698026,0.0
1.1,q0.25,7,-0.7154226050137291,0.9129911436918003,0.2303731502972236,0.22753933113152558
1.1,q0.75,7,-0.7154226050137291,0.9129911436918003,0.6854518125602748,0.6826179933945767
1.1,one_step,7,-0.7154226050137291,0.9129911436918003,,
1.1,uncoupled,8,-0.2991431190383573,0.9157281018289362,0.9157281018289362,0.9101573245261023
1.1,q-1.0,8,-0.2991431190383573,0.9157281018289362,-0.9045865472232683,-0.9101573245261023
1.1,q-0.25,8,-0.2991431190383573,0.9157281018289362,-0.22196855382869163,-0.22753933113152558
1.1,q0.0,8,-0.2991431190383573,0.9157281018289362,0.00557077730283384,0.0
1.1,q0.25,8,-0.2991431190383573,0.9157281018289362,0.23311010843435942,0.22753933113152558
1.1,q0.75,8,-0.2991431190383573,0.9157281018289362,0.6881887706974106,0.6826179933945767
1.1,one_step,8,-0.2991431190383573,0.9157281018289362,,
1.1,uncoupled,9,0.13987165270947324,0.9049875250729157,0.9049875250729157,0.9101573245261023
1.1,q-1.0,9,0.13987165270947324,0.9049875250729157,-0.9153271239792887,-0.9101573245261023
1.1,q-0.25,9,0.13987165270947324,0.9049875250729157,-0.2327091305847121,-0.22753933113152558
1.1,q0.0,9,0.13987165270947324,0.9049875250729157,-0.00516979945318663,0.0
1.1,q0.25,9,0.13987165270947324,0.9049875250729157,0.22236953167833895,0.22753933113152558
1.1,q0.75,9,0.13987165270947324,0.9049875250729157,0.6774481939413901,0.6826179933945767
1.1,one_step,9,0.13987165270947324,0.9049875250729157,,
1.1,uncoupled,10,-0.6022806661867484,0.9181360678106388,0.9181360678106388,0.9101573245261023
1.1,q-1.0,10,-0.6022806661867484,0.9181360678106388,-0.9021785812415656,-0.9101573245261023
1.1,q-0.25,10,-0.6022806661867484,0.9181360678106388,-0.21956058784698895,-0.22753933113152558
1.1,q0.0,10,-0.6022806661867484,0.9181360678106388,0.007978743284536516,0.0
1.1,q0.25,10,-0.6022806661867484,0.9181360678106388,0.2355180744160621,0.22753933113152558
1.1,q0.75,10,-0.6022806661867484,0.9181360678106388,0.6905967366791133,0.6826179933945767
1.1,one_step,10,-0.6022806661867484,0.9181360678106388,,
1.1,uncoupled,11,-3.247529365540927,0.909303658195179,0.909303658195179,0.9101573245261023
1.1,q-1.0,11,-3.247529365540927,0.909303658195179,-0.9110109908570254,-0.9101573245261023
1.1,q-0.25,11,-3.247529365540927,0.909303658195179,-0.2283929974624488,-0.22753933113152558
1.1,q0.0,11,-3.247529365540927,0.909303658195179,-0.0008536663309233194,0.0
1.1,q0.25,11,-3.247529365540927,0.909303658195179,0.22668566480060226,0.22753933113152558
1.1,q0.75,11,-3.247529365540927,0.909303658195179,0.6817643270636534,0.6826179933945767
1.1,one_step,11,-3.247529365540927,0.909303658195179,,
1.1,uncoupled,12,1.047649674290447,0.9043473408173438,0.9043473408173438,0.9101573245261023
1.1,q-1.0,12,1.047649674290447,0.9043473408173438,-0.9159673082348606,-0.9101573245261023
1.1,q-0.25,12,1.047649674290447,0.9043473408173438,-0.23334931484028398,-0.22753933113152558
1.1,q0.0,12,1.047649674290447,0.9043473408173438,-0.005809983708758515,0.0
1.1,q0.25,12,1.047649674290447,0.9043473408173438,0.22172934742276706,0.22753933113152558
1.1,q0.75,12,1.047649674290447,0.9043473408173438,0.6768080096858182,0.6826179933945767
1.1,one_step,12,1.047649674290447,0.9043473408173438,,
1.1,uncoupled,13,0.6204614471386134,0.9235886690638236,0.9235886690638236,0.9101573245261023
1.1,q-1.0,13,0.6204614471386134,0.9235886690638236,-0.8967259799883808,-0.9101573245261023
1.1,q-0.25,13,0.6204614471386134,0.9235886690638236,-0.21410798659380414,-0.22753933113152558
1.1,q0.0,13,0.6204614471386134,0.9235886690638236,0.013431344537721324,0.0
1.1,q0.25,13,0.6204614471386134,0.9235886690638236,0.2409706756692469,0.22753933113152558
1.1,q0.75,13,0.6204614471386134,0.9235886690638236,0.6960493379322981,0.6826179933945767
1.1,one_step,13,0.6204614471386134,0.9235886690638236,,
1.1,uncoupled,14,1.7227940071791406,0.9179769513457983,0.9179769513457983,0.9101573245261023
1.1,q-1.0,14,1.7227940071791406,0.9179769513457983,-0.9023376977064061,-0.9101573245261023
1.1,q-0.25,14,1.7227940071791406,0.9179769513457983,-0.21971970431182952,-0.22753933113152558
1.1,q0.0,14,1.7227940071791406,0.9179769513457983,0.007819626819695946,0.0
1.1,q0.25,14,1.7227940071791406,0.9179769513457983,0.23535895795122153,0.22753933113152558
1.1,q0.75,14,1.7227940071791406,0.9179769513457983,0.6904376202142727,0.6826179933945767
1.1,one_step,14,1.7227940071791406,0.9179769513457983,,
1.1,uncoupled,15,9.589495415089452,0.9095369043589763,0.9095369043589763,0.9101573245261023
1.1,q-1.0,15,9.589495415089452,0.9095369043589763,-0.9107777446932281,-0.9101573245261023
1.1,q-0.25,15,9.589495415089452,0.9095369043589763,-0.22815975129865151,-0.22753933113152558
1.1,q0.0,15,9.589495415089452,0.9095369043589763,-0.0006204201671260456,0.0
1.1,q0.25,15,9.589495415089452,0.9095369043589763,0.22691891096439953,0.22753933113152558
1.1,q0.75,15,9.589495415089452,0.9095369043589763,0.6819975732274507,0.6826179933945767
1.1,one_step,15,9.589495415089452,0.9095369043589763,,
1.1,uncoupled,16,1.6728696313909683,0.9105978311823202,0.9105978311823202,0.9101573245261023
1.1,q-1.0,16,1.6728696313909683,0.9105978311823202,-0.9097168178698842,-0.9101573245261023
1.1,q-0.25,16,1.6728696313909683,0.9105978311823202,-0.2270988244753076,-0.22753933113152558
1.1,q0.0,16,1.6728696313909683,0.9105978311823202,0.000440506656217865,0.0
1.1,q0.25,16,1.6728696313909683,0.9105978311823202,0.22797983778774344,0.22753933113152558
1.1,q0.75,16,1.6728696313909683,0.9105978311823202,0.6830585000507946,0.6826179933945767
1.1,one_step,16,1.6728696313909683,0.9105978311823202,,
1.1,uncoupled,17,0.5302660030027526,0.9037985485469098,0.9037985485469098,0.9101573245261023
1.1,q-1.0,17,0.5302660030027526,0.9037985485469098,-0.9165161005052946,-0.9101573245261023
1.1,q-0.25,17,0.5302660030027526,0.9037985485469098,-0.233898107110718,-0.22753933113152558
1.1,q0.0,17,0.5302660030027526,0.9037985485469098,-0.0063587759791925436,0.0
1.1,q0.25,17,0.5302660030027526,0.9037985485469098,0.22118055515233304,0.22753933113152558
1.1,q0.75,17,0.5302660030027526,0.9037985485469098,0.6762592174153842,0.6826179933945767
1.1,one_step,17,0.5302660030027526,0.9037985485469098,,
1.1,uncoupled,18,0.027513215477428785,0.9108661844602006,0.9108661844602006,0.9101573245261023
1.1,q-1.0,18,0.027513215477428785,0.9108661844602006,-0.9094484645920038,-0.9101573245261023
1.1,q-0.25,18,0.027513215477428785,0.9108661844602006,-0.22683047119742716,-0.22753933113152558
1.1,q0.0,18,0.027513215477428785,0.9108661844602006,0.0007088599340983048,0.0
1.1,q0.25,18,0.027513215477428785,0.9108661844602006,0.22824819106562388,0.22753933113152558
1.1,q0.75,18,0.027513215477428785,0.9108661844602006,0.683326853328675,0.6826179933945767
1.1,one_step,18,0.027513215477428785,0.9108661844602006,,
1.1,uncoupled,19,0.5241549658279668,0.9043083359553508,0.9043083359553508,0.9101573245261023
1.1,q-1.0,19,0.5241549658279668,0.9043083359553508,-0.9160063130968537,-0.9101573245261023
1.1,q-0.25,19,0.5241549658279668,0.9043083359553508,-0.23338831970227703,-0.22753933113152558
1.1,q0.0,19,0.5241549658279668,0.9043083359553508,-0.0058489885707515565,0.0
1.1,q0.25,19,0.5241549658279668,0.9043083359553508,0.22169034256077402,0.22753933113152558
1.1,q0.75,19,0.5241549658279668,0.9043083359553508,0.6767690048238252,0.6826179933945767
1.1,one_step,19,0.5241549658279668,0.9043083359553508,,
1.1,uncoupled,20,9.886729828512712,0.9188844861763992,0.9188844861763992,0.9101573245261023
1.1,q-1.0,20,9.886729828512712,0.9188844861763992,-0.9014301628758052,-0.9101573245261023
1.1,q-0.25,20,9.886729828512712,0.9188844861763992,-0.2188121694812286,-0.22753933113152558
1.1,q0.0,20,9.886729828512712,0.9188844861763992,0.008727161650296855,0.0
1.1,q0.25,20,9.886729828512712,0.9188844861763992,0.23626649278182243,0.22753933113152558
1.1,q0.75,20,9.886729828512712,0.9188844861763992,0.6913451550448736,0.6826179933945767
1.1,one_step,20,9.886729828512712,0.9188844861763992,,
1.1,uncoupled,21,0.9558110630826571,0.9067875129496636,0.9067875129496636,0.9101573245261023
1.1,q-1.0,21,0.9558110630826571,0.9067875129496636,-0.9135271361025408,-0.9101573245261023
1.1,q-0.25,21,0.9558110630826571,0.9067875129496636,-0.23090914270796414,-0.22753933113152558
1.1,q0.0,21,0.9558110630826571,0.9067875129496636,-0.003369811576438675,0.0
1.1,q0.25,21,0.9558110630826571,0.9067875129496636,0.2241695195550869,0.22753933113152558
1.1,q0.75,21,0.9558110630826571,0.9067875129496636,0.6792481818181381,0.6826179933945767
1.1,one_step,21,0.9558110630826571,0.9067875129496636,,
1.1,uncoupled,22,-0.19377650660369258,0.9120025007001112,0.9120025007001112,0.9101573245261023
1.1,q-1.0,22,-0.19377650660369258,0.9120025007001112,-0.9083121483520932,-0.9101573245261023
1.1,q-0.25,22,-0.19377650660369258,0.9120025007001112,-0.22569415495751655,-0.22753933113152558
1.1,q0.0,22,-0.19377650660369258,0.9120025007001112,0.0018451761740089223,0.0
1.1,q0.25,22,-0.19377650660369258,0.9120025007001112,0.2293845073055345,0.22753933113152558
1.1,q0.75,22,-0.19377650660369258,0.9120025007001112,0.6844631695685857,0.6826179933945767
1.1,one_step,22,-0.19377650660369258,0.9120025007001112,,
1.1,uncoupled,23,-3.042844260270471,0.9062251038573134,0.9062251038573134,0.9101573245261023
1.1,q-1.0,23,-3.042844260270471,0.9062251038573134,-0.914089545194891,-0.9101573245261023
1.1,q-0.25,23,-3.042844260270471,0.9062251038573134,-0.23147155180031442,-0.22753933113152558
1.1,q0.0,23,-3.042844260270471,0.9062251038573134,-0.003932220668788955,0.0
1.1,q0.25,23,-3.042844260270471,0.9062251038573134,0.22360711046273662,0.22753933113152558
1.1,q0.75,23,-3.042844260270471,0.9062251038573134,0.6786857727257878,0.6826179933945767
1.1,one_step,23,-3.042844260270471,0.9062251038573134,,
1.1,uncoupled,24,1.2570856609853822,0.9085189284145992,0.9085189284145992,0.9101573245261023
1.1,q-1.0,24,1.2570856609853822,0.9085189284145992,-0.9117957206376052,-0.9101573245261023
1.1,q-0.25,24,1.2570856609853822,0.9085189284145992,-0.22917772724302854,-0.22753933113152558
1.1,q0.0,24,1.2570856609853822,0.9085189284145992,-0.001638396111503071,0.0
1.1,q0.25,24,1.2570856609853822,0.9085189284145992,0.2259009350200225,0.22753933113152558
1.1,q0.75,24,1.2570856609853822,0.9085189284145992,0.6809795972830737,0.6826179933945767
1.1,one_step,24,1.2570856609853822,0.9085189284145992,,
1.1,uncoupled,25,-0.8598825221303528,0.9048696774990327,0.9048696774990327,0.9101573245261023
1.1,q-1.0,25,-0.8598825221303528,0.9048696774990327,-0.9154449715531717,-0.9101573245261023
1.1,q-0.25,25,-0.8598825221303528,0.9048696774990327,-0.2328269781585951,-0.22753933113152558
1.1,q0.0,25,-0.8598825221303528,0.9048696774990327,-0.005287647027069631,0.0
1.1,q0.25,25,-0.8598825221303528,0.9048696774990327,0.22225168410445595,0.22753933113152558
1.1,q0.75,25,-0.8598825221303528,0.9048696774990327,0.6773303463675071,0.6826179933945767
1.1,one_step,25,-0.8598825221303528,0.9048696774990327,,
1.1,uncoupled,26,-1.164564410350841,0.9184374424475149,0.9184374424475149,0.9101573245261023
1.1,q-1.0,26,-1.164564410350841,0.9184374424475149,-0.9018772066046895,-0.9101573245261023
1.1,q-0.25,26,-1.164564410350841,0.9184374424475149,-0.21925921321011288,-0.22753933113152558
1.1,q0.0,26,-1.164564410350841,0.9184374424475149,0.008280117921412589,0.0
1.1,q0.25,26,-1.164564410350841,0.9184374424475149,0.23581944905293817,0.22753933113152558
1.1,q0.75,26,-1.164564410350841,0.9184374424475149,0.6908981113159893,0.6826179933945767
1.1,one_step,26,-1.164564410350841,0.9184374424475149,,
1.1,uncoupled,27,-0.7488400731878696,0.9113963937998593,0.9113963937998593,0.9101573245261023
1.1,q-1.0,27,-0.7488400731878696,0.9113963937998593,-0.9089182552523452,-0.9101573245261023
1.1,q-0.25,27,-0.7488400731878696,0.9113963937998593,-0.22630026185776853,-0.22753933113152558
1.1,q0.0,27,-0.7488400731878696,0.9113963937998593,0.001239069273756943,0.0
1.1,q0.25,27,-0.7488400731878696,0.9113963937998593,0.22877840040528252,0.22753933113152558
1.1,q0.75,27,-0.7488400731878696,0.9113963937998593,0.6838570626683337,0.6826179933945767
1.1,one_step,27,-0.7488400731878696,0.9113963937998593,,
1.1,uncoupled,28,-0.1656146345007063,0.9050966484606296,0.9050966484606296,0.9101573245261023
1.1,q-1.0,28,-0.1656146345007063,0.9050966484606296,-0.9152180005915748,-0.9101573245261023
1.1,q-0.25,28,-0.1656146345007063,0.9050966484606296,-0.23260000719699814,-0.22753933113152558
1.1,q0.0,28,-0.1656146345007063,0.9050966484606296,-0.005060676065472669,0.0
1.1,q0.25,28,-0.1656146345007063,0.9050966484606296,0.2224786550660529,0.22753933113152558
1.1,q0.75,28,-0.1656146345007063,0.9050966484606296,0.6775573173291041,0.6826179933945767
1.1,one_step,28,-0.1656146345007063,0.9050966484606296,,
1.1,uncoupled,29,0.6127628753911121,0.9122914834187577,0.9122914834187577,0.9101573245261023
1.1,q-1.0,29,0.6127628753911121,0.9122914834187577,-0.9080231656334468,-0.9101573245261023
1.1,q-0.25,29,0.6127628753911121,0.9122914834187577,-0.22540517223887013,-0.22753933113152558
1.1,q0.0,29,0.6127628753911121,0.9122914834187577,0.0021341588926553356,0.0
1.1,q0.25,29,0.6127628753911121,0.9122914834187577,0.22967349002418092,0.22753933113152558
1.1,q0.75,29,0.6127628753911121,0.9122914834187577,0.6847521522872321,0.6826179933945767
1.1,one_step,29,0.6127628753911121,0.9122914834187577,,
1.1,uncoupled,30,-1.7896196985891748,0.9100702087356102,0.9100702087356102,0.9101573245261023
1.1,q-1.0,30,-1.7896196985891748,0.9100702087356102,-0.9102444403165942,-0.9101573245261023
1.1,q-0.25,30,-1.7896196985891748,0.9100702087356102,-0.2276264469220176,-0.22753933113152558
1.1,q0.0,30,-1.7896196985891748,0.9100702087356102,-8.711579049214269e-05,0.0
1.1,q0.25,30,-1.7896196985891748,0.9100702087356102,0.22745221534103344,0.22753933113152558
1.1,q0.75,30,-1.7896196985891748,0.9100702087356102,0.6825308776040846,0.6826179933945767
1.1,one_step,30,-1.7896196985891748,0.9100702087356102,,
1.1,uncoupled,31,-0.34713573777955725,0.9136676578874938,0.9136676578874938,0.9101573245261023
1.1,q-1.0,31,-0.34713573777955725,0.9136676578874938,-0.9066469911647106,-0.9101573245261023
1.1,q-0.25,31,-0.34713573777955725,0.9136676578874938,-0.22402899777013396,-0.22753933113152558
1.1,q0.0,31,-0.34713573777955725,0.9136676578874938,0.0035103333613915044,0.0
1.1,q0.25,31,-0.34713573777955725,0.9136676578874938,0.23104966449291708,0.22753933113152558
1.1,q0.75,31,-0.34713573777955725,0.9136676578874938,0.6861283267559682,0.6826179933945767
1.1,one_step,31,-0.34713573777955725,0.9136676578874938,,
2.0,uncoupled,0,-0.6760049593006449,2.0409337362603,2.0409337362603,2.036487589766847
2.0,q-1.0,0,-0.6760049593006449,2.0409337362603,-2.032041443273393,-2.036487589766847
2.0,q-0.25,0,-0.6760049593006449,2.0409337362603,-0.5046757509482576,-0.5091218974417118
2.0,q0.0,0,-0.6760049593006449,2.0409337362603,0.004446146493453096,0.0
2.0,q0.25,0,-0.6760049593006449,2.0409337362603,0.5135680439351651,0.5091218974417118
2.0,q0.75,0,-0.6760049593006449,2.0409337362603,1.5318118388185884,1.5273656923251353
2.0,one_step,0,-0.6760049593006449,2.0409337362603,,
2.0,uncoupled,1,-0.1582566522469246,2.0392151830271525,2.0392151830271525,2.036487589766847
2.0,q-1.0,1,-0.1582566522469246,2.0392151830271525,-2.0337599965065407,-2.036487589766847
2.0,q-0.25,1,-0.1582566522469246,2.0392151830271525,-0.5063943041814052,-0.5091218974417118
2.0,q0.0,1,-0.1582566522469246,2.0392151830271525,0.002727593260305472,0.0
2.0,q0.25,1,-0.1582566522469246,2.0392151830271525,0.5118494907020175,0.5091218974417118
2.0,q0.75,1,-0.1582566522469246,2.0392151830271525,1.5300932855854408,1.5273656923251353
2.0,one_step,1,-0.1582566522469246,2.0392151830271525,,
2.0,uncoupled,2,0.23164665837692797,2.0373393117943626,2.0373393117943626,2.036487589766847
2.0,q-1.0,2,0.23164665837692797,2.0373393117943626,-2.0356358677393307,-2.036487589766847
2.0,q-0.25,2,0.23164665837692797,2.0373393117943626,-0.5082701754141952,-0.5091218974417118
2.0,q0.0,2,0.23164665837692797,2.0373393117943626,0.0008517220275154891,0.0
2.0,q0.25,2,0.23164665837692797,2.0373393117943626,0.5099736194692275,0.5091218974417118
2.0,q0.75,2,0.23164665837692797,2.0373393117943626,1.5282174143526508,1.5273656923251353
2.0,one_step,2,0.23164665837692797,2.0373393117943626,,
2.0,uncoupled,3,-3.1087498391265806,2.0316243224933626,2.0316243224933626,2.036487589766847
2.0,q-1.0,3,-3.1087498391265806,2.0316243224933626,-2.0413508570403307,-2.036487589766847
2.0,q-0.25,3,-3.1087498391265806,2.0316243224933626,-0.5139851647151952,-0.5091218974417118
2.0,q0.0,3,-3.1087498391265806,2.0316243224933626,-0.004863267273484517,0.0
2.0,q0.25,3,-3.1087498391265806,2.0316243224933626,0.5042586301682275,0.5091218974417118
2.0,q0.75,3,-3.1087498391265806,2.0316243224933626,1.5225024250516508,1.5273656923251353
2.0,one_step,3,-3.1087498391265806,2.0316243224933626,,
2.0,uncoupled,4,11.947667662385875,2.034940374960183,2.034940374960183,2.036487589766847
2.0,q-1.0,4,11.947667662385875,2.034940374960183,-2.03803480457351,-2.036487589766847
2.0,q-0.25,4,11.947667662385875,2.034940374960183,-0.5106691122483746,-0.5091218974417118
2.0,q0.0,4,11.947667662385875,2.034940374960183,-0.0015472148066639768,0.0
2.0,q0.25,4,11.947667662385875,2.034940374960183,0.507574682635048,0.5091218974417118
2.0,q0.75,4,11.947667662385875,2.034940374960183,1.5258184775184713,1.5273656923251353
2.0,one_step,4,11.947667662385875,2.034940374960183,,
2.0,uncoupled,5,19.494531253741627,2.0307015632298144,2.0307015632298144,2.036487589766847
2.0,q-1.0,5,19.494531253741627,2.0307015632298144,-2.042273616303879,-2.036487589766847
2.0,q-0.25,5,19.494531253741627,2.0307015632298144,-0.5149079239787433,-0.5091218974417118
2.0,q0.0,5,19.494531253741627,2.0307015632298144,-0.00578602653703264,0.0
2.0,q0.25,5,19.494531253741627,2.0307015632298144,0.5033358709046793,0.5091218974417118
2.0,q0.75,5,19.494531253741627,2.0307015632298144,1.5215796657881027,1.5273656923251353
2.0,one_step,5,19.494531253741627,2.0307015632298144,,
2.0,uncoupled,6,-0.23621283611541538,2.0345496739139826,2.0345496739139826,2.036487589766847
2.0,q-1.0,6,-0.23621283611541538,2.0345496739139826,-2.0384255056197107,-2.036487589766847
2.0,q-0.25,6,-0.23621283611541538,2.0345496739139826,-0.5110598132945752,-0.5091218974417118
2.0,q0.0,6,-0.23621283611541538,2.0345496739139826,-0.0019379158528645135,0.0
2.0,q0.25,6,-0.23621283611541538,2.0345496739139826,0.5071839815888475,0.5091218974417118
2.0,q0.75,6,-0.23621283611541538,2.0345496739139826,1.5254277764722708,1.5273656923251353
2.0,one_step,6,-0.23621283611541538,2.0345496739139826,,
2.0,uncoupled,7,-1.6907276900057555,2.0327725961114287,2.0327725961114287,2.036487589766847
2.0,q-1.0,7,-1.6907276900057555,2.0327725961114287,-2.0402025834222646,-2.036487589766847
2.0,q-0.25,7,-1.6907276900057555,2.0327725961114287,-0.512836891097129,-0.5091218974417118
2.0,q0.0,7,-1.6907276900057555,2.0327725961114287,-0.003714993655418386,0.0
2.0,q0.25,7,-1.6907276900057555,2.0327725961114287,0.5054069037862936,0.5091218974417118
2.0,q0.75,7,-1.6907276900057555,2.0327725961114287,1.523650698669717,1.5273656923251353
2.0,one_step,7,-1.6907276900057555,2.0327725961114287,,
2.0,uncoupled,8,-2.112811518810179,2.0379183167571924,2.0379183167571924,2.036487589766847
2.0,q-1.0,8,-2.112811518810179,2.0379183167571924,-2.035056862776501,-2.036487589766847
2.0,q-0.25,8,-2.112811518810179,2.0379183167571924,-0.5076911704513654,-0.5091218974417118
2.0,q0.0,8,-2.112811518810179,2.0379183167571924,0.001430726990345299,0.0
2.0,q0.25,8,-2.112811518810179,2.0379183167571924,0.5105526244320573,0.5091218974417118
2.0,q0.75,8,-2.112811518810179,2.0379183167571924,1.5287964193154806,1.5273656923251353
2.0,one_step,8,-2.112811518810179,2.0379183167571924,,
2.0,uncoupled,9,1.7226197894572144,2.0336408224018863,2.0336408224018863,2.036487589766847
2.0,q-1.0,9,1.7226197894572144,2.0336408224018863,-2.039334357131807,-2.036487589766847
2.0,q-0.25,9,1.7226197894572144,2.0336408224018863,-0.5119686648066715,-0.5091218974417118
2.0,q0.0,9,1.7226197894572144,2.0336408224018863,-0.0028467673649608116,0.0
2.0,q0.25,9,1.7226197894572144,2.0336408224018863,0.5062751300767512,0.5091218974417118
2.0,q0.75,9,1.7226197894572144,2.0336408224018863,1.5245189249601745,1.5273656923251353
2.0,one_step,9,1.7226197894572144,2.0336408224018863,,
2.0,uncoupled,10,-2.0365183656479453,2.036325895377927,2.036325895377927,2.036487589766847
2.0,q-1.0,10,-2.0365183656479453,2.036325895377927,-2.036649284155766,-2.036487589766847
2.0,q-0.25,10,-2.0365183656479453,2.036325895377927,-0.5092835918306307,-0.5091218974417118
2.0,q0.0,10,-2.0365183656479453,2.036325895377927,-0.00016169438891999732,0.0
2.0,q0.25,10,-2.0365183656479453,2.036325895377927,0.508960203052792,0.5091218974417118
2.0,q0.75,10,-2.0365183656479453,2.036325895377927,1.5272039979362153,1.5273656923251353
2.0,one_step,10,-2.0365183656479453,2.036325895377927,,
2.0,uncoupled,11,2.7679381180386367,2.0319934821908747,2.0319934821908747,2.036487589766847
2.0,q-1.0,11,2.7679381180386367,2.0319934821908747,-2.0409816973428185,-2.036487589766847
2.0,q-0.25,11,2.7679381180386367,2.0319934821908747,-0.513616005017683,-0.5091218974417118
2.0,q0.0,11,2.7679381180386367,2.0319934821908747,-0.00449410757597235,0.0
2.0,q0.25,11,2.7679381180386367,2.0319934821908747,0.5046277898657396,0.5091218974417118
2.0,q0.75,11,2.7679381180386367,2.0319934821908747,1.522871584749163,1.5273656923251353
2.0,one_step,11,2.7679381180386367,2.0319934821908747,,
2.0,uncoupled,12,3.455682863844644,2.0372711169167657,2.0372711169167657,2.036487589766847
2.0,q-1.0,12,3.455682863844644,2.0372711169167657,-2.0357040626169276,-2.036487589766847
2.0,q-0.25,12,3.455682863844644,2.0372711169167657,-0.5083383702917921,-0.5091218974417118
2.0,q0.0,12,3.455682863844644,2.0372711169167657,0.0007835271499185836,0.0
2.0,q0.25,12,3.455682863844644,2.0372711169167657,0.5099054245916306,0.5091218974417118
2.0,q0.75,12,3.455682863844644,2.0372711169167657,1.5281492194750539,1.5273656923251353
2.0,one_step,12,3.455682863844644,2.0372711169167657,,
2.0,uncoupled,13,0.29947321304012176,2.041574608444915,2.041574608444915,2.036487589766847
2.0,q-1.0,13,0.29947321304012176,2.041574608444915,-2.031400571088778,-2.036487589766847
2.0,q-0.25,13,0.29947321304012176,2.041574608444915,-0.5040348787636426,-0.5091218974417118
2.0,q0.0,13,0.29947321304012176,2.041574608444915,0.005087018678068045,0.0
2.0,q0.25,13,0.29947321304012176,2.041574608444915,0.51420891611978,0.5091218974417118
2.0,q0.75,13,0.29947321304012176,2.041574608444915,1.5324527110032033,1.5273656923251353
2.0,one_step,13,0.29947321304012176,2.041574608444915,,
2.0,uncoupled,14,0.31050494909309195,2.0444822709249806,2.0444822709249806,2.036487589766847
2.0,q-1.0,14,0.31050494909309195,2.0444822709249806,-2.0284929086087127,-2.036487589766847
2.0,q-0.25,14,0.31050494909309195,2.0444822709249806,-0.5011272162835771,-0.5091218974417118
2.0,q0.0,14,0.31050494909309195,2.0444822709249806,0.00799468115813351,0.0
2.0,q0.25,14,0.31050494909309195,2.0444822709249806,0.5171165785998455,0.5091218974417118
2.0,q0.75,14,0.31050494909309195,2.0444822709249806,1.5353603734832688,1.5273656923251353
2.0,one_step,14,0.31050494909309195,2.0444822709249806,,
2.0,uncoupled,15,-0.09413709360898652,2.034567248344831,2.034567248344831,2.036487589766847
2.0,q-1.0,15,-0.09413709360898652,2.034567248344831,-2.0384079311888623,-2.036487589766847
2.0,q-0.25,15,-0.09413709360898652,2.034567248344831,-0.5110422388637268,-0.5091218974417118
2.0,q0.0,15,-0.09413709360898652,2.034567248344831,-0.0019203414220161363,0.0
2.0,q0.25,15,-0.09413709360898652,2.034567248344831,0.5072015560196959,0.5091218974417118
2.0,q0.75,15,-0.09413709360898652,2.034567248344831,1.5254453509031192,1.5273656923251353
2.0,one_step,15,-0.09413709360898652,2.034567248344831,,
2.0,uncoupled,16,1.4525543151987008,2.0272855106406005,2.0272855106406005,2.036487589766847
2.0,q-1.0,16,1.4525543151987008,2.0272855106406005,-2.045689668893093,-2.036487589766847
2.0,q-0.25,16,1.4525543151987008,2.0272855106406005,-0.5183239765679573,-0.5091218974417118
2.0,q0.0,16,1.4525543151987008,2.0272855106406005,-0.009202079126246598,0.0
2.0,q0.25,16,1.4525543151987008,2.0272855106406005,0.4999198183154654,0.5091218974417118
2.0,q0.75,16,1.4525543151987008,2.0272855106406005,1.5181636131988887,1.5273656923251353
2.0,one_step,16,1.4525543151987008,2.0272855106406005,,
2.0,uncoupled,17,1.4389033880632107,2.037289386653951,2.037289386653951,2.036487589766847
2.0,q-1.0,17,1.4389033880632107,2.037289386653951,-2.0356857928797423,-2.036487589766847
2.0,q-0.25,17,1.4389033880632107,2.037289386653951,-0.5083201005546067,-0.5091218974417118
2.0,q0.0,17,1.4389033880632107,2.037289386653951,0.0008017968871039116,0.0
2.0,q0.25,17,1.4389033880632107,2.037289386653951,0.5099236943288159,0.5091218974417118
2.0,q0.75,17,1.4389033880632107,2.037289386653951,1.5281674892122392,1.5273656923251353
2.0,one_step,17,1.4389033880632107,2.037289386653951,,
2.0,uncoupled,18,7.162280393096795,2.041273359199031,2.041273359199031,2.036487589766847
2.0,q-1.0,18,7.162280393096795,2.041273359199031,-2.0317018203346624,-2.036487589766847
2.0,q-0.25,18,7.162280393096795,2.041273359199031,-0.5043361280095269,-0.5091218974417118
2.0,q0.0,18,7.162280393096795,2.041273359199031,0.004785769432183784,0.0
2.0,q0.25,18,7.162280393096795,2.041273359199031,0.5139076668738958,0.5091218974417118
2.0,q0.75,18,7.162280393096795,2.041273359199031,1.532151461757319,1.5273656923251353
2.0,one_step,18,7.162280393096795,2.041273359199031,,
2.0,uncoupled,19,-0.027988046409659094,2.0341534009643496,2.0341534009643496,2.036487589766847
2.0,q-1.0,19,-0.027988046409659094,2.0341534009643496,-2.0388217785693437,-2.036487589766847
2.0,q-0.25,19,-0.027988046409659094,2.0341534009643496,-0.5114560862442081,-0.5091218974417118
2.0,q0.0,19,-0.027988046409659094,2.0341534009643496,-0.002334188802497472,0.0
2.0,q0.25,19,-0.027988046409659094,2.0341534009643496,0.5067877086392145,0.5091218974417118
2.0,q0.75,19,-0.027988046409659094,2.0341534009643496,1.5250315035226378,1.5273656923251353
2.0,one_step,19,-0.027988046409659094,2.0341534009643496,,
2.0,uncoupled,20,0.9336219056262931,2.038810471761148,2.038810471761148,2.036487589766847
2.0,q-1.0,20,0.9336219056262931,2.038810471761148,-2.034164707772545,-2.036487589766847
2.0,q-0.25,20,0.9336219056262931,2.038810471761148,-0.5067990154474096,-0.5091218974417118
2.0,q0.0,20,0.9336219056262931,2.038810471761148,0.0023228819943010848,0.0
2.0,q0.25,20,0.9336219056262931,2.038810471761148,0.5114447794360131,0.5091218974417118
2.0,q0.75,20,0.9336219056262931,2.038810471761148,1.5296885743194364,1.5273656923251353
2.0,one_step,20,0.9336219056262931,2.038810471761148,,
2.0,uncoupled,21,0.8786611316761905,2.046366844147552,2.046366844147552,2.036487589766847
2.0,q-1.0,21,0.8786611316761905,2.046366844147552,-2.026608335386141,-2.036487589766847
2.0,q-0.25,21,0.8786611316761905,2.046366844147552,-0.4992426430610055,-0.5091218974417118
2.0,q0.0,21,0.8786611316761905,2.046366844147552,0.009879254380705138,0.0
2.0,q0.25,21,0.8786611316761905,2.046366844147552,0.5190011518224171,0.5091218974417118
2.0,q0.75,21,0.8786611316761905,2.046366844147552,1.5372449467058404,1.5273656923251353
2.0,one_step,21,0.8786611316761905,2.046366844147552,,
2.0,uncoupled,22,-1.2512440836798477,2.0458895298557485,2.0458895298557485,2.036487589766847
2.0,q-1.0,22,-1.2512440836798477,2.0458895298557485,-2.027085649677945,-2.036487589766847
2.0,q-0.25,22,-1.2512440836798477,2.0458895298557485,-0.4997199573528093,-0.5091218974417118
2.0,q0.0,22,-1.2512440836798477,2.0458895298557485,0.009401940088901384,0.0
2.0,q0.25,22,-1.2512440836798477,2.0458895298557485,0.5185238375306134,0.5091218974417118
2.0,q0.75,22,-1.2512440836798477,2.0458895298557485,1.5367676324140367,1.5273656923251353
2.0,one_step,22,-1.2512440836798477,2.0458895298557485,,
2.0,uncoupled,23,-2.2992553022768174,2.0366376226413,2.0366376226413,2.036487589766847
2.0,q-1.0,23,-2.2992553022768174,2.0366376226413,-2.036337556892393,-2.036487589766847
2.0,q-0.25,23,-2.2992553022768174,2.0366376226413,-0.5089718645672576,-0.5091218974417118
2.0,q0.0,23,-2.2992553022768174,2.0366376226413,0.00015003287445303215,0.0
2.0,q0.25,23,-2.2992553022768174,2.0366376226413,0.509271930316165,0.5091218974417118
2.0,q0.75,23,-2.2992553022768174,2.0366376226413,1.5275157251995883,1.5273656923251353
2.0,one_step,23,-2.2992553022768174,2.0366376226413,,
2.0,uncoupled,24,-9.636834958223119,2.032170065271449,2.032170065271449,2.036487589766847
2.0,q-1.0,24,-9.636834958223119,2.032170065271449,-2.0408051142622443,-2.036487589766847
2.0,q-0.25,24,-9.636834958223119,2.032170065271449,-0.5134394219371088,-0.5091218974417118
2.0,q0.0,24,-9.636834958223119,2.032170065271449,-0.0043175244953981284,0.0
2.0,q0.25,24,-9.636834958223119,2.032170065271449,0.5048043729463139,0.5091218974417118
2.0,q0.75,24,-9.636834958223119,2.032170065271449,1.5230481678297372,1.5273656923251353
2.0,one_step,24,-9.636834958223119,2.032170065271449,,
2.0,uncoupled,25,-1.5339055628442475,2.0311969944072845,2.0311969944072845,2.036487589766847
2.0,q-1.0,25,-1.5339055628442475,2.0311969944072845,-2.0417781851264087,-2.036487589766847
2.0,q-0.25,25,-1.5339055628442475,2.0311969944072845,-0.5144124928012732,-0.5091218974417118
2.0,q0.0,25,-1.5339055628442475,2.0311969944072845,-0.0052905953595625554,0.0
2.0,q0.25,25,-1.5339055628442475,2.0311969944072845,0.5038313020821494,0.5091218974417118
2.0,q0.75,25,-1.5339055628442475,2.0311969944072845,1.5220750969655727,1.5273656923251353
2.0,one_step,25,-1.5339055628442475,2.0311969944072845,,
2.0,uncoupled,26,2.1136617793633943,2.032622615272019,2.032622615272019,2.036487589766847
2.0,q-1.0,26,2.1136617793633943,2.032622615272019,-2.040352564261674,-2.036487589766847
2.0,q-0.25,26,2.1136617793633943,2.032622615272019,-0.5129868719365387,-0.5091218974417118
2.0,q0.0,26,2.1136617793633943,2.032622615272019,-0.003864974494828033,0.0
2.0,q0.25,26,2.1136617793633943,2.032622615272019,0.505256922946884,0.5091218974417118
2.0,q0.75,26,2.1136617793633943,2.032622615272019,1.5235007178303073,1.5273656923251353
2.0,one_step,26,2.1136617793633943,2.032622615272019,,
2.0,uncoupled,27,0.47320499015864065,2.046859844616088,2.046859844616088,2.036487589766847
2.0,q-1.0,27,0.47320499015864065,2.046859844616088,-2.026115334917605,-2.036487589766847
2.0,q-0.25,27,0.47320499015864065,2.046859844616088,-0.49874964259246957,-0.5091218974417118
2.0,q0.0,27,0.47320499015864065,2.046859844616088,0.010372254849241092,0.0
2.0,q0.25,27,0.47320499015864065,2.046859844616088,0.5194941522909531,0.5091218974417118
2.0,q0.75,27,0.47320499015864065,2.046859844616088,1.5377379471743764,1.5273656923251353
2.0,one_step,27,0.47320499015864065,2.046859844616088,,
2.0,uncoupled,28,1.1523121932691904,2.0369558685012845,2.0369558685012845,2.036487589766847
2.0,q-1.0,28,1.1523121932691904,2.0369558685012845,-2.0360193110324087,-2.036487589766847
2.0,q-0.25,28,1.1523121932691904,2.0369558685012845,-0.5086536187072732,-0.5091218974417118
2.0,q0.0,28,1.1523121932691904,2.0369558685012845,0.00046827873443744394,0.0
2.0,q0.25,28,1.1523121932691904,2.0369558685012845,0.5095901761761494,0.5091218974417118
2.0,q0.75,28,1.1523121932691904,2.0369558685012845,1.5278339710595727,1.5273656923251353
2.0,one_step,28,1.1523121932691904,2.0369558685012845,,
2.0,uncoupled,29,0.8128603959177564,2.0290740225659967,2.0290740225659967,2.036487589766847
2.0,q-1.0,29,0.8128603959177564,2.0290740225659967,-2.0439011569676966,-2.036487589766847
2.0,q-0.25,29,0.8128603959177564,2.0290740225659967,-0.5165354646425611,-0.5091218974417118
2.0,q0.0,29,0.8128603959177564,2.0290740225659967,-0.007413567200850402,0.0
2.0,q0.25,29,0.8128603959177564,2.0290740225659967,0.5017083302408616,0.5091218974417118
2.0,q0.75,29,0.8128603959177564,2.0290740225659967,1.519952125124285,1.5273656923251353
2.0,one_step,29,0.8128603959177564,2.0290740225659967,,
2.0,uncoupled,30,5.03903402755329,2.028493010931172,2.028493010931172,2.036487589766847
2.0,q-1.0,30,5.03903402755329,2.028493010931172,-2.044482168602521,-2.036487589766847
2.0,q-0.25,30,5.03903402755329,2.028493010931172,-0.5171164762773857,-0.5091218974417118
2.0,q0.0,30,5.03903402755329,2.028493010931172,-0.007994578835675004,0.0
2.0,q0.25,30,5.03903402755329,2.028493010931172,0.501127318606037,0.5091218974417118
2.0,q0.75,30,5.03903402755329,2.028493010931172,1.5193711134894603,1.5273656923251353
2.0,one_step,30,5.03903402755329,2.028493010931172,,
2.0,uncoupled,31,-0.735784124099184,2.0372076363675102,2.0372076363675102,2.036487589766847
2.0,q-1.0,31,-0.735784124099184,2.0372076363675102,-2.035767543166183,-2.036487589766847
2.0,q-0.25,31,-0.735784124099184,2.0372076363675102,-0.5084018508410475,-0.5091218974417118
2.0,q0.0,31,-0.735784124099184,2.0372076363675102,0.0007200466006631601,0.0
2.0,q0.25,31,-0.735784124099184,2.0372076363675102,0.5098419440423752,0.5091218974417118
2.0,q0.75,31,-0.735784124099184,2.0372076363675102,1.5280857389257985,1.5273656923251353
2.0,one_step,31,-0.735784124099184,2.0372076363675102,,
