pair_seed,model,row_count,ordered_rmse,permutation_invariant_rmse
20266830,oracle_tm_full_rank,12,0.003070251524012315,0.0030702515240123153
20266830,oracle_fourier_full_rank,12,0.0020218811488320176,0.0020218811488320176
20266830,direct_tm_full_rank,12,0.008676325364117726,0.008676325364117728
20266830,direct_fourier_full_rank,12,0.011110041352136883,0.011110041352136883
20266830,direct_tm_rank_one,12,0.07514153165034848,0.07514153165034845
20266830,direct_fourier_rank_one,12,0.074251438104243,0.07425143810424302
20266831,oracle_tm_full_rank,12,0.0008649991000011067,0.0008649991000011065
20266831,oracle_fourier_full_rank,12,0.0027089555558406234,0.0027089555558406234
20266831,direct_tm_full_rank,12,0.008404005599691625,0.008404005599691625
20266831,direct_fourier_full_rank,12,0.009387310308813826,0.009387310308813828
20266831,direct_tm_rank_one,12,0.0743719689145817,0.07437196891458171
20266831,direct_fourier_rank_one,12,0.07527832516490572,0.07527832516490572
20266832,oracle_tm_full_rank,12,0.001533992131281607,0.0015339921312816072
20266832,oracle_fourier_full_rank,12,0.0020151141819542313,0.0020151141819542313
20266832,direct_tm_full_rank,12,0.009710133614036826,0.009710133614036826
20266832,direct_fourier_full_rank,12,0.006755772875820237,0.006755772875820238
20266832,direct_tm_rank_one,12,0.07373512835348384,0.07373512835348382
20266832,direct_fourier_rank_one,12,0.0738934310850858,0.07389343108508581
20266833,oracle_tm_full_rank,12,0.0015764205228283655,0.0015764205228283655
20266833,oracle_fourier_full_rank,12,0.0028834809194816886,0.0028834809194816886
20266833,direct_tm_full_rank,12,0.005335332435135494,0.005335332435135494
20266833,direct_fourier_full_rank,12,0.006224712429669776,0.006224712429669776
20266833,direct_tm_rank_one,12,0.07334085883409663,0.07334085883409663
20266833,direct_fourier_rank_one,12,0.07348715050521301,0.07348715050521301
20266834,oracle_tm_full_rank,12,0.0022117656495700875,0.0022117656495700875
20266834,oracle_fourier_full_rank,12,0.004139687484555547,0.004139687484555547
20266834,direct_tm_full_rank,12,0.006008437208394851,0.006008437208394851
20266834,direct_fourier_full_rank,12,0.010370659821582398,0.010370659821582397
20266834,direct_tm_rank_one,12,0.07327131245114492,0.07327131245114492
20266834,direct_fourier_rank_one,12,0.07384264104426826,0.07384264104426826
20266835,oracle_tm_full_rank,12,0.0024630471571721016,0.002463047157172102
20266835,oracle_fourier_full_rank,12,0.005087199203832474,0.005087199203832474
20266835,direct_tm_full_rank,12,0.0076557755602525476,0.007655775560252548
20266835,direct_fourier_full_rank,12,0.007990637947964365,0.007990637947964365
20266835,direct_tm_rank_one,12,0.07349600303781635,0.07349600303781635
20266835,direct_fourier_rank_one,12,0.07332895966932035,0.07332895966932033
20266836,oracle_tm_full_rank,12,0.0027174713834744063,0.002717471383474406
20266836,oracle_fourier_full_rank,12,0.0032082272610253516,0.0032082272610253516
20266836,direct_tm_full_rank,12,0.007432214726464466,0.007432214726464465
20266836,direct_fourier_full_rank,12,0.006633487872490226,0.006633487872490226
20266836,direct_tm_rank_one,12,0.07345339045252901,0.073453390452529
20266836,direct_fourier_rank_one,12,0.07344616142771183,0.07344616142771182
20266837,oracle_tm_full_rank,12,0.0025797021035488614,0.002579702103548861
20266837,oracle_fourier_full_rank,12,0.0028700393398799233,0.0028700393398799233
20266837,direct_tm_full_rank,12,0.008010045962541653,0.008010045962541653
20266837,direct_fourier_full_rank,12,0.009021780283034683,0.009021780283034683
20266837,direct_tm_rank_one,12,0.07333436739609353,0.07333436739609354
20266837,direct_fourier_rank_one,12,0.07360323543670355,0.07360323543670357
20266838,oracle_tm_full_rank,12,0.004314140073629805,0.004314140073629805
20266838,oracle_fourier_full_rank,12,0.0068814171427217154,0.0068814171427217154
20266838,direct_tm_full_rank,12,0.007823704098343334,0.007823704098343334
20266838,direct_fourier_full_rank,12,0.0097685716580555,0.0097685716580555
20266838,direct_tm_rank_one,12,0.07417477766192421,0.07417477766192421
20266838,direct_fourier_rank_one,12,0.0734560482044874,0.0734560482044874
20266839,oracle_tm_full_rank,12,0.0019377786201867128,0.0019377786201867126
20266839,oracle_fourier_full_rank,12,0.003025366106093609,0.003025366106093609
20266839,direct_tm_full_rank,12,0.008540645487216761,0.008540645487216763
20266839,direct_fourier_full_rank,12,0.00995699350984516,0.00995699350984516
20266839,direct_tm_rank_one,12,0.07313704142692075,0.07313704142692075
20266839,direct_fourier_rank_one,12,0.07405901347743106,0.07405901347743106
20266840,oracle_tm_full_rank,12,0.001327903909574107,0.001327903909574107
20266840,oracle_fourier_full_rank,12,0.003961545710716764,0.003961545710716764
20266840,direct_tm_full_rank,12,0.004839608146885387,0.004839608146885387
20266840,direct_fourier_full_rank,12,0.006071519996005423,0.006071519996005424
20266840,direct_tm_rank_one,12,0.07348441756535871,0.07348441756535871
20266840,direct_fourier_rank_one,12,0.07392825180396352,0.07392825180396351
20266841,oracle_tm_full_rank,12,0.0013752966058057426,0.0013752966058057424
20266841,oracle_fourier_full_rank,12,0.00233772032075434,0.00233772032075434
20266841,direct_tm_full_rank,12,0.008771150016352754,0.008771150016352753
20266841,direct_fourier_full_rank,12,0.007377036323314318,0.007377036323314318
20266841,direct_tm_rank_one,12,0.07351185099606843,0.07351185099606843
20266841,direct_fourier_rank_one,12,0.07339653776501849,0.07339653776501848
20266842,oracle_tm_full_rank,12,0.0018144059969974608,0.0018144059969974606
20266842,oracle_fourier_full_rank,12,0.0030213448137034883,0.0030213448137034883
20266842,direct_tm_full_rank,12,0.008994456297013242,0.008994456297013242
20266842,direct_fourier_full_rank,12,0.009823301886771893,0.009823301886771893
20266842,direct_tm_rank_one,12,0.07329593959176717,0.07329593959176717
20266842,direct_fourier_rank_one,12,0.07352813350129046,0.07352813350129048
20266843,oracle_tm_full_rank,12,0.0012892072477945432,0.001289207247794543
20266843,oracle_fourier_full_rank,12,0.0038141154954975643,0.003814115495497565
20266843,direct_tm_full_rank,12,0.010117557757483478,0.010117557757483478
20266843,direct_fourier_full_rank,12,0.011633608253041092,0.011633608253041093
20266843,direct_tm_rank_one,12,0.07392411666535423,0.07392411666535423
20266843,direct_fourier_rank_one,12,0.07405191412807205,0.07405191412807205
20266844,oracle_tm_full_rank,12,0.002372928778994157,0.002372928778994157
20266844,oracle_fourier_full_rank,12,0.0033637544243492424,0.0033637544243492424
20266844,direct_tm_full_rank,12,0.009046326254877125,0.009046326254877127
20266844,direct_fourier_full_rank,12,0.01119165488424935,0.01119165488424935
20266844,direct_tm_rank_one,12,0.07363839467282403,0.07363839467282403
20266844,direct_fourier_rank_one,12,0.07363223002049651,0.07363223002049651
20266845,oracle_tm_full_rank,12,0.001682772287994931,0.001682772287994931
20266845,oracle_fourier_full_rank,12,0.0012761497157891082,0.0012761497157891082
20266845,direct_tm_full_rank,12,0.006077641168283446,0.006077641168283446
20266845,direct_fourier_full_rank,12,0.012025860879105078,0.01202586087910508
20266845,direct_tm_rank_one,12,0.07395215248304458,0.07395215248304458
20266845,direct_fourier_rank_one,12,0.07586253038936215,0.07586253038936215
20266846,oracle_tm_full_rank,12,0.0020179874494169582,0.0020179874494169582
20266846,oracle_fourier_full_rank,12,0.001759461477620883,0.0017594614776208829
20266846,direct_tm_full_rank,12,0.00577373030741981,0.0057737303074198104
20266846,direct_fourier_full_rank,12,0.007739538413967053,0.007739538413967053
20266846,direct_tm_rank_one,12,0.07325144001728551,0.07325144001728551
20266846,direct_fourier_rank_one,12,0.07381902054310949,0.07381902054310947
20266847,oracle_tm_full_rank,12,0.0017460011799913628,0.0017460011799913628
20266847,oracle_fourier_full_rank,12,0.004916251967171584,0.004916251967171584
20266847,direct_tm_full_rank,12,0.010648714115859437,0.010648714115859437
20266847,direct_fourier_full_rank,12,0.009840006676631083,0.009840006676631083
20266847,direct_tm_rank_one,12,0.07458119045437786,0.07458119045437786
20266847,direct_fourier_rank_one,12,0.07345476998021536,0.07345476998021537
20266848,oracle_tm_full_rank,12,0.001531620870878453,0.001531620870878453
20266848,oracle_fourier_full_rank,12,0.001957027256680179,0.001957027256680179
20266848,direct_tm_full_rank,12,0.007057768377087195,0.007057768377087195
20266848,direct_fourier_full_rank,12,0.009599345920248605,0.009599345920248605
20266848,direct_tm_rank_one,12,0.07322779656624895,0.07322779656624895
20266848,direct_fourier_rank_one,12,0.07394632400774985,0.07394632400774985
20266849,oracle_tm_full_rank,12,0.0020613895335337058,0.0020613895335337058
20266849,oracle_fourier_full_rank,12,0.002279852500734842,0.002279852500734842
20266849,direct_tm_full_rank,12,0.006772939484072709,0.0067729394840727085
20266849,direct_fourier_full_rank,12,0.006915825521425745,0.006915825521425745
20266849,direct_tm_rank_one,12,0.0735386712539047,0.07353867125390472
20266849,direct_fourier_rank_one,12,0.07361240096818492,0.0736124009681849
20266850,oracle_tm_full_rank,12,0.0013534389169882028,0.001353438916988203
20266850,oracle_fourier_full_rank,12,0.0014414678947135405,0.0014414678947135405
20266850,direct_tm_full_rank,12,0.006250657748124377,0.006250657748124378
20266850,direct_fourier_full_rank,12,0.007215378113872215,0.007215378113872215
20266850,direct_tm_rank_one,12,0.07322812535362991,0.07322812535362991
20266850,direct_fourier_rank_one,12,0.07351818607786315,0.07351818607786315
20266851,oracle_tm_full_rank,12,0.0021017857621398526,0.002101785762139853
20266851,oracle_fourier_full_rank,12,0.002810262669397905,0.002810262669397905
20266851,direct_tm_full_rank,12,0.006935715636531674,0.006935715636531674
20266851,direct_fourier_full_rank,12,0.006017328462648787,0.006017328462648787
20266851,direct_tm_rank_one,12,0.07386238620504788,0.07386238620504788
20266851,direct_fourier_rank_one,12,0.07408715191235388,0.07408715191235389
20266852,oracle_tm_full_rank,12,0.002412199491320303,0.0024121994913203024
20266852,oracle_fourier_full_rank,12,0.0015262907763064252,0.0015262907763064252
20266852,direct_tm_full_rank,12,0.006928841697656628,0.006928841697656627
20266852,direct_fourier_full_rank,12,0.007565064553808207,0.007565064553808207
20266852,direct_tm_rank_one,12,0.07336879166961703,0.07336879166961702
20266852,direct_fourier_rank_one,12,0.07390937348129453,0.07390937348129453
20266853,oracle_tm_full_rank,12,0.0019355328529388738,0.0019355328529388738
20266853,oracle_fourier_full_rank,12,0.0014755342358877843,0.0014755342358877843
20266853,direct_tm_full_rank,12,0.0085390552637853,0.0085390552637853
20266853,direct_fourier_full_rank,12,0.007716878857766391,0.007716878857766392
20266853,direct_tm_rank_one,12,0.07394875204342946,0.07394875204342946
20266853,direct_fourier_rank_one,12,0.07403074244813528,0.07403074244813528
20266854,oracle_tm_full_rank,12,0.002595249314270895,0.002595249314270895
20266854,oracle_fourier_full_rank,12,0.0036495549216864556,0.0036495549216864556
20266854,direct_tm_full_rank,12,0.006579304516516252,0.006579304516516252
20266854,direct_fourier_full_rank,12,0.007684788324192858,0.007684788324192858
20266854,direct_tm_rank_one,12,0.07481333810731607,0.07481333810731607
20266854,direct_fourier_rank_one,12,0.07403278562960544,0.07403278562960543
20266855,oracle_tm_full_rank,12,0.0012874901235014036,0.0012874901235014036
20266855,oracle_fourier_full_rank,12,0.002486055254604799,0.002486055254604799
20266855,direct_tm_full_rank,12,0.006164138524767141,0.006164138524767141
20266855,direct_fourier_full_rank,12,0.005609427955555726,0.005609427955555726
20266855,direct_tm_rank_one,12,0.07318241521736017,0.07318241521736017
20266855,direct_fourier_rank_one,12,0.0736164012813026,0.0736164012813026
20266856,oracle_tm_full_rank,12,0.0017291864226297135,0.0017291864226297137
20266856,oracle_fourier_full_rank,12,0.001515411808470077,0.0015154118084700773
20266856,direct_tm_full_rank,12,0.009340265437357352,0.00934026543735735
20266856,direct_fourier_full_rank,12,0.012222561040540513,0.012222561040540513
20266856,direct_tm_rank_one,12,0.073885234849259,0.073885234849259
20266856,direct_fourier_rank_one,12,0.07337404396434218,0.07337404396434218
20266857,oracle_tm_full_rank,12,0.00244616053624852,0.00244616053624852
20266857,oracle_fourier_full_rank,12,0.0016193732237658714,0.0016193732237658718
20266857,direct_tm_full_rank,12,0.006423912431318931,0.006423912431318931
20266857,direct_fourier_full_rank,12,0.008615406117619136,0.008615406117619136
20266857,direct_tm_rank_one,12,0.07399289667164846,0.07399289667164846
20266857,direct_fourier_rank_one,12,0.07350601726452605,0.07350601726452605
20266858,oracle_tm_full_rank,12,0.0018808647632895077,0.0018808647632895077
20266858,oracle_fourier_full_rank,12,0.0025084575666465543,0.0025084575666465543
20266858,direct_tm_full_rank,12,0.009391541720325238,0.009391541720325238
20266858,direct_fourier_full_rank,12,0.011939063924858096,0.011939063924858098
20266858,direct_tm_rank_one,12,0.07360888257652574,0.07360888257652573
20266858,direct_fourier_rank_one,12,0.07430500195235773,0.07430500195235773
20266859,oracle_tm_full_rank,12,0.0019028448655965646,0.0019028448655965646
20266859,oracle_fourier_full_rank,12,0.002545504485897467,0.002545504485897467
20266859,direct_tm_full_rank,12,0.004637986004242667,0.004637986004242667
20266859,direct_fourier_full_rank,12,0.0063610882855242076,0.006361088285524207
20266859,direct_tm_rank_one,12,0.07338385951381167,0.07338385951381168
20266859,direct_fourier_rank_one,12,0.07351698568046373,0.07351698568046375
20266860,oracle_tm_full_rank,12,0.001988810975959908,0.001988810975959908
20266860,oracle_fourier_full_rank,12,0.0014026609423583888,0.0014026609423583886
20266860,direct_tm_full_rank,12,0.008806662498421715,0.008806662498421715
20266860,direct_fourier_full_rank,12,0.013434047449238925,0.013434047449238925
20266860,direct_tm_rank_one,12,0.07365835007397918,0.0736583500739792
20266860,direct_fourier_rank_one,12,0.07463110029875604,0.07463110029875604
20266861,oracle_tm_full_rank,12,0.0011943135913991742,0.001194313591399174
20266861,oracle_fourier_full_rank,12,0.002872005170729303,0.002872005170729303
20266861,direct_tm_full_rank,12,0.007089565332670367,0.007089565332670368
20266861,direct_fourier_full_rank,12,0.00852273529039711,0.00852273529039711
20266861,direct_tm_rank_one,12,0.07388263023623895,0.07388263023623895
20266861,direct_fourier_rank_one,12,0.07404767443654967,0.07404767443654967
