case,window,method,budget,terms,actual_bytes,under_budget,qr_prequant_mse,decoded_mse,codec_roundtrip
b1.01_float64,0,fixed_tm_a0,48,4,48,True,0.08782178862178586,0.08782178862178591,True
b1.01_float64,0,fixed_tm_a0,80,8,80,True,0.0672951846857536,0.06729518468575366,True
b1.01_float64,0,fixed_tm_a0,144,16,144,True,0.054192475076628555,0.0541924750766286,True
b1.01_float64,0,fourier_low,48,4,48,True,0.06789623603196412,0.06789623603196418,True
b1.01_float64,0,fourier_low,80,8,80,True,0.04967363077153906,0.04967363077153912,True
b1.01_float64,0,fourier_low,144,16,144,True,0.031580918954605554,0.03158091895460563,True
b1.01_float64,0,adaptive_tm,48,3,43,True,0.06728741146871843,0.06728741146871867,True
b1.01_float64,0,adaptive_tm,80,7,79,True,0.05060550153220844,0.05060550153220869,True
b1.01_float64,0,adaptive_tm,144,14,142,True,0.04543797145585925,0.04543797145585952,True
b1.01_float64,0,fixed_tm_a0,diagnostic_m,2,,,0.10986168582998486,0.10986168582998486,
b1.01_float64,0,adaptive_tm,diagnostic_m,2,,,0.09087022754497484,0.09087022754497484,
b1.01_float64,0,fixed_tm_a0,diagnostic_m,4,,,0.08782178862178586,0.08782178862178586,
b1.01_float64,0,adaptive_tm,diagnostic_m,4,,,0.061044372569968496,0.061044372569968496,
b1.01_float64,0,fixed_tm_a0,diagnostic_m,8,,,0.0672951846857536,0.0672951846857536,
b1.01_float64,0,adaptive_tm,diagnostic_m,8,,,0.049024089419539674,0.049024089419539674,
b1.01_float64,1,fixed_tm_a0,48,4,48,True,0.14251736171495355,0.1425173617149537,True
b1.01_float64,1,fixed_tm_a0,80,8,80,True,0.1416034081712682,0.14160340817126837,True
b1.01_float64,1,fixed_tm_a0,144,16,144,True,0.1405885032092088,0.14058850320920896,True
b1.01_float64,1,fourier_low,48,4,48,True,0.11041304156636685,0.11041304156636701,True
b1.01_float64,1,fourier_low,80,8,80,True,0.0776154699285301,0.07761546992853027,True
b1.01_float64,1,fourier_low,144,16,144,True,0.049990012375161985,0.04999001237516219,True
b1.01_float64,1,adaptive_tm,48,3,43,True,0.1404973525161686,0.14049735251616874,True
b1.01_float64,1,adaptive_tm,80,7,79,True,0.13901329885252106,0.1390132988525212,True
b1.01_float64,1,adaptive_tm,144,14,142,True,0.13610147922458649,0.13610147922458665,True
b1.01_float64,1,fixed_tm_a0,diagnostic_m,2,,,0.14600290749777675,0.14600290749777675,
b1.01_float64,1,adaptive_tm,diagnostic_m,2,,,0.1423090683194501,0.1423090683194501,
b1.01_float64,1,fixed_tm_a0,diagnostic_m,4,,,0.14251736171495355,0.14251736171495355,
b1.01_float64,1,adaptive_tm,diagnostic_m,4,,,0.1402044435696278,0.1402044435696278,
b1.01_float64,1,fixed_tm_a0,diagnostic_m,8,,,0.1416034081712682,0.1416034081712682,
b1.01_float64,1,adaptive_tm,diagnostic_m,8,,,0.1383760857267144,0.1383760857267144,
b1.01_float64,2,fixed_tm_a0,48,4,48,True,6.0773028286398115e-05,6.077302828655093e-05,True
b1.01_float64,2,fixed_tm_a0,80,8,80,True,5.583900582979522e-05,5.5839005829948095e-05,True
b1.01_float64,2,fixed_tm_a0,144,16,144,True,5.354960510551676e-05,5.354960510566959e-05,True
b1.01_float64,2,fourier_low,48,4,48,True,3.361657673229507e-05,3.361657673244778e-05,True
b1.01_float64,2,fourier_low,80,8,80,True,1.6367265231886673e-05,1.636726523203939e-05,True
b1.01_float64,2,fourier_low,144,16,144,True,8.051274750048084e-06,8.05127475020083e-06,True
b1.01_float64,2,adaptive_tm,48,3,43,True,5.4259608939651914e-05,5.4259608939804556e-05,True
b1.01_float64,2,adaptive_tm,80,7,79,True,5.263584703000505e-05,5.2635847030157636e-05,True
b1.01_float64,2,adaptive_tm,144,14,142,True,5.220158845609463e-05,5.2201588456246666e-05,True
b1.01_float64,2,fixed_tm_a0,diagnostic_m,2,,,7.249218627837622e-05,7.249218627837622e-05,
b1.01_float64,2,adaptive_tm,diagnostic_m,2,,,5.681334543414661e-05,5.681334543414661e-05,
b1.01_float64,2,fixed_tm_a0,diagnostic_m,4,,,6.0773028286398115e-05,6.0773028286398115e-05,
b1.01_float64,2,adaptive_tm,diagnostic_m,4,,,5.2918138555513705e-05,5.2918138555513705e-05,
b1.01_float64,2,fixed_tm_a0,diagnostic_m,8,,,5.583900582979522e-05,5.583900582979522e-05,
b1.01_float64,2,adaptive_tm,diagnostic_m,8,,,5.254268329881222e-05,5.254268329881222e-05,
b1.01_float64,3,fixed_tm_a0,48,4,48,True,0.001045756677489432,0.0010457566774896047,True
b1.01_float64,3,fixed_tm_a0,80,8,80,True,0.000954740975380485,0.0009547409753806575,True
b1.01_float64,3,fixed_tm_a0,144,16,144,True,0.000912560289113141,0.0009125602891133135,True
b1.01_float64,3,fourier_low,48,4,48,True,0.0006071530235544121,0.0006071530235545849,True
b1.01_float64,3,fourier_low,80,8,80,True,0.00029915158788785374,0.00029915158788802705,True
b1.01_float64,3,fourier_low,144,16,144,True,0.0001476241546811524,0.0001476241546813259,True
b1.01_float64,3,adaptive_tm,48,3,43,True,0.000923187538497804,0.0009231875384979758,True
b1.01_float64,3,adaptive_tm,80,7,79,True,0.0008958687918088339,0.0008958687918090059,True
b1.01_float64,3,adaptive_tm,144,14,142,True,0.0008877716718004999,0.0008877716718006731,True
b1.01_float64,3,fixed_tm_a0,diagnostic_m,2,,,0.0012604770429913452,0.0012604770429913452,
b1.01_float64,3,adaptive_tm,diagnostic_m,2,,,0.0009750377926098742,0.0009750377926098742,
b1.01_float64,3,fixed_tm_a0,diagnostic_m,4,,,0.001045756677489432,0.001045756677489432,
b1.01_float64,3,adaptive_tm,diagnostic_m,4,,,0.0009006120741498894,0.0009006120741498894,
b1.01_float64,3,fixed_tm_a0,diagnostic_m,8,,,0.000954740975380485,0.000954740975380485,
b1.01_float64,3,adaptive_tm,diagnostic_m,8,,,0.0008939868219516732,0.0008939868219516732,
b1.01_float64,4,fixed_tm_a0,48,4,48,True,0.22605781747525028,0.22605781747525053,True
b1.01_float64,4,fixed_tm_a0,80,8,80,True,0.1903258317104548,0.19032583171045503,True
b1.01_float64,4,fixed_tm_a0,144,16,144,True,0.15849037200305097,0.15849037200305124,True
b1.01_float64,4,fourier_low,48,4,48,True,0.22313575140643127,0.2231357514064315,True
b1.01_float64,4,fourier_low,80,8,80,True,0.16267634375338905,0.16267634375338935,True
b1.01_float64,4,fourier_low,144,16,144,True,0.09408167798897975,0.09408167798898007,True
b1.01_float64,4,adaptive_tm,48,3,43,True,0.22279378578624381,0.22279378578624426,True
b1.01_float64,4,adaptive_tm,80,7,79,True,0.16416233419118637,0.16416233419118675,True
b1.01_float64,4,adaptive_tm,144,14,142,True,0.1464708033754991,0.1464708033754995,True
b1.01_float64,4,fixed_tm_a0,diagnostic_m,2,,,0.3397716322113902,0.3397716322113902,
b1.01_float64,4,adaptive_tm,diagnostic_m,2,,,0.26638645170223346,0.26638645170223346,
b1.01_float64,4,fixed_tm_a0,diagnostic_m,4,,,0.22605781747525028,0.22605781747525028,
b1.01_float64,4,adaptive_tm,diagnostic_m,4,,,0.18839803907560565,0.18839803907560565,
b1.01_float64,4,fixed_tm_a0,diagnostic_m,8,,,0.1903258317104548,0.1903258317104548,
b1.01_float64,4,adaptive_tm,diagnostic_m,8,,,0.16065699294209362,0.16065699294209362,
b1.01_float64,5,fixed_tm_a0,48,4,48,True,0.45729576474038136,0.45729576474038147,True
b1.01_float64,5,fixed_tm_a0,80,8,80,True,0.4295028662383889,0.4295028662383891,True
b1.01_float64,5,fixed_tm_a0,144,16,144,True,0.38075195361966296,0.3807519536196632,True
b1.01_float64,5,fourier_low,48,4,48,True,0.4808285753034961,0.48082857530349626,True
b1.01_float64,5,fourier_low,80,8,80,True,0.31183116410845974,0.31183116410846,True
b1.01_float64,5,fourier_low,144,16,144,True,0.21441313323708588,0.21441313323708627,True
b1.01_float64,5,adaptive_tm,48,3,43,True,0.4614275931863506,0.4614275931863506,True
b1.01_float64,5,adaptive_tm,80,7,79,True,0.3951791790225401,0.3951791790225403,True
b1.01_float64,5,adaptive_tm,144,14,142,True,0.3479784523927119,0.3479784523927121,True
b1.01_float64,5,fixed_tm_a0,diagnostic_m,2,,,0.5219518751907681,0.5219518751907681,
b1.01_float64,5,adaptive_tm,diagnostic_m,2,,,0.48477852612237926,0.48477852612237926,
b1.01_float64,5,fixed_tm_a0,diagnostic_m,4,,,0.45729576474038136,0.45729576474038136,
b1.01_float64,5,adaptive_tm,diagnostic_m,4,,,0.4443064367410735,0.4443064367410735,
b1.01_float64,5,fixed_tm_a0,diagnostic_m,8,,,0.4295028662383889,0.4295028662383889,
b1.01_float64,5,adaptive_tm,diagnostic_m,8,,,0.3755263551092426,0.3755263551092426,
b1.01_float64,6,fixed_tm_a0,48,4,48,True,0.0009316228655452339,0.0009316228655455598,True
b1.01_float64,6,fixed_tm_a0,80,8,80,True,0.0008510777367713434,0.0008510777367716695,True
b1.01_float64,6,fixed_tm_a0,144,16,144,True,0.0008137513731344913,0.0008137513731348174,True
b1.01_float64,6,fourier_low,48,4,48,True,0.0005383917280312579,0.0005383917280315842,True
b1.01_float64,6,fourier_low,80,8,80,True,0.000264933121692154,0.0002649331216924803,True
b1.01_float64,6,fourier_low,144,16,144,True,0.00013069113150498648,0.0001306911315053127,True
b1.01_float64,6,adaptive_tm,48,3,43,True,0.0008234145281759364,0.0008234145281762628,True
b1.01_float64,6,adaptive_tm,80,7,79,True,0.0007989682526618137,0.0007989682526621401,True
b1.01_float64,6,adaptive_tm,144,14,142,True,0.0007918123925371933,0.0007918123925375209,True
b1.01_float64,6,fixed_tm_a0,diagnostic_m,2,,,0.0011218705203757335,0.0011218705203757335,
b1.01_float64,6,adaptive_tm,diagnostic_m,2,,,0.0008688293459928053,0.0008688293459928053,
b1.01_float64,6,fixed_tm_a0,diagnostic_m,4,,,0.0009316228655452339,0.0009316228655452339,
b1.01_float64,6,adaptive_tm,diagnostic_m,4,,,0.0008032043048077457,0.0008032043048077457,
b1.01_float64,6,fixed_tm_a0,diagnostic_m,8,,,0.0008510777367713434,0.0008510777367713434,
b1.01_float64,6,adaptive_tm,diagnostic_m,8,,,0.000797316876198353,0.000797316876198353,
b1.01_float64,7,fixed_tm_a0,48,4,48,True,0.2671315294845615,0.26713152948456165,True
b1.01_float64,7,fixed_tm_a0,80,8,80,True,0.18509107759323484,0.18509107759323506,True
b1.01_float64,7,fixed_tm_a0,144,16,144,True,0.1582688128456867,0.15826881284568686,True
b1.01_float64,7,fourier_low,48,4,48,True,0.3138078818991309,0.31380788189913095,True
b1.01_float64,7,fourier_low,80,8,80,True,0.17933360090972036,0.17933360090972056,True
b1.01_float64,7,fourier_low,144,16,144,True,0.1488007703151399,0.1488007703151401,True
b1.01_float64,7,adaptive_tm,48,3,43,True,0.2191270515293646,0.21912705152936485,True
b1.01_float64,7,adaptive_tm,80,7,79,True,0.17756846824575628,0.17756846824575656,True
b1.01_float64,7,adaptive_tm,144,14,142,True,0.1475665535521557,0.14756655355215598,True
b1.01_float64,7,fixed_tm_a0,diagnostic_m,2,,,0.336386921189882,0.336386921189882,
b1.01_float64,7,adaptive_tm,diagnostic_m,2,,,0.24319324153296368,0.24319324153296368,
b1.01_float64,7,fixed_tm_a0,diagnostic_m,4,,,0.2671315294845615,0.2671315294845615,
b1.01_float64,7,adaptive_tm,diagnostic_m,4,,,0.20815634648393755,0.20815634648393755,
b1.01_float64,7,fixed_tm_a0,diagnostic_m,8,,,0.18509107759323484,0.18509107759323484,
b1.01_float64,7,adaptive_tm,diagnostic_m,8,,,0.16902128246755013,0.16902128246755013,
b1.01_float64,8,fixed_tm_a0,48,4,48,True,0.0980426113239438,0.09804261132394429,True
b1.01_float64,8,fixed_tm_a0,80,8,80,True,0.07981006047569522,0.07981006047569572,True
b1.01_float64,8,fixed_tm_a0,144,16,144,True,0.07682454705612894,0.07682454705612947,True
b1.01_float64,8,fourier_low,48,4,48,True,0.09798521093699608,0.09798521093699658,True
b1.01_float64,8,fourier_low,80,8,80,True,0.0627926567763325,0.06279265677633303,True
b1.01_float64,8,fourier_low,144,16,144,True,0.039513905238799635,0.039513905238800155,True
b1.01_float64,8,adaptive_tm,48,3,43,True,0.09330220951414527,0.09330220951414633,True
b1.01_float64,8,adaptive_tm,80,7,79,True,0.07013861742460953,0.07013861742461057,True
b1.01_float64,8,adaptive_tm,144,14,142,True,0.058049933342117964,0.05804993334211899,True
b1.01_float64,8,fixed_tm_a0,diagnostic_m,2,,,0.13333334772807257,0.13333334772807257,
b1.01_float64,8,adaptive_tm,diagnostic_m,2,,,0.1357924723969774,0.1357924723969774,
b1.01_float64,8,fixed_tm_a0,diagnostic_m,4,,,0.0980426113239438,0.0980426113239438,
b1.01_float64,8,adaptive_tm,diagnostic_m,4,,,0.08505154591764014,0.08505154591764014,
b1.01_float64,8,fixed_tm_a0,diagnostic_m,8,,,0.07981006047569522,0.07981006047569522,
b1.01_float64,8,adaptive_tm,diagnostic_m,8,,,0.06492661306699807,0.06492661306699807,
b1.01_float64,9,fixed_tm_a0,48,4,48,True,0.3962767066436871,0.3962767066436871,True
b1.01_float64,9,fixed_tm_a0,80,8,80,True,0.380372463609952,0.380372463609952,True
b1.01_float64,9,fixed_tm_a0,144,16,144,True,0.3498710111199469,0.34987101111994695,True
b1.01_float64,9,fourier_low,48,4,48,True,0.34323455957151483,0.3432345595715149,True
b1.01_float64,9,fourier_low,80,8,80,True,0.2364086785670914,0.23640867856709158,True
b1.01_float64,9,fourier_low,144,16,144,True,0.14506648229023722,0.14506648229023747,True
b1.01_float64,9,adaptive_tm,48,3,43,True,0.3717744025466944,0.371774402546695,True
b1.01_float64,9,adaptive_tm,80,7,79,True,0.3502504717165026,0.35025047171650325,True
b1.01_float64,9,adaptive_tm,144,14,142,True,0.33141429436438047,0.3314142943643811,True
b1.01_float64,9,fixed_tm_a0,diagnostic_m,2,,,0.4736021715623482,0.4736021715623482,
b1.01_float64,9,adaptive_tm,diagnostic_m,2,,,0.398690885563009,0.398690885563009,
b1.01_float64,9,fixed_tm_a0,diagnostic_m,4,,,0.3962767066436871,0.3962767066436871,
b1.01_float64,9,adaptive_tm,diagnostic_m,4,,,0.3614075283433804,0.3614075283433804,
b1.01_float64,9,fixed_tm_a0,diagnostic_m,8,,,0.380372463609952,0.380372463609952,
b1.01_float64,9,adaptive_tm,diagnostic_m,8,,,0.3497748128795326,0.3497748128795326,
b1.01_float64,10,fixed_tm_a0,48,4,48,True,0.3400636507640548,0.3400636507640554,True
b1.01_float64,10,fixed_tm_a0,80,8,80,True,0.3137720869150821,0.3137720869150828,True
b1.01_float64,10,fixed_tm_a0,144,16,144,True,0.28168517118245,0.28168517118245073,True
b1.01_float64,10,fourier_low,48,4,48,True,0.30085390858152516,0.30085390858152583,True
b1.01_float64,10,fourier_low,80,8,80,True,0.2681928104116868,0.26819281041168747,True
b1.01_float64,10,fourier_low,144,16,144,True,0.17090691963735227,0.17090691963735302,True
b1.01_float64,10,adaptive_tm,48,3,43,True,0.30627206249069255,0.30627206249069316,True
b1.01_float64,10,adaptive_tm,80,7,79,True,0.28338201089467224,0.28338201089467285,True
b1.01_float64,10,adaptive_tm,144,14,142,True,0.2697702909462979,0.26977029094629856,True
b1.01_float64,10,fixed_tm_a0,diagnostic_m,2,,,0.3684067201851262,0.3684067201851262,
b1.01_float64,10,adaptive_tm,diagnostic_m,2,,,0.33257979960277007,0.33257979960277007,
b1.01_float64,10,fixed_tm_a0,diagnostic_m,4,,,0.3400636507640548,0.3400636507640548,
b1.01_float64,10,adaptive_tm,diagnostic_m,4,,,0.2999403435303619,0.2999403435303619,
b1.01_float64,10,fixed_tm_a0,diagnostic_m,8,,,0.3137720869150821,0.3137720869150821,
b1.01_float64,10,adaptive_tm,diagnostic_m,8,,,0.28044334898339157,0.28044334898339157,
b1.01_float64,11,fixed_tm_a0,48,4,48,True,0.6357647679901042,0.6357647679901044,True
b1.01_float64,11,fixed_tm_a0,80,8,80,True,0.6120129766996043,0.6120129766996045,True
b1.01_float64,11,fixed_tm_a0,144,16,144,True,0.5361894828856135,0.5361894828856139,True
b1.01_float64,11,fourier_low,48,4,48,True,0.5333582661267722,0.5333582661267724,True
b1.01_float64,11,fourier_low,80,8,80,True,0.3950540995010112,0.39505409950101167,True
b1.01_float64,11,fourier_low,144,16,144,True,0.3174115953001959,0.31741159530019636,True
b1.01_float64,11,adaptive_tm,48,3,43,True,0.6077881599816053,0.6077881599816055,True
b1.01_float64,11,adaptive_tm,80,7,79,True,0.54542043230196,0.5454204323019602,True
b1.01_float64,11,adaptive_tm,144,14,142,True,0.5248009089109761,0.5248009089109764,True
b1.01_float64,11,fixed_tm_a0,diagnostic_m,2,,,0.6478373916486995,0.6478373916486995,
b1.01_float64,11,adaptive_tm,diagnostic_m,2,,,0.6432246425384232,0.6432246425384232,
b1.01_float64,11,fixed_tm_a0,diagnostic_m,4,,,0.6357647679901042,0.6357647679901042,
b1.01_float64,11,adaptive_tm,diagnostic_m,4,,,0.5933860551590905,0.5933860551590905,
b1.01_float64,11,fixed_tm_a0,diagnostic_m,8,,,0.6120129766996043,0.6120129766996043,
b1.01_float64,11,adaptive_tm,diagnostic_m,8,,,0.5411667080939229,0.5411667080939229,
b1.1_float64,0,fixed_tm_a0,48,4,48,True,0.8429337397726799,0.8429337397726799,True
b1.1_float64,0,fixed_tm_a0,80,8,80,True,0.7481079220766687,0.7481079220766688,True
b1.1_float64,0,fixed_tm_a0,144,16,144,True,0.6651045387775365,0.6651045387775368,True
b1.1_float64,0,fourier_low,48,4,48,True,0.8381182145341767,0.838118214534177,True
b1.1_float64,0,fourier_low,80,8,80,True,0.6906201847563118,0.690620184756312,True
b1.1_float64,0,fourier_low,144,16,144,True,0.5422350501782615,0.5422350501782618,True
b1.1_float64,0,adaptive_tm,48,3,43,True,0.7745046438321199,0.7745046438321199,True
b1.1_float64,0,adaptive_tm,80,7,79,True,0.7030473560537134,0.7030473560537136,True
b1.1_float64,0,adaptive_tm,144,14,142,True,0.6585265347712623,0.6585265347712626,True
b1.1_float64,0,fixed_tm_a0,diagnostic_m,2,,,0.8738095901270626,0.8738095901270626,
b1.1_float64,0,adaptive_tm,diagnostic_m,2,,,0.8188488602225117,0.8188488602225117,
b1.1_float64,0,fixed_tm_a0,diagnostic_m,4,,,0.8429337397726799,0.8429337397726799,
b1.1_float64,0,adaptive_tm,diagnostic_m,4,,,0.7502049397517011,0.7502049397517011,
b1.1_float64,0,fixed_tm_a0,diagnostic_m,8,,,0.7481079220766687,0.7481079220766687,
b1.1_float64,0,adaptive_tm,diagnostic_m,8,,,0.6945006542572769,0.6945006542572769,
b1.1_float64,1,fixed_tm_a0,48,4,48,True,0.816284005546255,0.816284005546255,True
b1.1_float64,1,fixed_tm_a0,80,8,80,True,0.7392331742629172,0.7392331742629172,True
b1.1_float64,1,fixed_tm_a0,144,16,144,True,0.6446395885848777,0.6446395885848779,True
b1.1_float64,1,fourier_low,48,4,48,True,0.7962302489153656,0.7962302489153656,True
b1.1_float64,1,fourier_low,80,8,80,True,0.7389738365348152,0.7389738365348153,True
b1.1_float64,1,fourier_low,144,16,144,True,0.5326861486342198,0.5326861486342203,True
b1.1_float64,1,adaptive_tm,48,3,43,True,0.806346189829141,0.8063461898291411,True
b1.1_float64,1,adaptive_tm,80,7,79,True,0.705317008348964,0.7053170083489643,True
b1.1_float64,1,adaptive_tm,144,14,142,True,0.6476829638342528,0.6476829638342532,True
b1.1_float64,1,fixed_tm_a0,diagnostic_m,2,,,0.8812033002299867,0.8812033002299867,
b1.1_float64,1,adaptive_tm,diagnostic_m,2,,,0.8381000486443433,0.8381000486443433,
b1.1_float64,1,fixed_tm_a0,diagnostic_m,4,,,0.816284005546255,0.816284005546255,
b1.1_float64,1,adaptive_tm,diagnostic_m,4,,,0.7703145832771907,0.7703145832771907,
b1.1_float64,1,fixed_tm_a0,diagnostic_m,8,,,0.7392331742629172,0.7392331742629172,
b1.1_float64,1,adaptive_tm,diagnostic_m,8,,,0.6916659897251534,0.6916659897251534,
b1.1_float64,2,fixed_tm_a0,48,4,48,True,0.8025448203863781,0.8025448203863783,True
b1.1_float64,2,fixed_tm_a0,80,8,80,True,0.711644194840038,0.7116441948400383,True
b1.1_float64,2,fixed_tm_a0,144,16,144,True,0.6433401513450534,0.6433401513450535,True
b1.1_float64,2,fourier_low,48,4,48,True,0.7358409253120213,0.7358409253120215,True
b1.1_float64,2,fourier_low,80,8,80,True,0.5779129016615572,0.5779129016615576,True
b1.1_float64,2,fourier_low,144,16,144,True,0.4427443062738162,0.4427443062738166,True
b1.1_float64,2,adaptive_tm,48,3,43,True,0.7428331310064062,0.7428331310064064,True
b1.1_float64,2,adaptive_tm,80,7,79,True,0.6786651520684597,0.6786651520684599,True
b1.1_float64,2,adaptive_tm,144,14,142,True,0.6341559861681048,0.634155986168105,True
b1.1_float64,2,fixed_tm_a0,diagnostic_m,2,,,0.8725837891324345,0.8725837891324345,
b1.1_float64,2,adaptive_tm,diagnostic_m,2,,,0.7850191237711139,0.7850191237711139,
b1.1_float64,2,fixed_tm_a0,diagnostic_m,4,,,0.8025448203863781,0.8025448203863781,
b1.1_float64,2,adaptive_tm,diagnostic_m,4,,,0.7231422970459942,0.7231422970459942,
b1.1_float64,2,fixed_tm_a0,diagnostic_m,8,,,0.711644194840038,0.711644194840038,
b1.1_float64,2,adaptive_tm,diagnostic_m,8,,,0.6703573927345541,0.6703573927345541,
b1.1_float64,3,fixed_tm_a0,48,4,48,True,0.7182792433911039,0.718279243391104,True
b1.1_float64,3,fixed_tm_a0,80,8,80,True,0.6374773474054387,0.6374773474054387,True
b1.1_float64,3,fixed_tm_a0,144,16,144,True,0.5573041386708599,0.5573041386708599,True
b1.1_float64,3,fourier_low,48,4,48,True,0.6619964357103665,0.6619964357103665,True
b1.1_float64,3,fourier_low,80,8,80,True,0.45187067407716747,0.45187067407716747,True
b1.1_float64,3,fourier_low,144,16,144,True,0.35700887108691026,0.35700887108691043,True
b1.1_float64,3,adaptive_tm,48,3,43,True,0.6924825191581289,0.692482519158129,True
b1.1_float64,3,adaptive_tm,80,7,79,True,0.5927177551683476,0.592717755168348,True
b1.1_float64,3,adaptive_tm,144,14,142,True,0.5515537363938564,0.5515537363938567,True
b1.1_float64,3,fixed_tm_a0,diagnostic_m,2,,,0.7896401151245281,0.7896401151245281,
b1.1_float64,3,adaptive_tm,diagnostic_m,2,,,0.7325161973950709,0.7325161973950709,
b1.1_float64,3,fixed_tm_a0,diagnostic_m,4,,,0.7182792433911039,0.7182792433911039,
b1.1_float64,3,adaptive_tm,diagnostic_m,4,,,0.6394931867033239,0.6394931867033239,
b1.1_float64,3,fixed_tm_a0,diagnostic_m,8,,,0.6374773474054387,0.6374773474054387,
b1.1_float64,3,adaptive_tm,diagnostic_m,8,,,0.5842259752578516,0.5842259752578516,
b1.1_float64,4,fixed_tm_a0,48,4,48,True,0.7945006661833043,0.7945006661833043,True
b1.1_float64,4,fixed_tm_a0,80,8,80,True,0.7138923957635244,0.7138923957635245,True
b1.1_float64,4,fixed_tm_a0,144,16,144,True,0.6299795035311213,0.6299795035311214,True
b1.1_float64,4,fourier_low,48,4,48,True,0.7500331597526819,0.750033159752682,True
b1.1_float64,4,fourier_low,80,8,80,True,0.5496327276980384,0.5496327276980386,True
b1.1_float64,4,fourier_low,144,16,144,True,0.35574826989429353,0.35574826989429387,True
b1.1_float64,4,adaptive_tm,48,3,43,True,0.7439697055953851,0.7439697055953851,True
b1.1_float64,4,adaptive_tm,80,7,79,True,0.6436329390217054,0.6436329390217057,True
b1.1_float64,4,adaptive_tm,144,14,142,True,0.6082112018985467,0.6082112018985469,True
b1.1_float64,4,fixed_tm_a0,diagnostic_m,2,,,0.8658742656050825,0.8658742656050825,
b1.1_float64,4,adaptive_tm,diagnostic_m,2,,,0.7905189421272993,0.7905189421272993,
b1.1_float64,4,fixed_tm_a0,diagnostic_m,4,,,0.7945006661833043,0.7945006661833043,
b1.1_float64,4,adaptive_tm,diagnostic_m,4,,,0.7117857003243281,0.7117857003243281,
b1.1_float64,4,fixed_tm_a0,diagnostic_m,8,,,0.7138923957635244,0.7138923957635244,
b1.1_float64,4,adaptive_tm,diagnostic_m,8,,,0.639106469704719,0.639106469704719,
b1.1_float64,5,fixed_tm_a0,48,4,48,True,0.8882898277521283,0.8882898277521283,True
b1.1_float64,5,fixed_tm_a0,80,8,80,True,0.7253416180582419,0.7253416180582422,True
b1.1_float64,5,fixed_tm_a0,144,16,144,True,0.6289996754051116,0.6289996754051117,True
b1.1_float64,5,fourier_low,48,4,48,True,0.8812592338996028,0.8812592338996029,True
b1.1_float64,5,fourier_low,80,8,80,True,0.7130698675587223,0.7130698675587224,True
b1.1_float64,5,fourier_low,144,16,144,True,0.46742896508510956,0.4674289650851099,True
b1.1_float64,5,adaptive_tm,48,3,43,True,0.791750688375299,0.7917506883752995,True
b1.1_float64,5,adaptive_tm,80,7,79,True,0.6883058219471423,0.6883058219471427,True
b1.1_float64,5,adaptive_tm,144,14,142,True,0.627287104312917,0.6272871043129176,True
b1.1_float64,5,fixed_tm_a0,diagnostic_m,2,,,0.9179926103996907,0.9179926103996907,
b1.1_float64,5,adaptive_tm,diagnostic_m,2,,,0.8495198488797404,0.8495198488797404,
b1.1_float64,5,fixed_tm_a0,diagnostic_m,4,,,0.8882898277521283,0.8882898277521283,
b1.1_float64,5,adaptive_tm,diagnostic_m,4,,,0.7638399792884007,0.7638399792884007,
b1.1_float64,5,fixed_tm_a0,diagnostic_m,8,,,0.7253416180582419,0.7253416180582419,
b1.1_float64,5,adaptive_tm,diagnostic_m,8,,,0.6776473374729846,0.6776473374729846,
b1.1_float64,6,fixed_tm_a0,48,4,48,True,0.7511887906293956,0.7511887906293957,True
b1.1_float64,6,fixed_tm_a0,80,8,80,True,0.7242354461286247,0.7242354461286248,True
b1.1_float64,6,fixed_tm_a0,144,16,144,True,0.5865396971307264,0.5865396971307268,True
b1.1_float64,6,fourier_low,48,4,48,True,0.7027140786174448,0.7027140786174451,True
b1.1_float64,6,fourier_low,80,8,80,True,0.6305016409051123,0.6305016409051125,True
b1.1_float64,6,fourier_low,144,16,144,True,0.4960700291723058,0.49607002917230625,True
b1.1_float64,6,adaptive_tm,48,3,43,True,0.7216072683391498,0.7216072683391499,True
b1.1_float64,6,adaptive_tm,80,7,79,True,0.6467718049098804,0.6467718049098808,True
b1.1_float64,6,adaptive_tm,144,14,142,True,0.56455121840626,0.5645512184062603,True
b1.1_float64,6,fixed_tm_a0,diagnostic_m,2,,,0.8129828490752664,0.8129828490752664,
b1.1_float64,6,adaptive_tm,diagnostic_m,2,,,0.7357144983209072,0.7357144983209072,
b1.1_float64,6,fixed_tm_a0,diagnostic_m,4,,,0.7511887906293956,0.7511887906293956,
b1.1_float64,6,adaptive_tm,diagnostic_m,4,,,0.7003194955993723,0.7003194955993723,
b1.1_float64,6,fixed_tm_a0,diagnostic_m,8,,,0.7242354461286247,0.7242354461286247,
b1.1_float64,6,adaptive_tm,diagnostic_m,8,,,0.6272064314227291,0.6272064314227291,
b1.1_float64,7,fixed_tm_a0,48,4,48,True,0.7629958765735732,0.7629958765735733,True
b1.1_float64,7,fixed_tm_a0,80,8,80,True,0.6581308695428718,0.658130869542872,True
b1.1_float64,7,fixed_tm_a0,144,16,144,True,0.5959658299680863,0.5959658299680866,True
b1.1_float64,7,fourier_low,48,4,48,True,0.6945162695661777,0.6945162695661777,True
b1.1_float64,7,fourier_low,80,8,80,True,0.6339107575125151,0.6339107575125154,True
b1.1_float64,7,fourier_low,144,16,144,True,0.38814354870428636,0.3881435487042867,True
b1.1_float64,7,adaptive_tm,48,3,43,True,0.7085300500693197,0.7085300500693199,True
b1.1_float64,7,adaptive_tm,80,7,79,True,0.5966845390116979,0.596684539011698,True
b1.1_float64,7,adaptive_tm,144,14,142,True,0.5650534122391102,0.5650534122391104,True
b1.1_float64,7,fixed_tm_a0,diagnostic_m,2,,,0.8027490296167252,0.8027490296167252,
b1.1_float64,7,adaptive_tm,diagnostic_m,2,,,0.7385240809465021,0.7385240809465021,
b1.1_float64,7,fixed_tm_a0,diagnostic_m,4,,,0.7629958765735732,0.7629958765735732,
b1.1_float64,7,adaptive_tm,diagnostic_m,4,,,0.674760713625143,0.674760713625143,
b1.1_float64,7,fixed_tm_a0,diagnostic_m,8,,,0.6581308695428718,0.6581308695428718,
b1.1_float64,7,adaptive_tm,diagnostic_m,8,,,0.5868339514124902,0.5868339514124902,
b1.1_float64,8,fixed_tm_a0,48,4,48,True,0.6863022406994872,0.6863022406994874,True
b1.1_float64,8,fixed_tm_a0,80,8,80,True,0.631618207688907,0.6316182076889072,True
b1.1_float64,8,fixed_tm_a0,144,16,144,True,0.5881156148753205,0.5881156148753208,True
b1.1_float64,8,fourier_low,48,4,48,True,0.6426847366717594,0.6426847366717596,True
b1.1_float64,8,fourier_low,80,8,80,True,0.5024891810675555,0.5024891810675558,True
b1.1_float64,8,fourier_low,144,16,144,True,0.39057099582140986,0.3905709958214103,True
b1.1_float64,8,adaptive_tm,48,3,43,True,0.6661828787182067,0.6661828787182069,True
b1.1_float64,8,adaptive_tm,80,7,79,True,0.6137355804422215,0.6137355804422218,True
b1.1_float64,8,adaptive_tm,144,14,142,True,0.573480879154759,0.5734808791547593,True
b1.1_float64,8,fixed_tm_a0,diagnostic_m,2,,,0.7298367006463932,0.7298367006463932,
b1.1_float64,8,adaptive_tm,diagnostic_m,2,,,0.7033474583123618,0.7033474583123618,
b1.1_float64,8,fixed_tm_a0,diagnostic_m,4,,,0.6863022406994872,0.6863022406994872,
b1.1_float64,8,adaptive_tm,diagnostic_m,4,,,0.6453475554916173,0.6453475554916173,
b1.1_float64,8,fixed_tm_a0,diagnostic_m,8,,,0.631618207688907,0.631618207688907,
b1.1_float64,8,adaptive_tm,diagnostic_m,8,,,0.6075619362567386,0.6075619362567386,
b1.1_float64,9,fixed_tm_a0,48,4,48,True,0.6497388838840186,0.6497388838840186,True
b1.1_float64,9,fixed_tm_a0,80,8,80,True,0.5697465259995768,0.5697465259995769,True
b1.1_float64,9,fixed_tm_a0,144,16,144,True,0.5290965719891307,0.5290965719891308,True
b1.1_float64,9,fourier_low,48,4,48,True,0.6663237370761432,0.6663237370761432,True
b1.1_float64,9,fourier_low,80,8,80,True,0.5993456259461973,0.5993456259461973,True
b1.1_float64,9,fourier_low,144,16,144,True,0.30266861539615064,0.30266861539615086,True
b1.1_float64,9,adaptive_tm,48,3,43,True,0.596601348209052,0.5966013482090522,True
b1.1_float64,9,adaptive_tm,80,7,79,True,0.5442226701328022,0.5442226701328026,True
b1.1_float64,9,adaptive_tm,144,14,142,True,0.5173804846756385,0.5173804846756388,True
b1.1_float64,9,fixed_tm_a0,diagnostic_m,2,,,0.7122576871132335,0.7122576871132335,
b1.1_float64,9,adaptive_tm,diagnostic_m,2,,,0.6486305972068709,0.6486305972068709,
b1.1_float64,9,fixed_tm_a0,diagnostic_m,4,,,0.6497388838840186,0.6497388838840186,
b1.1_float64,9,adaptive_tm,diagnostic_m,4,,,0.5730665843087855,0.5730665843087855,
b1.1_float64,9,fixed_tm_a0,diagnostic_m,8,,,0.5697465259995768,0.5697465259995768,
b1.1_float64,9,adaptive_tm,diagnostic_m,8,,,0.540026828358539,0.540026828358539,
b1.1_float64,10,fixed_tm_a0,48,4,48,True,0.5234546474061852,0.5234546474061854,True
b1.1_float64,10,fixed_tm_a0,80,8,80,True,0.492985819339515,0.49298581933951535,True
b1.1_float64,10,fixed_tm_a0,144,16,144,True,0.4276522650302909,0.4276522650302912,True
b1.1_float64,10,fourier_low,48,4,48,True,0.5230017455630138,0.523001745563014,True
b1.1_float64,10,fourier_low,80,8,80,True,0.35898879463568856,0.358988794635689,True
b1.1_float64,10,fourier_low,144,16,144,True,0.24627379217771897,0.2462737921777195,True
b1.1_float64,10,adaptive_tm,48,3,43,True,0.49394134180784943,0.4939413418078496,True
b1.1_float64,10,adaptive_tm,80,7,79,True,0.44167413522741605,0.4416741352274163,True
b1.1_float64,10,adaptive_tm,144,14,142,True,0.41962434131496285,0.41962434131496307,True
b1.1_float64,10,fixed_tm_a0,diagnostic_m,2,,,0.5338287958398245,0.5338287958398245,
b1.1_float64,10,adaptive_tm,diagnostic_m,2,,,0.5252135729762297,0.5252135729762297,
b1.1_float64,10,fixed_tm_a0,diagnostic_m,4,,,0.5234546474061852,0.5234546474061852,
b1.1_float64,10,adaptive_tm,diagnostic_m,4,,,0.4722018051697068,0.4722018051697068,
b1.1_float64,10,fixed_tm_a0,diagnostic_m,8,,,0.492985819339515,0.492985819339515,
b1.1_float64,10,adaptive_tm,diagnostic_m,8,,,0.4354497825052335,0.4354497825052335,
b1.1_float64,11,fixed_tm_a0,48,4,48,True,0.6214496469144664,0.6214496469144666,True
b1.1_float64,11,fixed_tm_a0,80,8,80,True,0.545157726958122,0.5451577269581223,True
b1.1_float64,11,fixed_tm_a0,144,16,144,True,0.4729829433666781,0.47298294336667834,True
b1.1_float64,11,fourier_low,48,4,48,True,0.5832741051200709,0.5832741051200712,True
b1.1_float64,11,fourier_low,80,8,80,True,0.5211039438077987,0.521103943807799,True
b1.1_float64,11,fourier_low,144,16,144,True,0.35423342145406633,0.3542334214540668,True
b1.1_float64,11,adaptive_tm,48,3,43,True,0.6193459929973771,0.6193459929973772,True
b1.1_float64,11,adaptive_tm,80,7,79,True,0.5236997034847702,0.5236997034847704,True
b1.1_float64,11,adaptive_tm,144,14,142,True,0.45720442943340167,0.4572044294334019,True
b1.1_float64,11,fixed_tm_a0,diagnostic_m,2,,,0.7591497754326395,0.7591497754326395,
b1.1_float64,11,adaptive_tm,diagnostic_m,2,,,0.6560307884735882,0.6560307884735882,
b1.1_float64,11,fixed_tm_a0,diagnostic_m,4,,,0.6214496469144664,0.6214496469144664,
b1.1_float64,11,adaptive_tm,diagnostic_m,4,,,0.5928485249214401,0.5928485249214401,
b1.1_float64,11,fixed_tm_a0,diagnostic_m,8,,,0.545157726958122,0.545157726958122,
b1.1_float64,11,adaptive_tm,diagnostic_m,8,,,0.517454239367138,0.517454239367138,
b1.5_float64,0,fixed_tm_a0,48,4,48,True,0.9104180614307449,0.910418061430745,True
b1.5_float64,0,fixed_tm_a0,80,8,80,True,0.8261085008652806,0.8261085008652808,True
b1.5_float64,0,fixed_tm_a0,144,16,144,True,0.7593445025991061,0.7593445025991064,True
b1.5_float64,0,fourier_low,48,4,48,True,0.9183279694296816,0.9183279694296818,True
b1.5_float64,0,fourier_low,80,8,80,True,0.8249176310985402,0.8249176310985404,True
b1.5_float64,0,fourier_low,144,16,144,True,0.6920134369106943,0.6920134369106944,True
b1.5_float64,0,adaptive_tm,48,3,43,True,0.876019376291993,0.876019376291993,True
b1.5_float64,0,adaptive_tm,80,7,79,True,0.8169529249741583,0.8169529249741583,True
b1.5_float64,0,adaptive_tm,144,14,142,True,0.7366410360400609,0.736641036040061,True
b1.5_float64,0,fixed_tm_a0,diagnostic_m,2,,,0.9643711756807245,0.9643711756807245,
b1.5_float64,0,adaptive_tm,diagnostic_m,2,,,0.9054330655348687,0.9054330655348687,
b1.5_float64,0,fixed_tm_a0,diagnostic_m,4,,,0.9104180614307449,0.9104180614307449,
b1.5_float64,0,adaptive_tm,diagnostic_m,4,,,0.8644498644026204,0.8644498644026204,
b1.5_float64,0,fixed_tm_a0,diagnostic_m,8,,,0.8261085008652806,0.8261085008652806,
b1.5_float64,0,adaptive_tm,diagnostic_m,8,,,0.8021379118739732,0.8021379118739732,
b1.5_float64,1,fixed_tm_a0,48,4,48,True,0.9825867575402771,0.9825867575402771,True
b1.5_float64,1,fixed_tm_a0,80,8,80,True,0.9086520907157034,0.9086520907157036,True
b1.5_float64,1,fixed_tm_a0,144,16,144,True,0.6918007236908714,0.6918007236908714,True
b1.5_float64,1,fourier_low,48,4,48,True,0.9716185177563206,0.9716185177563206,True
b1.5_float64,1,fourier_low,80,8,80,True,0.9060178854750462,0.9060178854750464,True
b1.5_float64,1,fourier_low,144,16,144,True,0.7098815428766716,0.7098815428766718,True
b1.5_float64,1,adaptive_tm,48,3,43,True,0.8824550340918254,0.8824550340918254,True
b1.5_float64,1,adaptive_tm,80,7,79,True,0.7844566739374557,0.7844566739374559,True
b1.5_float64,1,adaptive_tm,144,14,142,True,0.6945072739004199,0.6945072739004202,True
b1.5_float64,1,fixed_tm_a0,diagnostic_m,2,,,0.9934688453782463,0.9934688453782463,
b1.5_float64,1,adaptive_tm,diagnostic_m,2,,,0.9315522994335749,0.9315522994335749,
b1.5_float64,1,fixed_tm_a0,diagnostic_m,4,,,0.9825867575402771,0.9825867575402771,
b1.5_float64,1,adaptive_tm,diagnostic_m,4,,,0.8435613830794727,0.8435613830794727,
b1.5_float64,1,fixed_tm_a0,diagnostic_m,8,,,0.9086520907157034,0.9086520907157034,
b1.5_float64,1,adaptive_tm,diagnostic_m,8,,,0.7683848121839018,0.7683848121839018,
b1.5_float64,2,fixed_tm_a0,48,4,48,True,0.9475883275580107,0.9475883275580106,True
b1.5_float64,2,fixed_tm_a0,80,8,80,True,0.8876619951979219,0.8876619951979219,True
b1.5_float64,2,fixed_tm_a0,144,16,144,True,0.832439375839604,0.832439375839604,True
b1.5_float64,2,fourier_low,48,4,48,True,0.9525833211812768,0.9525833211812769,True
b1.5_float64,2,fourier_low,80,8,80,True,0.9010391456691618,0.901039145669162,True
b1.5_float64,2,fourier_low,144,16,144,True,0.743485740507164,0.7434857405071642,True
b1.5_float64,2,adaptive_tm,48,3,43,True,0.9102590970202553,0.9102590970202553,True
b1.5_float64,2,adaptive_tm,80,7,79,True,0.867179468224194,0.8671794682241941,True
b1.5_float64,2,adaptive_tm,144,14,142,True,0.8042178465255488,0.804217846525549,True
b1.5_float64,2,fixed_tm_a0,diagnostic_m,2,,,0.966927506924596,0.966927506924596,
b1.5_float64,2,adaptive_tm,diagnostic_m,2,,,0.9276582546266989,0.9276582546266989,
b1.5_float64,2,fixed_tm_a0,diagnostic_m,4,,,0.9475883275580107,0.9475883275580107,
b1.5_float64,2,adaptive_tm,diagnostic_m,4,,,0.899855295840301,0.899855295840301,
b1.5_float64,2,fixed_tm_a0,diagnostic_m,8,,,0.8876619951979219,0.8876619951979219,
b1.5_float64,2,adaptive_tm,diagnostic_m,8,,,0.8593243673520385,0.8593243673520385,
b1.5_float64,3,fixed_tm_a0,48,4,48,True,0.9400528091028717,0.9400528091028717,True
b1.5_float64,3,fixed_tm_a0,80,8,80,True,0.9091711364293162,0.9091711364293164,True
b1.5_float64,3,fixed_tm_a0,144,16,144,True,0.8554525669236087,0.8554525669236088,True
b1.5_float64,3,fourier_low,48,4,48,True,0.9455978750073568,0.9455978750073568,True
b1.5_float64,3,fourier_low,80,8,80,True,0.8723620689130329,0.8723620689130329,True
b1.5_float64,3,fourier_low,144,16,144,True,0.7782080286387666,0.7782080286387666,True
b1.5_float64,3,adaptive_tm,48,3,43,True,0.929083253675317,0.9290832536753171,True
b1.5_float64,3,adaptive_tm,80,7,79,True,0.8874254416861078,0.8874254416861078,True
b1.5_float64,3,adaptive_tm,144,14,142,True,0.811302585861893,0.8113025858618932,True
b1.5_float64,3,fixed_tm_a0,diagnostic_m,2,,,0.9664903839065612,0.9664903839065612,
b1.5_float64,3,adaptive_tm,diagnostic_m,2,,,0.9376295701512751,0.9376295701512751,
b1.5_float64,3,fixed_tm_a0,diagnostic_m,4,,,0.9400528091028717,0.9400528091028717,
b1.5_float64,3,adaptive_tm,diagnostic_m,4,,,0.9185260729177517,0.9185260729177517,
b1.5_float64,3,fixed_tm_a0,diagnostic_m,8,,,0.9091711364293162,0.9091711364293162,
b1.5_float64,3,adaptive_tm,diagnostic_m,8,,,0.8770570368791752,0.8770570368791752,
b1.5_float64,4,fixed_tm_a0,48,4,48,True,0.9065344066899237,0.906534406689924,True
b1.5_float64,4,fixed_tm_a0,80,8,80,True,0.8108882519163021,0.8108882519163023,True
b1.5_float64,4,fixed_tm_a0,144,16,144,True,0.7196167454796967,0.7196167454796969,True
b1.5_float64,4,fourier_low,48,4,48,True,0.946603990480634,0.946603990480634,True
b1.5_float64,4,fourier_low,80,8,80,True,0.8708061892854326,0.8708061892854327,True
b1.5_float64,4,fourier_low,144,16,144,True,0.6792044938903474,0.6792044938903475,True
b1.5_float64,4,adaptive_tm,48,3,43,True,0.8923759033897913,0.8923759033897913,True
b1.5_float64,4,adaptive_tm,80,7,79,True,0.7931052691509074,0.7931052691509076,True
b1.5_float64,4,adaptive_tm,144,14,142,True,0.7117292435322248,0.7117292435322249,True
b1.5_float64,4,fixed_tm_a0,diagnostic_m,2,,,0.9636672867499103,0.9636672867499103,
b1.5_float64,4,adaptive_tm,diagnostic_m,2,,,0.9293804732883763,0.9293804732883763,
b1.5_float64,4,fixed_tm_a0,diagnostic_m,4,,,0.9065344066899237,0.9065344066899237,
b1.5_float64,4,adaptive_tm,diagnostic_m,4,,,0.858050549466517,0.858050549466517,
b1.5_float64,4,fixed_tm_a0,diagnostic_m,8,,,0.8108882519163021,0.8108882519163021,
b1.5_float64,4,adaptive_tm,diagnostic_m,8,,,0.7808150306233463,0.7808150306233463,
b1.5_float64,5,fixed_tm_a0,48,4,48,True,0.9137826431226521,0.9137826431226521,True
b1.5_float64,5,fixed_tm_a0,80,8,80,True,0.8866820962542029,0.8866820962542028,True
b1.5_float64,5,fixed_tm_a0,144,16,144,True,0.7788145941746355,0.7788145941746357,True
b1.5_float64,5,fourier_low,48,4,48,True,0.8822284145023918,0.8822284145023918,True
b1.5_float64,5,fourier_low,80,8,80,True,0.8624790475533317,0.8624790475533316,True
b1.5_float64,5,fourier_low,144,16,144,True,0.7378759841193049,0.7378759841193051,True
b1.5_float64,5,adaptive_tm,48,3,43,True,0.880478506516072,0.8804785065160721,True
b1.5_float64,5,adaptive_tm,80,7,79,True,0.8167483592246385,0.8167483592246385,True
b1.5_float64,5,adaptive_tm,144,14,142,True,0.7771952761918828,0.777195276191883,True
b1.5_float64,5,fixed_tm_a0,diagnostic_m,2,,,0.933431258913359,0.933431258913359,
b1.5_float64,5,adaptive_tm,diagnostic_m,2,,,0.9188906504103884,0.9188906504103884,
b1.5_float64,5,fixed_tm_a0,diagnostic_m,4,,,0.9137826431226521,0.9137826431226521,
b1.5_float64,5,adaptive_tm,diagnostic_m,4,,,0.8605066599187015,0.8605066599187015,
b1.5_float64,5,fixed_tm_a0,diagnostic_m,8,,,0.8866820962542029,0.8866820962542029,
b1.5_float64,5,adaptive_tm,diagnostic_m,8,,,0.81146325076723,0.81146325076723,
b1.5_float64,6,fixed_tm_a0,48,4,48,True,0.9372969723147936,0.9372969723147937,True
b1.5_float64,6,fixed_tm_a0,80,8,80,True,0.8796022307044421,0.8796022307044422,True
b1.5_float64,6,fixed_tm_a0,144,16,144,True,0.7871537767803383,0.7871537767803385,True
b1.5_float64,6,fourier_low,48,4,48,True,0.9371486698788529,0.937148669878853,True
b1.5_float64,6,fourier_low,80,8,80,True,0.9004463714680544,0.9004463714680545,True
b1.5_float64,6,fourier_low,144,16,144,True,0.7299753777027163,0.7299753777027165,True
b1.5_float64,6,adaptive_tm,48,3,43,True,0.9055315128513086,0.9055315128513086,True
b1.5_float64,6,adaptive_tm,80,7,79,True,0.8400520231783776,0.8400520231783777,True
b1.5_float64,6,adaptive_tm,144,14,142,True,0.7641309466767037,0.7641309466767038,True
b1.5_float64,6,fixed_tm_a0,diagnostic_m,2,,,0.9522935807987444,0.9522935807987444,
b1.5_float64,6,adaptive_tm,diagnostic_m,2,,,0.9350360687620138,0.9350360687620138,
b1.5_float64,6,fixed_tm_a0,diagnostic_m,4,,,0.9372969723147936,0.9372969723147936,
b1.5_float64,6,adaptive_tm,diagnostic_m,4,,,0.877327620893953,0.877327620893953,
b1.5_float64,6,fixed_tm_a0,diagnostic_m,8,,,0.8796022307044421,0.8796022307044421,
b1.5_float64,6,adaptive_tm,diagnostic_m,8,,,0.8306301713660071,0.8306301713660071,
b1.5_float64,7,fixed_tm_a0,48,4,48,True,0.936473138007343,0.9364731380073428,True
b1.5_float64,7,fixed_tm_a0,80,8,80,True,0.876503696229948,0.876503696229948,True
b1.5_float64,7,fixed_tm_a0,144,16,144,True,0.7509740403087097,0.7509740403087098,True
b1.5_float64,7,fourier_low,48,4,48,True,0.9309527860741811,0.9309527860741811,True
b1.5_float64,7,fourier_low,80,8,80,True,0.82377068354985,0.8237706835498501,True
b1.5_float64,7,fourier_low,144,16,144,True,0.7740121720177771,0.7740121720177774,True
b1.5_float64,7,adaptive_tm,48,3,43,True,0.8961738394319374,0.8961738394319376,True
b1.5_float64,7,adaptive_tm,80,7,79,True,0.8391444390538783,0.8391444390538783,True
b1.5_float64,7,adaptive_tm,144,14,142,True,0.7468217430189305,0.7468217430189306,True
b1.5_float64,7,fixed_tm_a0,diagnostic_m,2,,,0.9609865417611041,0.9609865417611041,
b1.5_float64,7,adaptive_tm,diagnostic_m,2,,,0.9229302478249948,0.9229302478249948,
b1.5_float64,7,fixed_tm_a0,diagnostic_m,4,,,0.936473138007343,0.936473138007343,
b1.5_float64,7,adaptive_tm,diagnostic_m,4,,,0.8823643654669512,0.8823643654669512,
b1.5_float64,7,fixed_tm_a0,diagnostic_m,8,,,0.876503696229948,0.876503696229948,
b1.5_float64,7,adaptive_tm,diagnostic_m,8,,,0.8272090900855837,0.8272090900855837,
b1.5_float64,8,fixed_tm_a0,48,4,48,True,0.9675040783265952,0.9675040783265954,True
b1.5_float64,8,fixed_tm_a0,80,8,80,True,0.9194943527110071,0.919494352711007,True
b1.5_float64,8,fixed_tm_a0,144,16,144,True,0.8253549259732692,0.8253549259732692,True
b1.5_float64,8,fourier_low,48,4,48,True,0.9680324278024367,0.9680324278024367,True
b1.5_float64,8,fourier_low,80,8,80,True,0.9086069271144501,0.9086069271144502,True
b1.5_float64,8,fourier_low,144,16,144,True,0.7932032209246573,0.7932032209246573,True
b1.5_float64,8,adaptive_tm,48,3,43,True,0.9392057967985138,0.9392057967985139,True
b1.5_float64,8,adaptive_tm,80,7,79,True,0.8980127761826164,0.8980127761826164,True
b1.5_float64,8,adaptive_tm,144,14,142,True,0.7969367885987101,0.7969367885987102,True
b1.5_float64,8,fixed_tm_a0,diagnostic_m,2,,,0.9780422707991961,0.9780422707991961,
b1.5_float64,8,adaptive_tm,diagnostic_m,2,,,0.9578121418607549,0.9578121418607549,
b1.5_float64,8,fixed_tm_a0,diagnostic_m,4,,,0.9675040783265952,0.9675040783265952,
b1.5_float64,8,adaptive_tm,diagnostic_m,4,,,0.9242890546865343,0.9242890546865343,
b1.5_float64,8,fixed_tm_a0,diagnostic_m,8,,,0.9194943527110071,0.9194943527110071,
b1.5_float64,8,adaptive_tm,diagnostic_m,8,,,0.8887041835985192,0.8887041835985192,
b1.5_float64,9,fixed_tm_a0,48,4,48,True,0.9730092110564403,0.9730092110564404,True
b1.5_float64,9,fixed_tm_a0,80,8,80,True,0.9101489755497412,0.9101489755497412,True
b1.5_float64,9,fixed_tm_a0,144,16,144,True,0.8223262438867944,0.8223262438867945,True
b1.5_float64,9,fourier_low,48,4,48,True,0.9481044232081346,0.9481044232081348,True
b1.5_float64,9,fourier_low,80,8,80,True,0.929026020815234,0.9290260208152339,True
b1.5_float64,9,fourier_low,144,16,144,True,0.8368264702903155,0.8368264702903156,True
b1.5_float64,9,adaptive_tm,48,3,43,True,0.9388455045021025,0.9388455045021025,True
b1.5_float64,9,adaptive_tm,80,7,79,True,0.8773227526142853,0.8773227526142853,True
b1.5_float64,9,adaptive_tm,144,14,142,True,0.8235247997594269,0.823524799759427,True
b1.5_float64,9,fixed_tm_a0,diagnostic_m,2,,,0.9874019539037762,0.9874019539037762,
b1.5_float64,9,adaptive_tm,diagnostic_m,2,,,0.960008020496406,0.960008020496406,
b1.5_float64,9,fixed_tm_a0,diagnostic_m,4,,,0.9730092110564403,0.9730092110564403,
b1.5_float64,9,adaptive_tm,diagnostic_m,4,,,0.9290468813198413,0.9290468813198413,
b1.5_float64,9,fixed_tm_a0,diagnostic_m,8,,,0.9101489755497412,0.9101489755497412,
b1.5_float64,9,adaptive_tm,diagnostic_m,8,,,0.8672690058689423,0.8672690058689423,
b1.5_float64,10,fixed_tm_a0,48,4,48,True,0.9402595156001725,0.9402595156001725,True
b1.5_float64,10,fixed_tm_a0,80,8,80,True,0.9057931394153681,0.9057931394153682,True
b1.5_float64,10,fixed_tm_a0,144,16,144,True,0.8414113131622163,0.8414113131622165,True
b1.5_float64,10,fourier_low,48,4,48,True,0.9531239599553198,0.9531239599553198,True
b1.5_float64,10,fourier_low,80,8,80,True,0.9000539058677729,0.9000539058677729,True
b1.5_float64,10,fourier_low,144,16,144,True,0.8012941080567864,0.8012941080567866,True
b1.5_float64,10,adaptive_tm,48,3,43,True,0.9296729264227273,0.9296729264227276,True
b1.5_float64,10,adaptive_tm,80,7,79,True,0.8774663163113177,0.8774663163113177,True
b1.5_float64,10,adaptive_tm,144,14,142,True,0.8025248923637018,0.802524892363702,True
b1.5_float64,10,fixed_tm_a0,diagnostic_m,2,,,0.9759458395999927,0.9759458395999927,
b1.5_float64,10,adaptive_tm,diagnostic_m,2,,,0.9509898509159765,0.9509898509159765,
b1.5_float64,10,fixed_tm_a0,diagnostic_m,4,,,0.9402595156001725,0.9402595156001725,
b1.5_float64,10,adaptive_tm,diagnostic_m,4,,,0.922556548373488,0.922556548373488,
b1.5_float64,10,fixed_tm_a0,diagnostic_m,8,,,0.9057931394153681,0.9057931394153681,
b1.5_float64,10,adaptive_tm,diagnostic_m,8,,,0.8692295148789229,0.8692295148789229,
b1.5_float64,11,fixed_tm_a0,48,4,48,True,0.938355164996922,0.9383551649969221,True
b1.5_float64,11,fixed_tm_a0,80,8,80,True,0.8799548961485126,0.8799548961485126,True
b1.5_float64,11,fixed_tm_a0,144,16,144,True,0.805677798191715,0.8056777981917151,True
b1.5_float64,11,fourier_low,48,4,48,True,0.9290511969038776,0.9290511969038777,True
b1.5_float64,11,fourier_low,80,8,80,True,0.8956489045178353,0.8956489045178355,True
b1.5_float64,11,fourier_low,144,16,144,True,0.7169564701607075,0.7169564701607078,True
b1.5_float64,11,adaptive_tm,48,3,43,True,0.9099203121952932,0.9099203121952932,True
b1.5_float64,11,adaptive_tm,80,7,79,True,0.8505438807906239,0.8505438807906238,True
b1.5_float64,11,adaptive_tm,144,14,142,True,0.7915044473684842,0.7915044473684844,True
b1.5_float64,11,fixed_tm_a0,diagnostic_m,2,,,0.961621591585414,0.961621591585414,
b1.5_float64,11,adaptive_tm,diagnostic_m,2,,,0.9335821391341479,0.9335821391341479,
b1.5_float64,11,fixed_tm_a0,diagnostic_m,4,,,0.938355164996922,0.938355164996922,
b1.5_float64,11,adaptive_tm,diagnostic_m,4,,,0.8944530441908451,0.8944530441908451,
b1.5_float64,11,fixed_tm_a0,diagnostic_m,8,,,0.8799548961485126,0.8799548961485126,
b1.5_float64,11,adaptive_tm,diagnostic_m,8,,,0.8351135834017258,0.8351135834017258,
b2.0_float64,0,fixed_tm_a0,48,4,48,True,0.9784513678028937,0.9784513678028938,True
b2.0_float64,0,fixed_tm_a0,80,8,80,True,0.9639972994760693,0.9639972994760695,True
b2.0_float64,0,fixed_tm_a0,144,16,144,True,0.8539896338925119,0.8539896338925121,True
b2.0_float64,0,fourier_low,48,4,48,True,0.973118153970416,0.9731181539704161,True
b2.0_float64,0,fourier_low,80,8,80,True,0.9615223646964304,0.9615223646964306,True
b2.0_float64,0,fourier_low,144,16,144,True,0.864202379636011,0.864202379636011,True
b2.0_float64,0,adaptive_tm,48,3,43,True,0.9492783601160788,0.9492783601160787,True
b2.0_float64,0,adaptive_tm,80,7,79,True,0.9057300045080188,0.9057300045080188,True
b2.0_float64,0,adaptive_tm,144,14,142,True,0.8132165259833035,0.8132165259833035,True
b2.0_float64,0,fixed_tm_a0,diagnostic_m,2,,,0.9808364540228975,0.9808364540228975,
b2.0_float64,0,adaptive_tm,diagnostic_m,2,,,0.9604628261002457,0.9604628261002457,
b2.0_float64,0,fixed_tm_a0,diagnostic_m,4,,,0.9784513678028937,0.9784513678028937,
b2.0_float64,0,adaptive_tm,diagnostic_m,4,,,0.9407914566298925,0.9407914566298925,
b2.0_float64,0,fixed_tm_a0,diagnostic_m,8,,,0.9639972994760693,0.9639972994760693,
b2.0_float64,0,adaptive_tm,diagnostic_m,8,,,0.8933262724476154,0.8933262724476154,
b2.0_float64,1,fixed_tm_a0,48,4,48,True,0.938608055153612,0.938608055153612,True
b2.0_float64,1,fixed_tm_a0,80,8,80,True,0.921551930144298,0.921551930144298,True
b2.0_float64,1,fixed_tm_a0,144,16,144,True,0.8537194647374943,0.8537194647374944,True
b2.0_float64,1,fourier_low,48,4,48,True,0.9406205502794445,0.9406205502794446,True
b2.0_float64,1,fourier_low,80,8,80,True,0.9247240313553413,0.9247240313553413,True
b2.0_float64,1,fourier_low,144,16,144,True,0.8688266733655166,0.8688266733655168,True
b2.0_float64,1,adaptive_tm,48,3,43,True,0.9277993806963756,0.9277993806963758,True
b2.0_float64,1,adaptive_tm,80,7,79,True,0.8999437727632253,0.8999437727632255,True
b2.0_float64,1,adaptive_tm,144,14,142,True,0.8448932407778905,0.8448932407778906,True
b2.0_float64,1,fixed_tm_a0,diagnostic_m,2,,,0.9812286712517004,0.9812286712517004,
b2.0_float64,1,adaptive_tm,diagnostic_m,2,,,0.9459727100588686,0.9459727100588686,
b2.0_float64,1,fixed_tm_a0,diagnostic_m,4,,,0.938608055153612,0.938608055153612,
b2.0_float64,1,adaptive_tm,diagnostic_m,4,,,0.9215052304138175,0.9215052304138175,
b2.0_float64,1,fixed_tm_a0,diagnostic_m,8,,,0.921551930144298,0.921551930144298,
b2.0_float64,1,adaptive_tm,diagnostic_m,8,,,0.8916491165701302,0.8916491165701302,
b2.0_float64,2,fixed_tm_a0,48,4,48,True,0.962201063325336,0.962201063325336,True
b2.0_float64,2,fixed_tm_a0,80,8,80,True,0.9428201372473815,0.9428201372473815,True
b2.0_float64,2,fixed_tm_a0,144,16,144,True,0.8462260863047886,0.8462260863047886,True
b2.0_float64,2,fourier_low,48,4,48,True,0.9528728203501169,0.9528728203501169,True
b2.0_float64,2,fourier_low,80,8,80,True,0.8996858023177747,0.8996858023177747,True
b2.0_float64,2,fourier_low,144,16,144,True,0.830389726600572,0.8303897266005721,True
b2.0_float64,2,adaptive_tm,48,3,43,True,0.9482966365370609,0.948296636537061,True
b2.0_float64,2,adaptive_tm,80,7,79,True,0.9066973835512289,0.9066973835512291,True
b2.0_float64,2,adaptive_tm,144,14,142,True,0.8542356605779415,0.8542356605779415,True
b2.0_float64,2,fixed_tm_a0,diagnostic_m,2,,,0.9948794195066297,0.9948794195066297,
b2.0_float64,2,adaptive_tm,diagnostic_m,2,,,0.9597894007667809,0.9597894007667809,
b2.0_float64,2,fixed_tm_a0,diagnostic_m,4,,,0.962201063325336,0.962201063325336,
b2.0_float64,2,adaptive_tm,diagnostic_m,4,,,0.936267509058532,0.936267509058532,
b2.0_float64,2,fixed_tm_a0,diagnostic_m,8,,,0.9428201372473815,0.9428201372473815,
b2.0_float64,2,adaptive_tm,diagnostic_m,8,,,0.8985707309499302,0.8985707309499302,
b2.0_float64,3,fixed_tm_a0,48,4,48,True,0.9778905622903385,0.9778905622903384,True
b2.0_float64,3,fixed_tm_a0,80,8,80,True,0.945577834325555,0.945577834325555,True
b2.0_float64,3,fixed_tm_a0,144,16,144,True,0.871180775386439,0.8711807753864391,True
b2.0_float64,3,fourier_low,48,4,48,True,0.9757407841460882,0.9757407841460884,True
b2.0_float64,3,fourier_low,80,8,80,True,0.9400067097140691,0.9400067097140692,True
b2.0_float64,3,fourier_low,144,16,144,True,0.8307074973367276,0.8307074973367278,True
b2.0_float64,3,adaptive_tm,48,3,43,True,0.9541613723329674,0.9541613723329674,True
b2.0_float64,3,adaptive_tm,80,7,79,True,0.9261210072189139,0.9261210072189139,True
b2.0_float64,3,adaptive_tm,144,14,142,True,0.8650645844651332,0.8650645844651332,True
b2.0_float64,3,fixed_tm_a0,diagnostic_m,2,,,0.9809227382289513,0.9809227382289513,
b2.0_float64,3,adaptive_tm,diagnostic_m,2,,,0.9669547274893951,0.9669547274893951,
b2.0_float64,3,fixed_tm_a0,diagnostic_m,4,,,0.9778905622903385,0.9778905622903385,
b2.0_float64,3,adaptive_tm,diagnostic_m,4,,,0.9401637531005316,0.9401637531005316,
b2.0_float64,3,fixed_tm_a0,diagnostic_m,8,,,0.945577834325555,0.945577834325555,
b2.0_float64,3,adaptive_tm,diagnostic_m,8,,,0.9227620016931936,0.9227620016931936,
b2.0_float64,4,fixed_tm_a0,48,4,48,True,0.964981093676911,0.964981093676911,True
b2.0_float64,4,fixed_tm_a0,80,8,80,True,0.947662527483192,0.947662527483192,True
b2.0_float64,4,fixed_tm_a0,144,16,144,True,0.8722913167634179,0.872291316763418,True
b2.0_float64,4,fourier_low,48,4,48,True,0.9535501276046551,0.9535501276046552,True
b2.0_float64,4,fourier_low,80,8,80,True,0.9346829245398695,0.9346829245398696,True
b2.0_float64,4,fourier_low,144,16,144,True,0.8729334885176255,0.8729334885176255,True
b2.0_float64,4,adaptive_tm,48,3,43,True,0.9529584164448869,0.9529584164448869,True
b2.0_float64,4,adaptive_tm,80,7,79,True,0.90499479145753,0.9049947914575303,True
b2.0_float64,4,adaptive_tm,144,14,142,True,0.819549297510533,0.8195492975105332,True
b2.0_float64,4,fixed_tm_a0,diagnostic_m,2,,,0.9798710276368243,0.9798710276368243,
b2.0_float64,4,adaptive_tm,diagnostic_m,2,,,0.9653002625782304,0.9653002625782304,
b2.0_float64,4,fixed_tm_a0,diagnostic_m,4,,,0.964981093676911,0.964981093676911,
b2.0_float64,4,adaptive_tm,diagnostic_m,4,,,0.9422918003090154,0.9422918003090154,
b2.0_float64,4,fixed_tm_a0,diagnostic_m,8,,,0.947662527483192,0.947662527483192,
b2.0_float64,4,adaptive_tm,diagnostic_m,8,,,0.892109808094955,0.892109808094955,
b2.0_float64,5,fixed_tm_a0,48,4,48,True,0.9384543287413993,0.9384543287413994,True
b2.0_float64,5,fixed_tm_a0,80,8,80,True,0.9104271146020986,0.9104271146020986,True
b2.0_float64,5,fixed_tm_a0,144,16,144,True,0.7862874690930173,0.7862874690930173,True
b2.0_float64,5,fourier_low,48,4,48,True,0.9338729665997944,0.9338729665997945,True
b2.0_float64,5,fourier_low,80,8,80,True,0.9118303434075214,0.9118303434075214,True
b2.0_float64,5,fourier_low,144,16,144,True,0.8570742755409293,0.8570742755409295,True
b2.0_float64,5,adaptive_tm,48,3,43,True,0.9075753258318678,0.9075753258318678,True
b2.0_float64,5,adaptive_tm,80,7,79,True,0.8501366555462195,0.8501366555462198,True
b2.0_float64,5,adaptive_tm,144,14,142,True,0.7776275944549546,0.7776275944549547,True
b2.0_float64,5,fixed_tm_a0,diagnostic_m,2,,,0.9670713201034007,0.9670713201034007,
b2.0_float64,5,adaptive_tm,diagnostic_m,2,,,0.9400694012350006,0.9400694012350006,
b2.0_float64,5,fixed_tm_a0,diagnostic_m,4,,,0.9384543287413993,0.9384543287413993,
b2.0_float64,5,adaptive_tm,diagnostic_m,4,,,0.9004304559653076,0.9004304559653076,
b2.0_float64,5,fixed_tm_a0,diagnostic_m,8,,,0.9104271146020986,0.9104271146020986,
b2.0_float64,5,adaptive_tm,diagnostic_m,8,,,0.8438627350572252,0.8438627350572252,
b2.0_float64,6,fixed_tm_a0,48,4,48,True,0.9868564207941732,0.9868564207941732,True
b2.0_float64,6,fixed_tm_a0,80,8,80,True,0.9632672383757803,0.9632672383757802,True
b2.0_float64,6,fixed_tm_a0,144,16,144,True,0.8701583613285184,0.8701583613285184,True
b2.0_float64,6,fourier_low,48,4,48,True,0.9889243315855997,0.9889243315855999,True
b2.0_float64,6,fourier_low,80,8,80,True,0.9464777206518558,0.9464777206518559,True
b2.0_float64,6,fourier_low,144,16,144,True,0.8954049139480742,0.8954049139480742,True
b2.0_float64,6,adaptive_tm,48,3,43,True,0.963315755759889,0.9633157557598893,True
b2.0_float64,6,adaptive_tm,80,7,79,True,0.9075515140881187,0.9075515140881187,True
b2.0_float64,6,adaptive_tm,144,14,142,True,0.8636584039807513,0.8636584039807513,True
b2.0_float64,6,fixed_tm_a0,diagnostic_m,2,,,0.9911729907551887,0.9911729907551887,
b2.0_float64,6,adaptive_tm,diagnostic_m,2,,,0.975072891097551,0.975072891097551,
b2.0_float64,6,fixed_tm_a0,diagnostic_m,4,,,0.9868564207941732,0.9868564207941732,
b2.0_float64,6,adaptive_tm,diagnostic_m,4,,,0.9412494791905981,0.9412494791905981,
b2.0_float64,6,fixed_tm_a0,diagnostic_m,8,,,0.9632672383757803,0.9632672383757803,
b2.0_float64,6,adaptive_tm,diagnostic_m,8,,,0.9016023817357554,0.9016023817357554,
b2.0_float64,7,fixed_tm_a0,48,4,48,True,0.9535646895178991,0.9535646895178991,True
b2.0_float64,7,fixed_tm_a0,80,8,80,True,0.9284712955664642,0.9284712955664645,True
b2.0_float64,7,fixed_tm_a0,144,16,144,True,0.8768564592105091,0.8768564592105093,True
b2.0_float64,7,fourier_low,48,4,48,True,0.950274203324813,0.9502742033248132,True
b2.0_float64,7,fourier_low,80,8,80,True,0.8987475939462555,0.8987475939462555,True
b2.0_float64,7,fourier_low,144,16,144,True,0.8059825034114321,0.8059825034114323,True
b2.0_float64,7,adaptive_tm,48,3,43,True,0.93449320109224,0.93449320109224,True
b2.0_float64,7,adaptive_tm,80,7,79,True,0.9045821501010092,0.9045821501010094,True
b2.0_float64,7,adaptive_tm,144,14,142,True,0.8644388392589953,0.8644388392589955,True
b2.0_float64,7,fixed_tm_a0,diagnostic_m,2,,,0.9727237639937172,0.9727237639937172,
b2.0_float64,7,adaptive_tm,diagnostic_m,2,,,0.9443237778323872,0.9443237778323872,
b2.0_float64,7,fixed_tm_a0,diagnostic_m,4,,,0.9535646895178991,0.9535646895178991,
b2.0_float64,7,adaptive_tm,diagnostic_m,4,,,0.9220373183128592,0.9220373183128592,
b2.0_float64,7,fixed_tm_a0,diagnostic_m,8,,,0.9284712955664642,0.9284712955664642,
b2.0_float64,7,adaptive_tm,diagnostic_m,8,,,0.9007825003630174,0.9007825003630174,
b2.0_float64,8,fixed_tm_a0,48,4,48,True,0.9720378797560115,0.9720378797560115,True
b2.0_float64,8,fixed_tm_a0,80,8,80,True,0.93594838358916,0.93594838358916,True
b2.0_float64,8,fixed_tm_a0,144,16,144,True,0.8011862812414048,0.801186281241405,True
b2.0_float64,8,fourier_low,48,4,48,True,0.9705991431997564,0.9705991431997563,True
b2.0_float64,8,fourier_low,80,8,80,True,0.9115054208246712,0.9115054208246712,True
b2.0_float64,8,fourier_low,144,16,144,True,0.8417738739036605,0.8417738739036607,True
b2.0_float64,8,adaptive_tm,48,3,43,True,0.923914935270449,0.9239149352704489,True
b2.0_float64,8,adaptive_tm,80,7,79,True,0.8652985889260616,0.8652985889260616,True
b2.0_float64,8,adaptive_tm,144,14,142,True,0.7976419868621585,0.7976419868621587,True
b2.0_float64,8,fixed_tm_a0,diagnostic_m,2,,,0.9861169695453578,0.9861169695453578,
b2.0_float64,8,adaptive_tm,diagnostic_m,2,,,0.9360008210979918,0.9360008210979918,
b2.0_float64,8,fixed_tm_a0,diagnostic_m,4,,,0.9720378797560115,0.9720378797560115,
b2.0_float64,8,adaptive_tm,diagnostic_m,4,,,0.9075398485393453,0.9075398485393453,
b2.0_float64,8,fixed_tm_a0,diagnostic_m,8,,,0.93594838358916,0.93594838358916,
b2.0_float64,8,adaptive_tm,diagnostic_m,8,,,0.8533089993513837,0.8533089993513837,
b2.0_float64,9,fixed_tm_a0,48,4,48,True,0.979196711670905,0.979196711670905,True
b2.0_float64,9,fixed_tm_a0,80,8,80,True,0.936218909531932,0.9362189095319321,True
b2.0_float64,9,fixed_tm_a0,144,16,144,True,0.8603026555207374,0.8603026555207376,True
b2.0_float64,9,fourier_low,48,4,48,True,0.9831217974632067,0.9831217974632066,True
b2.0_float64,9,fourier_low,80,8,80,True,0.9483692250937696,0.9483692250937696,True
b2.0_float64,9,fourier_low,144,16,144,True,0.8668474293502244,0.8668474293502246,True
b2.0_float64,9,adaptive_tm,48,3,43,True,0.9497753525181041,0.9497753525181043,True
b2.0_float64,9,adaptive_tm,80,7,79,True,0.8951260994030482,0.8951260994030483,True
b2.0_float64,9,adaptive_tm,144,14,142,True,0.8518252926411614,0.8518252926411616,True
b2.0_float64,9,fixed_tm_a0,diagnostic_m,2,,,0.9873724339613974,0.9873724339613974,
b2.0_float64,9,adaptive_tm,diagnostic_m,2,,,0.9610533160345959,0.9610533160345959,
b2.0_float64,9,fixed_tm_a0,diagnostic_m,4,,,0.979196711670905,0.979196711670905,
b2.0_float64,9,adaptive_tm,diagnostic_m,4,,,0.9321618519038612,0.9321618519038612,
b2.0_float64,9,fixed_tm_a0,diagnostic_m,8,,,0.936218909531932,0.936218909531932,
b2.0_float64,9,adaptive_tm,diagnostic_m,8,,,0.8890601051757255,0.8890601051757255,
b2.0_float64,10,fixed_tm_a0,48,4,48,True,0.958857892640338,0.9588578926403379,True
b2.0_float64,10,fixed_tm_a0,80,8,80,True,0.915043609845856,0.9150436098458559,True
b2.0_float64,10,fixed_tm_a0,144,16,144,True,0.8435382595344486,0.8435382595344487,True
b2.0_float64,10,fourier_low,48,4,48,True,0.9601813547831431,0.9601813547831433,True
b2.0_float64,10,fourier_low,80,8,80,True,0.9099116134303106,0.9099116134303105,True
b2.0_float64,10,fourier_low,144,16,144,True,0.7840105323264642,0.7840105323264644,True
b2.0_float64,10,adaptive_tm,48,3,43,True,0.9375858019088323,0.9375858019088325,True
b2.0_float64,10,adaptive_tm,80,7,79,True,0.889667044092658,0.889667044092658,True
b2.0_float64,10,adaptive_tm,144,14,142,True,0.8385039178284609,0.8385039178284609,True
b2.0_float64,10,fixed_tm_a0,diagnostic_m,2,,,0.9949813135125054,0.9949813135125054,
b2.0_float64,10,adaptive_tm,diagnostic_m,2,,,0.9524932128766599,0.9524932128766599,
b2.0_float64,10,fixed_tm_a0,diagnostic_m,4,,,0.958857892640338,0.958857892640338,
b2.0_float64,10,adaptive_tm,diagnostic_m,4,,,0.9212003338585986,0.9212003338585986,
b2.0_float64,10,fixed_tm_a0,diagnostic_m,8,,,0.915043609845856,0.915043609845856,
b2.0_float64,10,adaptive_tm,diagnostic_m,8,,,0.8856677948291685,0.8856677948291685,
b2.0_float64,11,fixed_tm_a0,48,4,48,True,0.9076307709655507,0.9076307709655509,True
b2.0_float64,11,fixed_tm_a0,80,8,80,True,0.8684187853839169,0.8684187853839169,True
b2.0_float64,11,fixed_tm_a0,144,16,144,True,0.8138461100299237,0.8138461100299239,True
b2.0_float64,11,fourier_low,48,4,48,True,0.9227614524760652,0.9227614524760652,True
b2.0_float64,11,fourier_low,80,8,80,True,0.847426758443357,0.8474267584433571,True
b2.0_float64,11,fourier_low,144,16,144,True,0.7895303462335249,0.789530346233525,True
b2.0_float64,11,adaptive_tm,48,3,43,True,0.8841724494083856,0.8841724494083856,True
b2.0_float64,11,adaptive_tm,80,7,79,True,0.8474574450558598,0.84745744505586,True
b2.0_float64,11,adaptive_tm,144,14,142,True,0.8037028631440816,0.8037028631440818,True
b2.0_float64,11,fixed_tm_a0,diagnostic_m,2,,,0.9279075586392458,0.9279075586392458,
b2.0_float64,11,adaptive_tm,diagnostic_m,2,,,0.9044351851197175,0.9044351851197175,
b2.0_float64,11,fixed_tm_a0,diagnostic_m,4,,,0.9076307709655507,0.9076307709655507,
b2.0_float64,11,adaptive_tm,diagnostic_m,4,,,0.8733285425077391,0.8733285425077391,
b2.0_float64,11,fixed_tm_a0,diagnostic_m,8,,,0.8684187853839169,0.8684187853839169,
b2.0_float64,11,adaptive_tm,diagnostic_m,8,,,0.8420078886513092,0.8420078886513092,
