key,initial_key,suite,beta,gamma,kappa_c,delta,kappa,lambda_perp,eta,horizon,pairs,invalid,confirmed_rate,confirmed_ci_low,confirmed_ci_high,unconfirmed_rate,ever_entered_rate,releave_given_entered,median_candidate_time,median_tail_dwell
main_0_0,main_0,main,1.2,0.6585696604057538,0.3485318486896931,-0.01,0.3385318486896931,0.06393253723082126,1e-06,7500,1024,0,0.2548828125,0.22914112169919046,0.28245670723449007,0.7451171875,1.0,1.0,,93.5
main_0_0,main_0,main,1.2,0.6585696604057538,0.3485318486896931,-0.01,0.3385318486896931,0.06393253723082126,1e-06,15000,1024,0,0.2353515625,0.21038750961728048,0.2622938116617133,0.7646484375,1.0,1.0,,71.5
main_0_0,main_0,main,1.2,0.6585696604057538,0.3485318486896931,-0.01,0.3385318486896931,0.06393253723082126,1e-06,30000,1024,0,0.2431640625,0.21788018794453826,0.27036773639633027,0.7568359375,1.0,1.0,,94.0
main_0_1,main_0,main,1.2,0.6585696604057538,0.3485318486896931,0.0,0.3485318486896931,2.220446049250313e-16,1e-06,7500,1024,0,0.798828125,0.7731785562154585,0.8222440109012497,0.201171875,1.0,0.9384765625,4196.0,3305.0
main_0_1,main_0,main,1.2,0.6585696604057538,0.3485318486896931,0.0,0.3485318486896931,2.220446049250313e-16,1e-06,15000,1024,0,0.8564453125,0.8336357874540887,0.8765904772439457,0.1435546875,1.0,0.96484375,8848.0,6153.0
main_0_1,main_0,main,1.2,0.6585696604057538,0.3485318486896931,0.0,0.3485318486896931,2.220446049250313e-16,1e-06,30000,1024,0,0.9013671875,0.8815771788633225,0.9181570534404916,0.0986328125,1.0,0.978515625,15556.0,14445.0
main_0_2,main_0,main,1.2,0.6585696604057538,0.3485318486896931,0.001,0.3495318486896931,-0.006623937881581776,1e-06,7500,1024,0,0.8564453125,0.8336357874540887,0.8765904772439457,0.1435546875,1.0,0.9140625,3607.5,3893.5
main_0_2,main_0,main,1.2,0.6585696604057538,0.3485318486896931,0.001,0.3495318486896931,-0.006623937881581776,1e-06,15000,1024,0,0.8994140625,0.8794728394507054,0.91636974208764,0.1005859375,1.0,0.9296875,5898.0,9103.0
main_0_2,main_0,main,1.2,0.6585696604057538,0.3485318486896931,0.001,0.3495318486896931,-0.006623937881581776,1e-06,30000,1024,0,0.9521484375,0.9373003675889091,0.9636167846170907,0.0478515625,1.0,0.939453125,9596.0,20405.0
main_0_3,main_0,main,1.2,0.6585696604057538,0.3485318486896931,0.002,0.3505318486896931,-0.013292045053434176,1e-06,7500,1024,0,0.8828125,0.8616663349746726,0.9010972150571889,0.1171875,1.0,0.888671875,2448.5,5052.5
main_0_3,main_0,main,1.2,0.6585696604057538,0.3485318486896931,0.002,0.3505318486896931,-0.013292045053434176,1e-06,15000,1024,0,0.93359375,0.9166653321421131,0.9472811377919342,0.06640625,1.0,0.90234375,3520.5,11480.5
main_0_3,main_0,main,1.2,0.6585696604057538,0.3485318486896931,0.002,0.3505318486896931,-0.013292045053434176,1e-06,30000,1024,0,0.97265625,0.9607644868075458,0.9810149984358751,0.02734375,1.0,0.9111328125,4399.5,25601.5
main_0_4,main_0,main,1.2,0.6585696604057538,0.3485318486896931,0.005,0.3535318486896931,-0.033567372851736055,1e-06,7500,1024,0,0.966796875,0.9539609698563387,0.9761435630906761,0.033203125,1.0,0.80078125,892.5,6608.5
main_0_4,main_0,main,1.2,0.6585696604057538,0.3485318486896931,0.005,0.3535318486896931,-0.033567372851736055,1e-06,15000,1024,0,0.9892578125,0.980867229044482,0.9939912877054227,0.0107421875,1.0,0.8056640625,934.5,14066.5
main_0_4,main_0,main,1.2,0.6585696604057538,0.3485318486896931,0.005,0.3535318486896931,-0.033567372851736055,1e-06,30000,1024,0,1.0,0.9962625959599825,1.0000000000000002,0.0,1.0,0.8056640625,943.0,29058.0
main_0_5,main_0,main,1.2,0.6585696604057538,0.3485318486896931,0.01,0.3585318486896931,-0.06830076780529959,1e-06,7500,1024,0,0.998046875,0.9929067260218678,0.9994642191726459,0.001953125,1.0,0.654296875,311.0,7190.0
main_0_5,main_0,main,1.2,0.6585696604057538,0.3485318486896931,0.01,0.3585318486896931,-0.06830076780529959,1e-06,15000,1024,0,1.0,0.9962625959599825,1.0000000000000002,0.0,1.0,0.654296875,311.0,14690.0
main_0_5,main_0,main,1.2,0.6585696604057538,0.3485318486896931,0.01,0.3585318486896931,-0.06830076780529959,1e-06,30000,1024,0,1.0,0.9962625959599825,1.0000000000000002,0.0,1.0,0.654296875,311.0,29690.0
main_0_6,main_0,main,1.2,0.6585696604057538,0.3485318486896931,0.02,0.36853184868969313,-0.14161075355048736,1e-06,7500,1024,0,1.0,0.9962625959599825,1.0000000000000002,0.0,1.0,0.4169921875,103.0,7398.0
main_0_6,main_0,main,1.2,0.6585696604057538,0.3485318486896931,0.02,0.36853184868969313,-0.14161075355048736,1e-06,15000,1024,0,1.0,0.9962625959599825,1.0000000000000002,0.0,1.0,0.4169921875,103.0,14898.0
main_0_6,main_0,main,1.2,0.6585696604057538,0.3485318486896931,0.02,0.36853184868969313,-0.14161075355048736,1e-06,30000,1024,0,1.0,0.9962625959599825,1.0000000000000002,0.0,1.0,0.4169921875,103.0,29898.0
main_0_7,main_0,main,1.2,0.6585696604057538,0.3485318486896931,0.05,0.3985318486896931,-0.4006304114268753,1e-06,7500,1024,0,1.0,0.9962625959599825,1.0000000000000002,0.0,1.0,0.0947265625,28.0,7473.0
main_0_7,main_0,main,1.2,0.6585696604057538,0.3485318486896931,0.05,0.3985318486896931,-0.4006304114268753,1e-06,15000,1024,0,1.0,0.9962625959599825,1.0000000000000002,0.0,1.0,0.0947265625,28.0,14973.0
main_0_7,main_0,main,1.2,0.6585696604057538,0.3485318486896931,0.05,0.3985318486896931,-0.4006304114268753,1e-06,30000,1024,0,1.0,0.9962625959599825,1.0000000000000002,0.0,1.0,0.0947265625,28.0,29973.0
main_1_0,main_1,main,1.05,0.370705732569928,0.2465500282849996,0.002,0.2485500282849996,-0.00792240318803572,1e-06,7500,512,0,0.845703125,0.8118496353612644,0.8744077290803361,0.154296875,1.0,0.91796875,2934.5,4566.5
main_1_0,main_1,main,1.05,0.370705732569928,0.2465500282849996,0.002,0.2485500282849996,-0.00792240318803572,1e-06,15000,512,0,0.91796875,0.8909718133445638,0.938740480387089,0.08203125,1.0,0.935546875,5714.5,9286.5
main_1_0,main_1,main,1.05,0.370705732569928,0.2465500282849996,0.002,0.2485500282849996,-0.00792240318803572,1e-06,30000,512,0,0.947265625,0.9243620032866211,0.963507694211269,0.052734375,1.0,0.947265625,9238.5,20762.5
main_1_1,main_1,main,1.05,0.370705732569928,0.2465500282849996,0.005,0.2515500282849996,-0.019924949115952217,1e-06,7500,512,0,0.935546875,0.9108659024588599,0.9537408335325352,0.064453125,1.0,0.873046875,1943.5,5557.5
main_1_1,main_1,main,1.05,0.370705732569928,0.2465500282849996,0.005,0.2515500282849996,-0.019924949115952217,1e-06,15000,512,0,0.95703125,0.9358001975831783,0.9714553011701242,0.04296875,1.0,0.890625,2903.5,12097.5
main_1_1,main_1,main,1.05,0.370705732569928,0.2465500282849996,0.005,0.2515500282849996,-0.019924949115952217,1e-06,30000,512,0,0.98046875,0.9644243436209257,0.9893570781453667,0.01953125,1.0,0.8984375,3615.0,26386.0
main_1_2,main_1,main,1.05,0.370705732569928,0.2465500282849996,0.01,0.2565500282849996,-0.04025498687374918,1e-06,7500,512,0,0.974609375,0.9570473392668004,0.9851026017462445,0.025390625,1.0,0.783203125,881.0,6620.0
main_1_2,main_1,main,1.05,0.370705732569928,0.2465500282849996,0.01,0.2565500282849996,-0.04025498687374918,1e-06,15000,512,0,0.98828125,0.9746716344674621,0.9946184283031602,0.01171875,1.0,0.7890625,994.0,14007.0
main_1_2,main_1,main,1.05,0.370705732569928,0.2465500282849996,0.01,0.2565500282849996,-0.04025498687374918,1e-06,30000,512,0,1.0,0.9925530242771171,0.9999999999999999,0.0,1.0,0.7890625,994.0,29007.0
main_1_3,main_1,main,1.05,0.370705732569928,0.2465500282849996,0.02,0.26655002828499963,-0.08219865306234042,1e-06,7500,512,0,0.998046875,0.9890207217875779,0.9996551422384565,0.001953125,1.0,0.626953125,281.0,7220.0
main_1_3,main_1,main,1.05,0.370705732569928,0.2465500282849996,0.02,0.26655002828499963,-0.08219865306234042,1e-06,15000,512,0,1.0,0.9925530242771171,0.9999999999999999,0.0,1.0,0.626953125,281.0,14720.0
main_1_3,main_1,main,1.05,0.370705732569928,0.2465500282849996,0.02,0.26655002828499963,-0.08219865306234042,1e-06,30000,512,0,1.0,0.9925530242771171,0.9999999999999999,0.0,1.0,0.626953125,281.0,29720.0
main_2_0,main_2,main,1.5,0.8585596366401105,0.40350034891315095,0.002,0.40550034891315095,-0.020943250367857713,1e-06,7500,512,0,0.919921875,0.8931649760362443,0.9404244779464908,0.080078125,1.0,0.8359375,1760.0,5741.0
main_2_0,main_2,main,1.5,0.8585596366401105,0.40350034891315095,0.002,0.40550034891315095,-0.020943250367857713,1e-06,15000,512,0,0.978515625,0.9619423364720409,0.9879619250431689,0.021484375,1.0,0.84375,1989.5,13011.5
main_2_0,main_2,main,1.5,0.8585596366401105,0.40350034891315095,0.002,0.40550034891315095,-0.020943250367857713,1e-06,30000,512,0,0.994140625,0.9829162193160559,0.998005324207814,0.005859375,1.0,0.849609375,2154.5,27846.5
main_2_1,main_2,main,1.5,0.8585596366401105,0.40350034891315095,0.005,0.40850034891315096,-0.05320423364235838,1e-06,7500,512,0,1.0,0.9925530242771171,0.9999999999999999,0.0,1.0,0.681640625,415.0,7086.0
main_2_1,main_2,main,1.5,0.8585596366401105,0.40350034891315095,0.005,0.40850034891315096,-0.05320423364235838,1e-06,15000,512,0,1.0,0.9925530242771171,0.9999999999999999,0.0,1.0,0.681640625,415.0,14586.0
main_2_1,main_2,main,1.5,0.8585596366401105,0.40350034891315095,0.005,0.40850034891315096,-0.05320423364235838,1e-06,30000,512,0,1.0,0.9925530242771171,0.9999999999999999,0.0,1.0,0.681640625,415.0,29586.0
main_2_2,main_2,main,1.5,0.8585596366401105,0.40350034891315095,0.01,0.41350034891315096,-0.10939901240643057,1e-06,7500,512,0,1.0,0.9925530242771171,0.9999999999999999,0.0,1.0,0.42578125,128.0,7373.0
main_2_2,main_2,main,1.5,0.8585596366401105,0.40350034891315095,0.01,0.41350034891315096,-0.10939901240643057,1e-06,15000,512,0,1.0,0.9925530242771171,0.9999999999999999,0.0,1.0,0.42578125,128.0,14873.0
main_2_2,main_2,main,1.5,0.8585596366401105,0.40350034891315095,0.01,0.41350034891315096,-0.10939901240643057,1e-06,30000,512,0,1.0,0.9925530242771171,0.9999999999999999,0.0,1.0,0.42578125,128.0,29873.0
main_2_3,main_2,main,1.5,0.8585596366401105,0.40350034891315095,0.02,0.42350034891315097,-0.2322532127922159,1e-06,7500,512,0,1.0,0.9925530242771171,0.9999999999999999,0.0,1.0,0.1796875,49.0,7452.0
main_2_3,main_2,main,1.5,0.8585596366401105,0.40350034891315095,0.02,0.42350034891315097,-0.2322532127922159,1e-06,15000,512,0,1.0,0.9925530242771171,0.9999999999999999,0.0,1.0,0.1796875,49.0,14952.0
main_2_3,main_2,main,1.5,0.8585596366401105,0.40350034891315095,0.02,0.42350034891315097,-0.2322532127922159,1e-06,30000,512,0,1.0,0.9925530242771171,0.9999999999999999,0.0,1.0,0.1796875,49.0,29952.0
sensitivity_0_0,sensitivity,sensitivity,1.2,0.6585696604057538,0.3485318486896931,-0.01,0.3385318486896931,0.06393253723082126,0.0001,7500,512,0,0.267578125,0.2310669116922363,0.30755101842894744,0.732421875,1.0,0.998046875,,117.0
sensitivity_0_1,sensitivity,sensitivity,1.2,0.6585696604057538,0.3485318486896931,-0.01,0.3385318486896931,0.06393253723082126,1e-06,7500,512,0,0.25,0.21444818972233134,0.28927529813911007,0.75,1.0,1.0,,91.5
sensitivity_0_2,sensitivity,sensitivity,1.2,0.6585696604057538,0.3485318486896931,-0.01,0.3385318486896931,0.06393253723082126,1e-08,7500,512,0,0.26171875,0.225518645748377,0.30146780361955927,0.73828125,1.0,0.998046875,,75.5
sensitivity_1_0,sensitivity,sensitivity,1.2,0.6585696604057538,0.3485318486896931,0.002,0.3505318486896931,-0.013292045053434176,0.0001,7500,512,0,0.89453125,0.8649245176143979,0.9182618531042649,0.10546875,1.0,0.86328125,2588.5,4912.5
sensitivity_1_1,sensitivity,sensitivity,1.2,0.6585696604057538,0.3485318486896931,0.002,0.3505318486896931,-0.013292045053434176,1e-06,7500,512,0,0.873046875,0.8414051435005794,0.899132464456176,0.126953125,1.0,0.916015625,2554.0,4947.0
sensitivity_1_2,sensitivity,sensitivity,1.2,0.6585696604057538,0.3485318486896931,0.002,0.3505318486896931,-0.013292045053434176,1e-08,7500,512,0,0.8515625,0.8181518841641696,0.8797369610306786,0.1484375,1.0,0.8984375,2792.5,4708.5
sensitivity_2_0,sensitivity,sensitivity,1.2,0.6585696604057538,0.3485318486896931,0.01,0.3585318486896931,-0.06830076780529959,0.0001,7500,512,0,0.998046875,0.9890207217875779,0.9996551422384565,0.001953125,1.0,0.65234375,314.0,7187.0
sensitivity_2_1,sensitivity,sensitivity,1.2,0.6585696604057538,0.3485318486896931,0.01,0.3585318486896931,-0.06830076780529959,1e-06,7500,512,0,0.998046875,0.9890207217875779,0.9996551422384565,0.001953125,1.0,0.67578125,344.5,7156.5
sensitivity_2_2,sensitivity,sensitivity,1.2,0.6585696604057538,0.3485318486896931,0.01,0.3585318486896931,-0.06830076780529959,1e-08,7500,512,0,0.99609375,0.985870592855346,0.9989281109196064,0.00390625,1.0,0.68359375,330.0,7171.0
