split,seed,alpha,initial_state,location,scale,repeated,near_1e12,near_1e10,near_1e8
train,510000,0.34,-0.23462367011207394,0.013185521342908946,0.7065219606766744,False,0,0,0
train,510000,0.42,0.6646174008714123,-0.011924196828849508,0.8159717131765625,False,0,0,0
train,510000,0.5,-1.673464627486398,-0.006701540505368864,0.9752715100258631,False,0,0,0
train,510000,0.58,0.32243966833850446,0.07245960690588027,1.1763816786113055,False,0,0,0
train,510000,0.66,0.9175059677547117,0.0696547061485738,1.3991978127076612,False,0,0,0
train,510001,0.34,0.831110767186701,-0.013418562871760659,0.7361886519626799,False,0,0,0
train,510001,0.42,-2.1155991225373603,-0.013705948005460145,0.8346672000342281,False,0,0,0
train,510001,0.5,1.2523534520355204,0.037204388317520765,1.0303711194501388,False,0,0,0
train,510001,0.58,0.6189592650594806,0.024490641711233524,1.223870085632499,False,0,0,0
train,510001,0.66,0.4249315615706241,0.006533481456265492,1.4627533485736113,False,0,0,0
train,510002,0.34,-1.1902496481368507,-0.009195410936930276,0.7077357996771574,False,0,0,0
train,510002,0.42,-2.3435348613270657,0.019448333042384892,0.8306135102945819,False,0,0,0
train,510002,0.5,7.561528660830109,-0.04069821062182405,1.029679144182803,False,0,0,0
train,510002,0.58,-3.9895257665648556,-0.011889974726687718,1.143182803259943,False,0,0,0
train,510002,0.66,-4.3079310862434355,-0.04311470146666002,1.393340054988793,False,0,0,0
train,510003,0.34,1.4098398092289872,0.0029083154170615557,0.701444079682411,False,0,0,0
train,510003,0.42,6.815414496134961,-0.011636624899360275,0.8726345849650363,False,0,0,0
train,510003,0.5,-0.0701450774654668,-0.012490397270878723,1.0155292806927758,False,0,0,0
train,510003,0.58,-0.31281378783017183,0.00994602317264751,1.1792170625098481,False,0,0,0
train,510003,0.66,1.5190706301003187,-0.09663846826585701,1.4072877945525044,False,0,0,0
train,510004,0.34,-2.127186760569161,-0.011970177117416509,0.7206206369616235,False,0,0,0
train,510004,0.42,-1.746358568723905,-0.0036119641327192497,0.834537942182193,False,0,0,0
train,510004,0.5,-0.5635908963082163,-0.024295475927741533,1.0435243957289417,False,0,0,0
train,510004,0.58,-1.790549183430861,-0.007242282701302281,1.1557241765362143,False,0,0,0
train,510004,0.66,2.857820611652241,-0.01965359052639866,1.4647254789699735,False,0,0,0
train,510005,0.34,0.5709547179794737,-0.004636406700335322,0.7119439147919951,False,0,0,0
train,510005,0.42,0.4823338071895788,0.010149378875456808,0.884249123434804,False,0,0,0
train,510005,0.5,8.792321322491537,-0.0174621747021122,0.9997619548528613,False,0,0,0
train,510005,0.58,-6.359891826809861,0.02272267520736594,1.1821742420450163,False,0,0,0
train,510005,0.66,3.3561579138031408,0.025338409544649478,1.42810804974784,False,0,0,0
train,510006,0.34,3.1148200643846637,0.021244656434176855,0.7369169977643409,False,0,0,0
train,510006,0.42,-0.3572418537297854,0.022871053244238368,0.826501486000759,False,0,0,0
train,510006,0.5,-0.34417821901770423,-0.0046431510122990904,0.9895270732197491,False,0,0,0
train,510006,0.58,0.991486270814333,0.03840641407329887,1.1518348249354058,False,0,0,0
train,510006,0.66,6.020380400111825,-0.08359611398677733,1.5090576695109132,False,0,0,0
train,510007,0.34,0.07985057539219102,-0.005841022911657926,0.7138615695492798,False,0,0,0
train,510007,0.42,-2.620517750979295,0.045896837771980434,0.830300363421613,False,0,0,0
train,510007,0.5,-5.375235173509419,-0.006572989530212986,1.014663265608748,False,0,0,0
train,510007,0.58,1.32720389783734,-0.014917298513552637,1.195081207802082,False,0,0,0
train,510007,0.66,4.324189361208849,-0.033844130548019255,1.4069055625864473,False,0,0,0
train,510008,0.34,-0.4768069197301457,-0.012459602133147885,0.7150819405269935,False,0,0,0
train,510008,0.42,0.1674689113209,-0.04711282116480256,0.8329967171358372,False,0,0,0
train,510008,0.5,33.5762087856694,0.004331013941464235,1.0178069686641522,False,0,0,0
train,510008,0.58,0.4099398702418252,0.03700140632076837,1.1688884449474082,False,0,0,0
train,510008,0.66,-10.214768168370588,0.008832203192863746,1.3709472309993767,False,0,0,0
train,510009,0.34,0.8338122853083787,0.01030212408733544,0.7440503390418187,False,0,0,0
train,510009,0.42,-5.99315411684844,0.023405817648137095,0.9030982696178788,False,0,0,0
train,510009,0.5,-0.22344477455147568,0.02638583674131398,1.015656805271398,False,0,0,0
train,510009,0.58,1.8049980209909382,0.03494399424320242,1.1431521234662247,False,0,0,0
train,510009,0.66,0.6838117751022221,-0.05133157037021037,1.357462234871165,False,0,0,0
train,510010,0.34,-1.2379851998865807,0.003194660403006495,0.707982444578865,False,0,0,0
train,510010,0.42,-8.804440087596303,-0.028764534726507723,0.8114083962723366,False,0,0,0
train,510010,0.5,-0.9040210723812343,-0.05300469213890718,0.9661486000774842,False,0,0,0
train,510010,0.58,7.002160077001731,-0.008454501687586359,1.1713824601298894,False,0,0,0
train,510010,0.66,0.9690408874425249,0.009126341817567975,1.4018827128535865,False,0,0,0
train,510011,0.34,2.3516011182869105,-0.0031796146991505065,0.7143753840814673,False,0,0,0
train,510011,0.42,0.10771079719112073,0.004975172759185634,0.881564390528996,False,0,0,0
train,510011,0.5,-1.4405154872270756,0.04989821808747161,1.0775355274005118,False,0,0,0
train,510011,0.58,-8.860163527415272,-2.0590045935195986e-05,1.1825643781124653,False,0,0,0
train,510011,0.66,-0.14840120049094432,-0.002512215560635928,1.4310421301831842,False,0,0,0
train,510012,0.34,-0.016032786898881345,0.0054116576957288645,0.7505563340228186,False,0,0,0
train,510012,0.42,3.4614902596557604,0.026293641600278975,0.8507383528029372,False,0,0,0
train,510012,0.5,-6.401011781586249,-0.004497820167260302,0.9946239039009874,False,0,0,0
train,510012,0.58,1.6551818232818334,0.006873099972205883,1.1904328976111607,False,0,0,0
train,510012,0.66,0.4410511319394182,0.007079432856660312,1.3464164068516942,False,0,0,0
train,510013,0.34,-1.863800393028514,-0.03191520649433936,0.6907074198282911,False,0,0,0
train,510013,0.42,0.3469001574151033,-0.00659166869546907,0.8569826280982047,False,0,0,0
train,510013,0.5,-0.4921115798898403,0.028330184171462852,0.9978943344847597,False,0,0,0
train,510013,0.58,-1.5208274233210413,0.08119168004727674,1.1709633031934252,False,0,0,0
train,510013,0.66,2.7007381735068474,-0.006958099655318335,1.3849446430881631,False,0,0,0
train,510014,0.34,-0.04213057334892955,0.031037884022332166,0.7330997791111922,False,0,0,0
train,510014,0.42,-0.5488555992500156,-0.002420925452541827,0.8528725735874496,False,0,0,0
train,510014,0.5,-0.6595345283428468,-0.0037183601759211704,0.9755761018207469,False,0,0,0
train,510014,0.58,-2.6101801237538322,0.008456029635001826,1.1808003542613044,False,0,0,0
train,510014,0.66,3.488162116970696,-0.03478932797640055,1.4563430894908018,False,0,0,0
train,510015,0.34,-0.4578710410332258,-0.021667659426276083,0.7406413315423828,False,0,0,0
train,510015,0.42,1.6985370459013593,-0.03415853606075024,0.8453913260346795,False,0,0,0
train,510015,0.5,-0.226805568204389,-0.016620854697550896,0.9864221836179294,False,0,0,0
train,510015,0.58,-1.1012901945186144,-0.0697440216486216,1.196190836370596,False,0,0,0
train,510015,0.66,-0.17398329002786866,0.014817741508050968,1.383215060017568,False,0,0,0
train,510016,0.34,0.11791861474556758,0.0046641422459360255,0.716097511664593,False,0,0,0
train,510016,0.42,5.9398017106275685,0.007120936107386351,0.8574118899411352,False,0,0,0
train,510016,0.5,14.299173898168165,0.03068793396705602,1.0041806119978134,False,0,0,0
train,510016,0.58,-0.37488131840277433,0.015925719974872674,1.142443231436858,False,0,0,0
train,510016,0.66,-4.851330129924079,-0.050188124760779315,1.3570626490473425,False,0,0,0
train,510017,0.34,-0.4251531905559238,-0.012242077662740082,0.7353196646852769,False,0,0,0
train,510017,0.42,0.46773773287271175,0.022100945597368627,0.8688506838032515,False,0,0,0
train,510017,0.5,-3.0846477820191915,-0.013056620818992531,0.9676083935873627,False,0,0,0
train,510017,0.58,0.7259424938846707,-0.0171275902157028,1.1764304667963157,False,0,0,0
train,510017,0.66,-0.22652161342051075,-0.015813113274466224,1.397851935772386,False,0,0,0
train,510018,0.34,0.42674881621717586,-0.017113656543318687,0.7089882385785126,False,0,0,0
train,510018,0.42,2.068129040556632,-0.0014759763670508762,0.8546868028219707,False,0,0,0
train,510018,0.5,2.533331994200258,0.0036629071357114906,0.9991534422519761,False,0,0,0
train,510018,0.58,2.9883289243073543,-0.02886282077760429,1.1610436506946176,False,0,0,0
train,510018,0.66,1.6246077833880506,-0.03946316818933394,1.3634660024508984,False,0,0,0
train,510019,0.34,0.5466737476163992,0.006235466907918284,0.6898290393804418,False,0,0,0
train,510019,0.42,0.32399829394091934,0.005036250303916525,0.8660716976872449,False,0,0,0
train,510019,0.5,-831.778533718955,-0.044952942933384366,0.9875577034559377,False,0,0,0
train,510019,0.58,1.9348865129607453,-0.03435890174829343,1.1918096702181282,False,0,0,0
train,510019,0.66,-4.038800965464872,0.04309340675662145,1.3941462835442693,False,0,0,0
train,510020,0.34,0.4346610808387434,-0.019151868084129817,0.6982789600652834,False,0,0,0
train,510020,0.42,-0.4083472816603755,-0.0172765359345953,0.8606734596267309,False,0,0,0
train,510020,0.5,0.6246873784311026,0.00756988705717801,1.013676939990129,False,0,0,0
train,510020,0.58,2.2101635282446765,-0.010829570405950052,1.164247743659514,False,0,0,0
train,510020,0.66,2.07559854550437,0.020868525850649924,1.4515993971195262,False,0,0,0
train,510021,0.34,3.959003665791016,-0.007553370349030444,0.7066817203413984,False,0,0,0
train,510021,0.42,-0.5539905248053719,-0.005367182841090163,0.8717691693470114,False,0,0,0
train,510021,0.5,0.9264786150780941,0.05988229210302112,0.9645746566359356,False,0,0,0
train,510021,0.58,0.28479731734454145,-0.03566636683642467,1.1399768333299223,False,0,0,0
train,510021,0.66,-0.324782929652114,-0.015860450265746028,1.3656447757880812,False,0,0,0
train,510022,0.34,-0.05024615869344598,0.0013987052171713311,0.7113680653743581,False,0,0,0
train,510022,0.42,-1.1286844505435174,-0.0034616166387998536,0.8680799177153861,False,0,0,0
train,510022,0.5,-3.4409578815764794,-0.022514487906412306,1.017275166728278,False,0,0,0
train,510022,0.58,-0.18490832939850604,0.03421446385030111,1.1982635632543757,False,0,0,0
train,510022,0.66,0.8004587549705425,-0.004107457088910383,1.379511894720677,False,0,0,0
train,510023,0.34,-0.4141588744753366,0.004423358565995742,0.7121223058022358,False,0,0,0
train,510023,0.42,7.762502589444595,0.003883291428525287,0.871462015512408,False,0,0,0
train,510023,0.5,34.86008708793677,-0.012167353486088245,1.0178986671959047,False,0,0,0
train,510023,0.58,-0.060408545176481254,0.06926939008111875,1.1746852455445498,False,0,0,0
train,510023,0.66,-0.7526264016032964,-0.09121598973185585,1.3727875482361882,False,0,0,0
train,510024,0.34,1.8468785058446,-0.014630731403634328,0.6959678584588125,False,0,0,0
train,510024,0.42,1.9027358280257756,0.004930533994821004,0.8690262392980784,False,0,0,0
train,510024,0.5,23.27667749105863,0.01078166482072615,0.9996452380951385,False,0,0,0
train,510024,0.58,0.6310387477660192,-0.026751068996066087,1.1605716706663767,False,0,0,0
train,510024,0.66,-3.043269823750935,0.06545131905358517,1.3111690449581443,False,0,0,0
train,510025,0.34,-8.841102020258258,-0.006319704235786802,0.7188109001814267,False,0,0,0
train,510025,0.42,0.24044518946387483,0.009500704622414913,0.8164923120769166,False,0,0,0
train,510025,0.5,-0.36389616967211874,-0.01412689436245515,1.0410790649991435,False,0,0,0
train,510025,0.58,-0.23359832964920707,-0.071168740110001,1.1403668013116914,False,0,0,0
train,510025,0.66,0.6441508320107298,-0.0433803061222147,1.309858297076281,False,0,0,0
train,510026,0.34,-16.05706667721305,-0.009275994745683481,0.7096912137044831,False,0,0,0
train,510026,0.42,13.36384706297501,-9.46402948463565e-05,0.877171745841251,False,0,0,0
train,510026,0.5,2.9288590094149405,0.010966684129894738,1.0332522372910318,False,0,0,0
train,510026,0.58,-0.7543250084045633,0.05610075195148233,1.247647317792578,False,0,0,0
train,510026,0.66,-2.2656362245406894,-0.11735068810936336,1.449328260333421,False,0,0,0
train,510027,0.34,-233.79367270473702,0.008886195556571296,0.7144136070382118,False,0,0,0
train,510027,0.42,0.2813439378065011,-0.005287481508012172,0.8362263772164623,False,0,0,0
train,510027,0.5,0.3114866358040985,0.011984487084121836,1.001621074857478,False,0,0,0
train,510027,0.58,-0.5672124451343326,-0.017745988496539286,1.130963409643855,False,0,0,0
train,510027,0.66,1.335297738580386,-0.020866140855332616,1.4343339487683788,False,0,0,0
train,510028,0.34,0.9979051238140116,0.0024476763862013853,0.7358730583592391,False,0,0,0
train,510028,0.42,-3.9128267984078406,-0.009558408058991812,0.8639852809383726,False,0,0,0
train,510028,0.5,-0.09656481269735276,-0.026229387242847763,0.9588266971140802,False,0,0,0
train,510028,0.58,-0.8272048083391729,0.0021049687060399848,1.167012452639676,False,0,0,0
train,510028,0.66,13.38949519038845,0.02636336205848823,1.408070580282228,False,0,0,0
train,510029,0.34,-1.2835058469951375,0.016471632848067866,0.7160739428577948,False,0,0,0
train,510029,0.42,1.9785385010565832,0.04112228751513991,0.8491854625452021,False,0,0,0
train,510029,0.5,9.786026920183328,0.029871147774306078,1.0187888739227582,False,0,0,0
train,510029,0.58,-3.296859838064836,-0.02702378249642865,1.242875029486739,False,0,0,0
train,510029,0.66,-3.586681991234235,-0.03620476840885172,1.330673957419681,False,0,0,0
train,510030,0.34,-5.402315128201562,-0.025638041735644986,0.7113412254046736,False,0,0,0
train,510030,0.42,-0.36772739791639525,0.011688161203672885,0.8393637360997144,False,0,0,0
train,510030,0.5,0.2602506107369955,-0.00477292030702256,1.0034454458867232,False,0,0,0
train,510030,0.58,-6.284141090812535,0.045667831862180305,1.1555325149281457,False,0,0,0
train,510030,0.66,-4.474358232112934,-0.020592105308897588,1.41861483052794,False,0,0,0
train,510031,0.34,14.1339407296947,0.010688335679788476,0.7269043430783254,False,0,0,0
train,510031,0.42,0.7890362636592775,0.03006416562681069,0.848535144526036,False,0,0,0
train,510031,0.5,3.4010875631346282,0.032344002562629176,1.020361759699739,False,0,0,0
train,510031,0.58,-9.357783119082493,0.06892949216296279,1.1511072344727125,False,0,0,0
train,510031,0.66,207.54516418085393,-0.03475117481312598,1.4632453308758624,False,0,0,0
