beta,seed,x0,zero_count,max_abs,unit_error
1.0001,0,-0.014160997153009256,0,69206.80668179042,2.220446049250313e-16
1.0001,1,0.012799660183284583,0,53876.60144892301,2.220446049250313e-16
1.0001,2,0.0452054789159433,0,12619.861859940047,2.220446049250313e-16
1.0001,3,-0.008166370678516726,0,85898.87364782576,2.220446049250313e-16
1.0001,4,-0.031497158155152825,0,5842.7648894653385,2.220446049250313e-16
1.0001,5,0.01619636851986098,0,379192.15165760205,2.220446049250313e-16
1.0001,6,-0.014858115634822509,0,6997.17464409814,2.220446049250313e-16
1.0001,7,-0.07016131662253677,0,23172.49421179095,2.220446049250313e-16
1.0001,8,0.004338017246814353,0,19543.204538945472,2.220446049250313e-16
1.0001,9,-0.009346497753674618,0,785851.1734399416,2.220446049250313e-16
1.0001,10,0.031731544672830736,0,19577.54067116552,2.220446049250313e-16
1.0001,11,0.06167174769562117,0,821805.6011906762,2.220446049250313e-16
1.0001,12,-0.018167194471771907,0,90064.23894449638,2.220446049250313e-16
1.0001,13,-0.24466740994365913,0,159790.04528346856,2.220446049250313e-16
1.0001,14,-0.042499676340841966,0,6280.175295069621,2.220446049250313e-16
1.0001,15,2.645489365978796,0,7526.895981372987,2.220446049250313e-16
1.0001,16,0.018020575027421302,0,14443.654122244756,2.220446049250313e-16
1.0001,17,-2.487122402162854,0,11731.23119136218,2.220446049250313e-16
1.0001,18,0.01149451787146923,0,48987.29186229063,2.220446049250313e-16
1.0001,19,0.0227708393277161,0,96398.3214257834,2.220446049250313e-16
1.0001,20,0.07097834892019295,0,16224.94102628952,2.220446049250313e-16
1.0001,21,-0.01095443028104351,0,25393.555449843858,2.220446049250313e-16
1.0001,22,-0.03454127120108474,0,16504.33638313403,2.220446049250313e-16
1.0001,23,0.015054669650233695,0,7908.123643124954,2.220446049250313e-16
1.0001,24,0.005778115971173013,0,70068.4111751344,2.220446049250313e-16
1.0001,25,0.0016775168532690763,0,8869.272948544627,2.220446049250313e-16
1.0001,26,-0.030566467856002318,0,5153.084457162479,2.220446049250313e-16
1.0001,27,-0.010346053552425157,0,21232.508379693074,2.220446049250313e-16
1.0001,28,-0.051709078849124776,0,18198.593862565103,2.220446049250313e-16
1.0001,29,0.009687345082963504,0,8251.081685404515,2.220446049250313e-16
1.0001,30,-0.006362418175195,0,11839.30453626244,2.220446049250313e-16
1.0001,31,0.009477392831462074,0,13831.180921770872,2.220446049250313e-16
1.0001,32,0.01828348757943994,0,45250.70010912261,2.220446049250313e-16
1.0001,33,-0.005581985250622962,0,8766.643668533381,2.220446049250313e-16
1.0001,34,-0.3566059000779712,0,19613.36903077727,2.220446049250313e-16
1.0001,35,-0.06038823407122889,0,2800.0804965102993,2.220446049250313e-16
1.0001,36,0.2577473350695599,0,8367.712631862034,2.220446049250313e-16
1.0001,37,0.03524723272423114,0,27859.21952031429,2.220446049250313e-16
1.0001,38,-0.01631593535568666,0,37437.3493870456,2.220446049250313e-16
1.0001,39,-0.023841837572551015,0,18319.634694811226,2.220446049250313e-16
1.0001,40,0.04204796286197258,0,108851.21867790149,2.220446049250313e-16
1.0001,41,-0.026133230882243424,0,8746.180895966958,2.220446049250313e-16
1.0001,42,0.056457636089749075,0,10318.222187488986,2.220446049250313e-16
1.0001,43,-0.0672075225603585,0,53087.95361801175,2.220446049250313e-16
1.0001,44,-0.03379550662209453,0,6722.160720535497,2.220446049250313e-16
1.0001,45,0.015680727483459205,0,2916398.255915003,2.220446049250313e-16
1.0001,46,-0.011366290915456552,0,4309.369732462826,2.220446049250313e-16
1.0001,47,0.004253155712270588,0,4482.977126713489,2.220446049250313e-16
1.0001,48,0.047466064242692195,0,2912.6684195289627,2.220446049250313e-16
1.0001,49,-0.025902276163684432,0,48912.436318198845,2.220446049250313e-16
1.0001,50,-0.0489860784409489,0,4811.962849179817,2.220446049250313e-16
1.0001,51,-0.0052039111158796465,0,6724.266392300402,2.220446049250313e-16
1.0001,52,0.005298407585545274,0,15879.423449528795,2.220446049250313e-16
1.0001,53,-5.628826150631737,0,16065.901990149689,2.220446049250313e-16
1.0001,54,0.017525771971926753,0,348936.18705932057,2.220446049250313e-16
1.0001,55,-0.03494792680592468,0,10070.943260529242,2.220446049250313e-16
1.0001,56,-0.10468522494343915,0,26606.53093236748,2.220446049250313e-16
1.0001,57,-0.01954650886140987,0,5551.100398438266,2.220446049250313e-16
1.0001,58,0.0831353928851639,0,9473.017342334942,2.220446049250313e-16
1.0001,59,-0.13186503401862462,0,8930.370273309645,2.220446049250313e-16
1.0001,60,-0.0006316766152936225,0,17372.29166269887,2.220446049250313e-16
1.0001,61,-0.01330378206113495,0,15912.394815212385,2.220446049250313e-16
1.0001,62,-0.03202923263864991,0,16193.479721758007,2.220446049250313e-16
1.0001,63,-0.00475333976487957,0,5357469.249672851,2.220446049250313e-16
1.01,0,-0.18714288042335891,0,94190.93305595794,2.220446049250313e-16
1.01,1,-0.3283235197919105,0,462677.85330277303,2.220446049250313e-16
1.01,2,0.2642971893458627,0,1140826.3743751906,2.220446049250313e-16
1.01,3,-0.18857213860887823,0,685482.8377003955,2.220446049250313e-16
1.01,4,-0.020678522153610553,0,26125550.94218601,2.220446049250313e-16
1.01,5,-0.6041156994090133,0,76351.02899501057,2.220446049250313e-16
1.01,6,0.12697967598141305,0,365317.4903905668,2.220446049250313e-16
1.01,7,-0.16650179502485543,0,38289.1741135211,2.220446049250313e-16
1.01,8,-0.24206567042290675,0,30854.665104336895,2.220446049250313e-16
1.01,9,-0.00316867712736621,0,55546.111046104845,2.220446049250313e-16
1.01,10,0.16320488207577585,0,99105.72738797293,2.220446049250313e-16
1.01,11,0.8240477287145614,0,801475.5734273145,2.220446049250313e-16
1.01,12,-0.009323168511601232,0,96363.32875305183,2.220446049250313e-16
1.01,13,-0.58928216880704,0,120623.59805380784,2.220446049250313e-16
1.01,14,-13.673740841282019,0,133027.90917992144,2.220446049250313e-16
1.01,15,-0.09781997409415287,0,25892.135433293348,2.220446049250313e-16
1.01,16,-19.792132536851465,0,2861583.3936994947,2.220446049250313e-16
1.01,17,-0.14515465415869763,0,869396.5146543067,2.220446049250313e-16
1.01,18,0.05365477310442088,0,54413.8713222169,2.220446049250313e-16
1.01,19,3.2281926636279508,0,57830.47374686701,2.220446049250313e-16
1.01,20,0.049607694635804216,0,390273.05289661186,2.220446049250313e-16
1.01,21,0.0833865136064819,0,244842.38511690928,2.220446049250313e-16
1.01,22,0.19938029985306138,0,90225.63261570828,2.220446049250313e-16
1.01,23,0.22337732624842324,0,1067451.352204469,2.220446049250313e-16
1.01,24,-0.1306690872861104,0,203983.60165701903,2.220446049250313e-16
1.01,25,-0.09313630981464921,0,77982.67512074992,2.220446049250313e-16
1.01,26,-0.018255766417871563,0,49721.08135458364,2.220446049250313e-16
1.01,27,0.039668776826698955,0,135592.201233347,2.220446049250313e-16
1.01,28,0.5801776244743536,0,50451.096618242664,2.220446049250313e-16
1.01,29,-0.11531513302147813,0,77422.93816868369,2.220446049250313e-16
1.01,30,0.36096727553573893,0,146736.60925253504,2.220446049250313e-16
1.01,31,-0.02815077806439325,0,55517.05217010278,2.220446049250313e-16
1.01,32,2.834020308195259,0,90645.20650079961,2.220446049250313e-16
1.01,33,-0.37382766389932265,0,452969.07296402723,2.220446049250313e-16
1.01,34,-0.4804630239101245,0,75144.1856421738,2.220446049250313e-16
1.01,35,-0.03518311612641285,0,59081.891865164536,2.220446049250313e-16
1.01,36,0.26604648390286845,0,595882.6405337681,2.220446049250313e-16
1.01,37,-0.1942639517743529,0,167331.38702121095,2.220446049250313e-16
1.01,38,2.0884728876924394,0,66783.96316098164,2.220446049250313e-16
1.01,39,0.3124790840665644,0,141941.64446009626,2.220446049250313e-16
1.01,40,24.163302715069527,0,18102.883291183676,2.220446049250313e-16
1.01,41,0.10892453743467945,0,47314511.34207086,2.220446049250313e-16
1.01,42,0.4521833540070031,0,78683.91974824543,2.220446049250313e-16
1.01,43,-0.21432768368172167,0,98712.58575995543,2.220446049250313e-16
1.01,44,-0.029039118335415923,0,4949521.736086352,2.220446049250313e-16
1.01,45,-0.9970385379581482,0,60692.37430142154,2.220446049250313e-16
1.01,46,0.08996070399195732,0,3004734.257274289,2.220446049250313e-16
1.01,47,-1.2590304596253796,0,73560.5678524033,2.220446049250313e-16
1.01,48,0.28994824630316707,0,431060.0725507093,2.220446049250313e-16
1.01,49,-0.04961224543551738,0,185930.90905716,2.220446049250313e-16
1.01,50,-0.22967337948367467,0,74054.02025031981,2.220446049250313e-16
1.01,51,0.47974088494868083,0,37382.849751332964,2.220446049250313e-16
1.01,52,-0.4690041457861261,0,409845.0098386576,2.220446049250313e-16
1.01,53,-0.15843876030099804,0,269663.39036646375,2.220446049250313e-16
1.01,54,0.05367478430720287,0,184499.06014827976,2.220446049250313e-16
1.01,55,-0.5254930962010727,0,64207.901199482134,2.220446049250313e-16
1.01,56,0.32783116269689366,0,68367.92039402114,2.220446049250313e-16
1.01,57,-0.02997574282437499,0,2579355.402092964,2.220446049250313e-16
1.01,58,0.06365638877482183,0,8585257.415452836,2.220446049250313e-16
1.01,59,0.004217321360064001,0,810063.6202580965,2.220446049250313e-16
1.01,60,-0.0029497049010687205,0,476724.4160483711,2.220446049250313e-16
1.01,61,0.6716557543530781,0,397416.44663690554,2.220446049250313e-16
1.01,62,0.27590105889850997,0,92666.75699427722,2.220446049250313e-16
1.01,63,0.18467181478933395,0,52451.87248301006,2.220446049250313e-16
1.1,0,-0.2595041160051582,0,233214.0738110915,2.220446049250313e-16
1.1,1,-0.4707009431435835,0,175287.4531779602,2.220446049250313e-16
1.1,2,-0.021962648000812487,0,2533130.8833123185,2.220446049250313e-16
1.1,3,0.046240891174531236,0,178526.42218459278,2.220446049250313e-16
1.1,4,0.3509725534820529,0,581399.1300744084,2.220446049250313e-16
1.1,5,-2.5612718672913664,0,1059106.7909121064,2.220446049250313e-16
1.1,6,-0.09536215103123383,0,26379010.356843747,2.220446049250313e-16
1.1,7,-21.24297541791612,0,1870535.8289453064,2.220446049250313e-16
1.1,8,-6.008665856523882,0,382466.74715106166,2.220446049250313e-16
1.1,9,0.6304441220648866,0,1222267.4879029742,2.220446049250313e-16
1.1,10,4.040785985355203,0,1409003.38072121,2.220446049250313e-16
1.1,11,-0.1284707803970719,0,542489.3240674534,2.220446049250313e-16
1.1,12,0.3930188039838738,0,146416.31428697947,2.220446049250313e-16
1.1,13,-0.5842812889506257,0,1137859.215195008,2.220446049250313e-16
1.1,14,1.8914736665018714,0,997085.6528822223,2.220446049250313e-16
1.1,15,6.317867406638314,0,213567.10002312798,2.220446049250313e-16
1.1,16,10.025942842616962,0,304823.78916798416,2.220446049250313e-16
1.1,17,0.32622902426019634,0,171310.30156907922,2.220446049250313e-16
1.1,18,-0.6629641898492279,0,1674663.6287477151,2.220446049250313e-16
1.1,19,0.3647622450926684,0,104261.50398847513,2.220446049250313e-16
1.1,20,-0.44430870147204005,0,564395.8495264719,2.220446049250313e-16
1.1,21,0.2608960471669758,0,4632010.847904822,2.220446049250313e-16
1.1,22,-0.06601259956841295,0,684688.4427453544,2.220446049250313e-16
1.1,23,-0.47498436274995615,0,480874.4647358954,2.220446049250313e-16
1.1,24,0.971631977879297,0,670230.46742278,2.220446049250313e-16
1.1,25,-5.0606681784256855,0,763129.3243398542,2.220446049250313e-16
1.1,26,0.4973132720395297,0,288435.5287636863,2.220446049250313e-16
1.1,27,1.3922146124917418,0,648576.061551843,2.220446049250313e-16
1.1,28,3.171919278908546,0,203696.33094733526,2.220446049250313e-16
1.1,29,-0.09233816890272763,0,1838157.3785474945,2.220446049250313e-16
1.1,30,1.2496673715281836,0,270186.50086561363,2.220446049250313e-16
1.1,31,-0.5015342844299056,0,1365187.287796404,2.220446049250313e-16
1.1,32,0.021454963237244478,0,466934.35433551384,2.220446049250313e-16
1.1,33,-23.468496085992292,0,944458.0434787378,2.220446049250313e-16
1.1,34,1.372329217022657,0,154183.70705042145,2.220446049250313e-16
1.1,35,-0.4176725831401069,0,1811757.5590493917,2.220446049250313e-16
1.1,36,-0.12451210088633022,0,1724562.9360780679,2.220446049250313e-16
1.1,37,-0.7830086313185595,0,735288.0357265334,2.220446049250313e-16
1.1,38,0.07969864686043916,0,3882721.737469806,2.220446049250313e-16
1.1,39,0.9601884363765605,0,3642225.0659492835,2.220446049250313e-16
1.1,40,2.7718120877182604,0,1179842.7462891534,2.220446049250313e-16
1.1,41,-7.687018433014902,0,319141.1928839848,2.220446049250313e-16
1.1,42,1.249247850672964,0,246013.50550942938,2.220446049250313e-16
1.1,43,-0.47719878685945183,0,446081.1606862282,2.220446049250313e-16
1.1,44,-0.2779438194731997,0,8466887.046965465,2.220446049250313e-16
1.1,45,1.4866585744629088,0,185434.3839591055,2.220446049250313e-16
1.1,46,0.5781814900280927,0,384125.2773385536,2.220446049250313e-16
1.1,47,0.1463913523764855,0,157141.08219726023,2.220446049250313e-16
1.1,48,0.32036278251206457,0,596776.2843872539,2.220446049250313e-16
1.1,49,0.4867093489876179,0,4859324.060641625,2.220446049250313e-16
1.1,50,0.029514082248374887,0,81028.45780166404,2.220446049250313e-16
1.1,51,-0.02232382352565059,0,1755750.3351971111,2.220446049250313e-16
1.1,52,-0.8690866765209647,0,2618569.1142698308,2.220446049250313e-16
1.1,53,0.9853154420914898,0,545824.7487815465,2.220446049250313e-16
1.1,54,-0.2382132071478051,0,301326.40029600164,2.220446049250313e-16
1.1,55,1.4537733711032201,0,614601.7782350499,2.220446049250313e-16
1.1,56,7.489791158666332,0,566651.5988080723,2.220446049250313e-16
1.1,57,-0.35744189070105015,0,6702378.327482806,2.220446049250313e-16
1.1,58,0.5771197697530123,0,273477.37426443014,2.220446049250313e-16
1.1,59,0.47437552573045105,0,1123295.6076797377,2.220446049250313e-16
1.1,60,15.86464557572812,0,5080851.801029341,2.220446049250313e-16
1.1,61,0.8096821042067216,0,6343055.092290516,2.220446049250313e-16
1.1,62,0.04793720940495421,0,168917.30438702818,2.220446049250313e-16
1.1,63,0.32152815594377837,0,731910.9682871902,2.220446049250313e-16
2.0,0,-7.274085166002612,0,96452.80776183245,2.220446049250313e-16
2.0,1,-1.3365391883500448,0,1833264.5627888078,2.220446049250313e-16
2.0,2,-0.36182442866865744,0,297507.1786050578,2.220446049250313e-16
2.0,3,-0.6760049593006449,0,17405956.53853524,2.220446049250313e-16
2.0,4,-8.03330646475648,0,805150.9459131551,2.220446049250313e-16
2.0,5,5.1543378079826665,0,5085165.329546278,2.220446049250313e-16
2.0,6,1.7866252928801738,0,4461950.508438309,2.220446049250313e-16
2.0,7,0.5083195950845941,0,525455.0849242047,2.220446049250313e-16
2.0,8,3.0131521390782887,0,1283461.9411617257,2.220446049250313e-16
2.0,9,0.6084792541060231,0,11339263.48586519,2.220446049250313e-16
2.0,10,-0.33790663714612235,0,1185406.8444977573,2.220446049250313e-16
2.0,11,-0.18985297045368563,0,802880.9080715247,2.220446049250313e-16
2.0,12,-1.0401520340953756,0,3274065.628279406,2.220446049250313e-16
2.0,13,-0.5859280207853944,0,824029.8434979807,2.220446049250313e-16
2.0,14,0.009631659847157428,0,1283461.9411617257,2.220446049250313e-16
2.0,15,-0.604427026808909,0,192479.1846580386,2.220446049250313e-16
2.0,16,-0.9643826645574325,0,555385.8976237127,2.220446049250313e-16
2.0,17,-3.7375930910696074,0,592001.1938652224,2.220446049250313e-16
2.0,18,-2.5313054931729133,0,319659.8816581496,2.220446049250313e-16
2.0,19,2.314621699886576,0,628338.0653414549,2.220446049250313e-16
2.0,20,-0.5912628284451082,0,461660.8432282869,2.220446049250313e-16
2.0,21,-0.14064418175025586,0,1250055.7451087101,2.220446049250313e-16
2.0,22,0.12304863382405079,0,1048898.6645113206,2.220446049250313e-16
2.0,23,1.0333228852244096,0,127791.44165764206,2.220446049250313e-16
2.0,24,-1.309059249029997,0,392522.93599642586,2.220446049250313e-16
2.0,25,-2.8622673755376202,0,574074.6210988865,2.220446049250313e-16
2.0,26,2.700781378651943,0,358876.18190198287,2.220446049250313e-16
2.0,27,1.9194573145000344,0,9740224.918751705,2.220446049250313e-16
2.0,28,0.9522629173312438,0,1241374.733076029,2.220446049250313e-16
2.0,29,0.899028070886905,0,453880.62074563984,2.220446049250313e-16
2.0,30,-6.998482896227256,0,898230.6238837384,2.220446049250313e-16
2.0,31,-7.322695254297415,0,402461.25361508393,2.220446049250313e-16
2.0,32,0.90973994071464,0,176892.09941978074,2.220446049250313e-16
2.0,33,-2.1241294787776654,0,514553.2556595321,2.220446049250313e-16
2.0,34,-3.635251355123948,0,318797.56743593037,2.220446049250313e-16
2.0,35,-5.571938925368534,0,944310.6062594155,2.220446049250313e-16
2.0,36,-0.2134850330597344,0,1569074.3597327527,2.220446049250313e-16
2.0,37,0.3885852925227071,0,697571.7330930794,2.220446049250313e-16
2.0,38,-1.1785044684289627,0,6173182.6212016875,2.220446049250313e-16
2.0,39,-4.44730351818163,0,682663.566000574,2.220446049250313e-16
2.0,40,-7.320325268491019,0,1003887.7724075349,2.220446049250313e-16
2.0,41,0.48377013341016456,0,878292.987147575,2.220446049250313e-16
2.0,42,-0.6144041374689538,0,3206235.2931080023,2.220446049250313e-16
2.0,43,0.32939556619021776,0,4868658.823201605,2.220446049250313e-16
2.0,44,-1.931213414373704,0,3292892.084108924,2.220446049250313e-16
2.0,45,2.614257585504967,0,4143893.571614392,2.220446049250313e-16
2.0,46,0.47859334290177014,0,728072.4530880775,2.220446049250313e-16
2.0,47,0.22346243359230378,0,1739352.3663094128,2.220446049250313e-16
2.0,48,-12.012382467865068,0,1971477.3293438968,2.220446049250313e-16
2.0,49,-36.69385143344349,0,1156457.9797894203,2.220446049250313e-16
2.0,50,0.5476403403447251,0,375170.31408783334,2.220446049250313e-16
2.0,51,0.59812083522268,0,609354.324370719,2.220446049250313e-16
2.0,52,-0.24052325064188737,0,217463.23302222887,2.220446049250313e-16
2.0,53,-0.38525176791040383,0,762488.5006699418,2.220446049250313e-16
2.0,54,-1.396276024359691,0,588810.6144329511,2.220446049250313e-16
2.0,55,-2.895290666109734,0,9082469.718927534,2.220446049250313e-16
2.0,56,-0.649117679261147,0,2365547.2669048687,2.220446049250313e-16
2.0,57,0.4638482942220102,0,3079278.884556921,2.220446049250313e-16
2.0,58,0.36104545455834874,0,298665.9073901726,2.220446049250313e-16
2.0,59,2.379644328252752,0,4537923.194026091,2.220446049250313e-16
2.0,60,-0.05019534069478666,0,6581612.727716526,2.220446049250313e-16
2.0,61,-0.7401709356511706,0,297432.9300622232,2.220446049250313e-16
2.0,62,-1.5385925201277728,0,167830.0711637181,2.220446049250313e-16
2.0,63,0.6012027421231617,0,871454.0756211163,2.220446049250313e-16
